IncidentID,AgencyORI,AgencyName,IncidentStatusDesc,County,RdwyNumber,Street,RoadwayName,StreetSfx,StreetDir,IntersectionRdwy,IntersectionRdwyName,BetweenStRdwy1,BetweenStRdwyName1,BetweenStRdwy2,BetweenStRdwyName2,Latitude,Longitude,Milepoint,CollisionDate,CollisionTime,UnitsInvolved,MotorVehiclesInvolved,NumberKilled,NumberInjured,Weather,RdwyConditionCode,HitandRun,DirAnalysisCode,MannerofCollision,RdwyCharacter,LightCondition,RampFromRdwyId,RampToRdwyId,AcceptedDate,IsSecondaryCollision,OwnerBadge,IncidentStatus,
30034172,0568000,LOUISVILLE METRO POLICE DEPT,Accepted,JEFFERSON,KY2052,,SHEPHERDSVILLE,RD,,,MILE OF SUNSHINE,,,,,38.150429635,-85.659822241,0.813,5/6/2022 12:00:00 AM,0750,3,3,0,2,CLEAR,WET,False,NON-COLLISION OBJECT COLLISION,ANGLE,STRAIGHT & LEVEL,DAYLIGHT,,,5/9/2022 8:22:16 AM,False,5275,Accepted,
30034189,0568000,LOUISVILLE METRO POLICE DEPT,Accepted,JEFFERSON,US0031E,3610,BUECHEL,BYP,,,,,,,,38.199251260,-85.662097316,11.074,5/6/2022 12:00:00 AM,1232,2,2,0,0,CLOUDY,DRY,False,OTHER ROADWAY OR MID-BLOCK COLLISION,OPPOSING LEFT TURN,STRAIGHT & LEVEL,DAYLIGHT,,,5/9/2022 8:23:28 AM,False,7739,Accepted,
30034188,0568000,LOUISVILLE METRO POLICE DEPT,Accepted,JEFFERSON,KY0061,,PRESTON,HWY,,KY1065,OUTER,,,,,38.138819969,-85.687121680,3.988,5/6/2022 12:00:00 AM,1234,2,2,0,0,CLOUDY,DRY,True,OTHER INTERSECTION COLLISIONS,REAR TO REAR,STRAIGHT & LEVEL,DAYLIGHT,,,5/9/2022 8:23:24 AM,False,5101,Accepted,
30034196,0568000,LOUISVILLE METRO POLICE DEPT,Accepted,JEFFERSON,,,LEXINGTON,RD,,,,US0031E,BAXTER,,HAMILTON,38.248481104,-85.730684845,0.133,5/6/2022 12:00:00 AM,1416,3,3,0,0,CLOUDY,DRY,True,1 VEHICLE PARKED POSITION (NOT PARKING LOT/DRIVEWAY),REAR END,STRAIGHT & LEVEL,DAYLIGHT,,,5/9/2022 8:23:57 AM,False,2100,Accepted,
30034205,0568000,LOUISVILLE METRO POLICE DEPT,Accepted,JEFFERSON,I 0264,,I264 W,,,,,,,,,38.188394044,-85.784199326,9.176,5/6/2022 12:00:00 AM,1751,3,3,0,1,RAINING,WET,False,REAR END IN TRAFFIC LANES BOTH VEHICLES MOVING,REAR END,STRAIGHT & LEVEL,DAYLIGHT,,,5/9/2022 8:24:38 AM,False,7360,Accepted,
30031106,0560300,ST. MATTHEWS POLICE DEPARTMENT,Accepted,JEFFERSON,US0060,,SHELBYVILLE,RD,,,,,,,,38.250326538,-85.622711978,5.351,5/6/2022 12:00:00 AM,1100,2,2,0,0,CLOUDY,DRY,False,SIDESWIPE COLLISION - SAME DIRECTION,SIDESWIPE-SAME DIRECTION,STRAIGHT & LEVEL,DAYLIGHT,,,5/8/2022 8:41:33 AM,False,9131,Accepted,
30034197,0568000,LOUISVILLE METRO POLICE DEPT,Accepted,JEFFERSON,I 0265,,I265 N,,,,,,,,,38.288290041,-85.531619907,31.413,5/6/2022 12:00:00 AM,1555,1,1,0,1,CLOUDY,DRY,False,OTHER ROADWAY OR MID-BLOCK COLLISION,SINGLE VEHICLE,CURVE & LEVEL,DAYLIGHT,,,5/9/2022 8:24:00 AM,False,7622,Accepted,
30034198,0568000,LOUISVILLE METRO POLICE DEPT,Accepted,JEFFERSON,,11312,BRENTLINGER,LN,,,,,,,,38.134190083,-85.551011293,1.587,5/6/2022 12:00:00 AM,1530,1,1,0,0,RAINING,WET,False,COLLISION WITH FIXED OBJECT NON - INTERSECTION - FIRST EVENT COLLISION 09 - 32 EXCLUDING 16,SINGLE VEHICLE,CURVE & GRADE,DAYLIGHT,,,5/9/2022 8:24:05 AM,False,2321,Accepted,
30034199,0568000,LOUISVILLE METRO POLICE DEPT,Accepted,JEFFERSON,KY0061,,PRESTON,HWY,,,,,GILMORE,,ROSE,38.175058887,-85.713157449,6.916,5/6/2022 12:00:00 AM,0917,2,2,0,0,CLEAR,DRY,False,REAR END IN TRAFFIC LANES BOTH VEHICLES MOVING,REAR END,STRAIGHT & LEVEL,DAYLIGHT,,,5/9/2022 8:24:10 AM,False,7451,Accepted,
30034207,0568000,LOUISVILLE METRO POLICE DEPT,Accepted,JEFFERSON,I 0265,,I265 W,,,,,I 0265,I265 W EXIT17 OFF RAMP TO US31E,I 0265,I265 W EXIT19 ON RAMP FROM KY1819,38.142001183,-85.568063368,18.130,5/6/2022 12:00:00 AM,2353,1,1,0,0,CLOUDY,WET,False,OTHER COLLISIONS ON SHOULDER,SINGLE VEHICLE,STRAIGHT & GRADE,DARK-HWY NOT LIGHTED,,,5/9/2022 8:24:49 AM,False,6028,Accepted,
30034208,0568000,LOUISVILLE METRO POLICE DEPT,Accepted,JEFFERSON,KY2054,,ALGONQUIN,PKWY,,CS1028F,16TH,,,,,38.222178846,-85.782823307,2.169,5/6/2022 12:00:00 AM,2251,2,2,0,2,RAINING,WET,False,OTHER ROADWAY OR MID-BLOCK COLLISION,OPPOSING LEFT TURN,STRAIGHT & HILLCREST,DARK-HWY LIGHTED/ON,,,5/9/2022 8:24:54 AM,False,5384,Accepted,
30024731,0568000,LOUISVILLE METRO POLICE DEPT,Accepted,JEFFERSON,I 0064,,I64 E,,,,,I 0064,I64 E EXIT8 ON RAMP FROM  GRINSTEAD DR,I 0064,I64 TURN AROUND9,38.241863799,-85.692313912,8.650,5/6/2022 12:00:00 AM,0320,1,1,0,1,RAINING,WET,False,COLLISION WITH FIXED OBJECT NON - INTERSECTION - FIRST EVENT COLLISION 09 - 32 EXCLUDING 16,SINGLE VEHICLE,CURVE & LEVEL,DARK-HWY LIGHTED/ON,,,5/6/2022 7:20:30 AM,False,7049,Accepted,
30024732,0568000,LOUISVILLE METRO POLICE DEPT,Accepted,JEFFERSON,US0031E,,BAXTER,AVE,,,PAYNE,,,,,38.246260137,-85.728957882,16.135,5/6/2022 12:00:00 AM,0307,2,2,0,0,RAINING,WET,True,ANGLE COLLISION - OTHER,ANGLE,STRAIGHT & LEVEL,DARK-HWY LIGHTED/OFF,,,5/6/2022 7:20:34 AM,False,5250,Accepted,
30034245,0568000,LOUISVILLE METRO POLICE DEPT,Accepted,JEFFERSON,,671,ST CATHERINE,ST,E,,,,,,,38.235150240,-85.744851463,0.733,5/6/2022 12:00:00 AM,0929,3,3,0,0,CLEAR,DRY,False,1 VEHICLE PARKED POSITION (NOT PARKING LOT/DRIVEWAY),SIDESWIPE-SAME DIRECTION,STRAIGHT & LEVEL,DAYLIGHT,,,5/9/2022 8:27:40 AM,False,5422,Accepted,
30034252,0568000,LOUISVILLE METRO POLICE DEPT,Accepted,JEFFERSON,,,BURNETT,AVE,E,,,,PRESTON,,MARIE,38.226225044,-85.751545963,0.285,5/6/2022 12:00:00 AM,0420,1,1,0,0,RAINING,WET,False,OTHER ROADWAY OR MID-BLOCK COLLISION,SINGLE VEHICLE,CURVE & LEVEL,DARK-HWY LIGHTED/ON,,,5/9/2022 8:27:59 AM,False,7527,Accepted,
30034228,0568000,LOUISVILLE METRO POLICE DEPT,Accepted,JEFFERSON,,937,PHILLIPS,LN,,,,,,,,38.193809707,-85.739200820,0.770,5/6/2022 12:00:00 AM,1440,2,2,0,0,RAINING,WET,False,COLLISION IN PARKING LOT,BACKING,STRAIGHT & LEVEL,DAYLIGHT,,,5/9/2022 8:26:35 AM,False,7089,Accepted,
30034229,0568000,LOUISVILLE METRO POLICE DEPT,Accepted,JEFFERSON,,,7TH,ST,S,,SHIPP,,,,,38.226196086,-85.769300236,0.615,5/6/2022 12:00:00 AM,0947,2,2,0,0,CLOUDY,DRY,True,ANGLE COLLISION - ONE VEHICLE TURNING LEFT,ANGLE,CURVE & LEVEL,DAYLIGHT,,,5/9/2022 8:26:38 AM,False,7468,Accepted,
30034192,0568000,LOUISVILLE METRO POLICE DEPT,Accepted,JEFFERSON,KY1065,,OUTER,LOOP,,,LONE OAK,,,,,38.137508188,-85.690190719,5.856,5/6/2022 12:00:00 AM,1500,2,2,0,0,RAINING,WET,False,OTHER INTERSECTION COLLISIONS,REAR END,STRAIGHT & LEVEL,DAYLIGHT,,,5/9/2022 8:23:40 AM,False,5101,Accepted,
30034200,0568000,LOUISVILLE METRO POLICE DEPT,Accepted,JEFFERSON,I 0265,,I265 E,,,,,I 0265,I265 E EXIT14 ON RAMP FROM  SMYRNA PKWY,I 0265,I265 E EXIT15 OFF RAMP TO KY864,38.119376609,-85.634813614,14.029,5/6/2022 12:00:00 AM,1529,2,2,0,0,RAINING,WET,False,REAR END IN TRAFFIC LANES BOTH VEHICLES MOVING,REAR END,STRAIGHT & LEVEL,DAYLIGHT,,,5/9/2022 8:24:15 AM,False,7989,Accepted,
30034225,0568000,LOUISVILLE METRO POLICE DEPT,Accepted,JEFFERSON,I 0065,,I65 N,,,,,I 0064,I64 N EXIT137 RAMP TO I64 W,I 0065,I65 N EXIT136 ON RAMP,38.256174131,-85.741872344,136.284,5/6/2022 12:00:00 AM,1718,1,1,0,1,RAINING,WET,False,OTHER ROADWAY OR MID-BLOCK COLLISION,SINGLE VEHICLE,STRAIGHT & LEVEL,DAYLIGHT,,,5/9/2022 8:26:20 AM,False,7058,Accepted,
30034226,0568000,LOUISVILLE METRO POLICE DEPT,Accepted,JEFFERSON,KY1934,,GREENBELT,HWY,,KY1931,GREENWOOD,,,,,38.146941640,-85.886364770,4.446,5/6/2022 12:00:00 AM,1316,2,2,0,1,CLOUDY,OTHER,False,ANGLE COLLISION - OTHER,ANGLE,STRAIGHT & LEVEL,DAYLIGHT,,,5/9/2022 8:26:26 AM,False,7336,Accepted,
30034227,0568000,LOUISVILLE METRO POLICE DEPT,Accepted,JEFFERSON,KY1931,,GREENWOOD,RD,,KY1727,TERRY,,,,,38.144659867,-85.872048092,1.394,5/6/2022 12:00:00 AM,1617,2,2,0,0,CLOUDY,OTHER,False,OPPOSING LEFT TURN,OPPOSING LEFT TURN,STRAIGHT & LEVEL,DAYLIGHT,,,5/9/2022 8:26:30 AM,False,7336,Accepted,
30034204,0568000,LOUISVILLE METRO POLICE DEPT,Accepted,JEFFERSON,I 0071,,I71 N,,,I 0265,I265 S,,,,,38.314778019,-85.581786149,9.095,5/6/2022 12:00:00 AM,0602,2,2,0,0,,WET,True,SIDESWIPE-SAME DIRECTION,SIDESWIPE-SAME DIRECTION,STRAIGHT & LEVEL,,,,5/9/2022 8:24:32 AM,False,5228,Accepted,
30034219,0568000,LOUISVILLE METRO POLICE DEPT,Accepted,JEFFERSON,,1812,SHADY,LN,,,,,NORRIS,,FERNWOOD,38.228110207,-85.708643813,0.115,5/6/2022 12:00:00 AM,2330,5,5,0,0,RAINING,WET,False,1 VEHICLE PARKED POSITION (NOT PARKING LOT/DRIVEWAY),SIDESWIPE-SAME DIRECTION,STRAIGHT & LEVEL,DARK-HWY LIGHTED/ON,,,5/9/2022 8:25:54 AM,False,7049,Accepted,
30034211,0568000,LOUISVILLE METRO POLICE DEPT,Accepted,JEFFERSON,,,23RD,ST,S,,,,ORMSBY,,DUMESNIL,38.236145076,-85.792731942,1.241,5/6/2022 12:00:00 AM,1920,2,2,0,0,RAINING,WET,False,1 VEHICLE PARKED POSITION (NOT PARKING LOT/DRIVEWAY),BACKING,STRAIGHT & LEVEL,DAYLIGHT,,,5/9/2022 8:25:17 AM,False,7209,Accepted,
30034212,0568000,LOUISVILLE METRO POLICE DEPT,Accepted,JEFFERSON,,,LONGFIELD,AVE,,,,,,,,38.198681290,-85.784745683,0.887,5/6/2022 12:00:00 AM,2240,3,3,0,0,RAINING,WET,False,1 VEHICLE PARKED POSITION (NOT PARKING LOT/DRIVEWAY),HEAD ON,STRAIGHT & LEVEL,DARK-HWY NOT LIGHTED,,,5/9/2022 8:25:21 AM,False,5401,Accepted,
30034193,0568000,LOUISVILLE METRO POLICE DEPT,Accepted,JEFFERSON,,,TRADE PORT,DR,,,,,,,,38.124532844,-85.889718889,0.479,5/6/2022 12:00:00 AM,1511,2,2,0,0,RAINING,WET,False,REAR END IN TRAFFIC LANES BOTH VEHICLES MOVING,REAR END,STRAIGHT & LEVEL,DAYLIGHT,,,5/9/2022 8:23:44 AM,False,7244,Accepted,
30034194,0568000,LOUISVILLE METRO POLICE DEPT,Accepted,JEFFERSON,,,DEERING,RD,,,PIERCE,,,,,38.089141863,-85.869428592,1.381,5/6/2022 12:00:00 AM,1428,2,2,0,0,RAINING,WET,False,ANGLE COLLISION - OTHER,ANGLE,STRAIGHT & LEVEL,DAYLIGHT,,,5/9/2022 8:23:49 AM,False,2936,Accepted,
30034195,0568000,LOUISVILLE METRO POLICE DEPT,Accepted,JEFFERSON,KY1934,,CANE RUN,RD,,KY2051,LEES,,,,,38.183864024,-85.855510936,7.735,5/6/2022 12:00:00 AM,1449,2,2,0,0,CLOUDY,WET,False,ANGLE COLLISION - OTHER,ANGLE,STRAIGHT & LEVEL,DAYLIGHT,,,5/9/2022 8:23:53 AM,False,5355,Accepted,
30034201,0568000,LOUISVILLE METRO POLICE DEPT,Accepted,JEFFERSON,US0031E,5019,BARDSTOWN,RD,,,,,,,,38.176913160,-85.619143490,8.189,5/6/2022 12:00:00 AM,1637,1,1,0,1,CLOUDY,WET,False,RAN OFF ROADWAY (1 VEHICLE WITH/EARTH EMBANKMENT/DITCH),SINGLE VEHICLE,STRAIGHT & LEVEL,DAYLIGHT,,,5/9/2022 8:24:19 AM,False,7864,Accepted,
30034202,0568000,LOUISVILLE METRO POLICE DEPT,Accepted,JEFFERSON,US0042,,BROWNSBORO,RD,,,REBEL,,,,,38.260279630,-85.686760705,2.688,5/6/2022 12:00:00 AM,1056,2,2,0,1,CLEAR,DRY,False,OPPOSING LEFT TURN,OPPOSING LEFT TURN,STRAIGHT & HILLCREST,DAYLIGHT,,,5/9/2022 8:24:23 AM,False,7128,Accepted,
30034187,0568000,LOUISVILLE METRO POLICE DEPT,Accepted,JEFFERSON,US0060,,FRANKFORT,AVE,,,HALDEMAN,,,,,38.255587315,-85.712888919,0.377,5/6/2022 12:00:00 AM,0726,2,2,0,1,CLOUDY,WET,False,OTHER INTERSECTION COLLISIONS,REAR END,STRAIGHT & LEVEL,DAYLIGHT,,,5/9/2022 8:23:20 AM,False,7028,Accepted,
30024726,0568000,LOUISVILLE METRO POLICE DEPT,Accepted,JEFFERSON,I 0064,,I64 W,,,I 0064,I64 W EXIT12 RAMP TO I264 E,,,,,38.234694434,-85.613035533,12.839,5/6/2022 12:00:00 AM,0008,4,4,0,0,RAINING,WATER (STANDING OR MOVING),False,OTHER INTERSECTION COLLISIONS,REAR END,STRAIGHT & LEVEL,DARK-HWY NOT LIGHTED,,,5/6/2022 7:20:09 AM,False,7984,Accepted,
30024728,0568000,LOUISVILLE METRO POLICE DEPT,Accepted,JEFFERSON,I 0071,,I71 N,,,,,,,,,38.283375067,-85.683552987,2.797,5/6/2022 12:00:00 AM,0311,2,2,0,2,CLEAR,WET,False,REAR END IN TRAFFIC LANES BOTH VEHICLES MOVING,REAR END,STRAIGHT & LEVEL,DARK-HWY NOT LIGHTED,,,5/6/2022 7:20:18 AM,False,5029,Accepted,
30024733,0568000,LOUISVILLE METRO POLICE DEPT,Accepted,JEFFERSON,I 0265,,I265 N,,,,,,,,,38.223677488,-85.505653270,25.513,5/6/2022 12:00:00 AM,0420,2,2,0,0,RAINING,WET,False,SIDESWIPE COLLISION - SAME DIRECTION,SIDESWIPE-SAME DIRECTION,STRAIGHT & LEVEL,DARK-HWY LIGHTED/ON,,,5/6/2022 7:20:39 AM,False,5329,Accepted,
30038891,0568000,LOUISVILLE METRO POLICE DEPT,Accepted,JEFFERSON,,,1ST,ST,S,,,,BURNETT,,HILL BEND,38.226583993,-85.756724872,2.030,5/6/2022 12:00:00 AM,1159,2,2,0,0,CLOUDY,WET,False,1 VEHICLE PARKED POSITION (NOT PARKING LOT/DRIVEWAY),SIDESWIPE-SAME DIRECTION,STRAIGHT & LEVEL,DAYLIGHT,,,5/10/2022 8:17:32 AM,False,7619,Accepted,
30045415,0568000,LOUISVILLE METRO POLICE DEPT,Accepted,JEFFERSON,KY1934,,GREENBELT,HWY,,,RAGGARD,,,,,38.174564128,-85.871168465,6.617,5/6/2022 12:00:00 AM,1630,2,2,0,2,CLEAR,DRY,False,OPPOSING LEFT TURN,OPPOSING LEFT TURN,STRAIGHT & LEVEL,DAYLIGHT,,,5/11/2022 8:24:35 AM,False,7524,Accepted,
30063640,0568000,LOUISVILLE METRO POLICE DEPT,Accepted,JEFFERSON,I 0264,,I264 W,,,,,I 0065,I264 W EXIT12 OFF RAMP TO,I 0264,I264 W EXIT14 ON RAMP FROM KY864,38.193086546,-85.711961673,13.082,5/6/2022 12:00:00 AM,1608,3,3,0,2,CLEAR,DRY,True,SIDESWIPE COLLISION - SAME DIRECTION,SIDESWIPE-SAME DIRECTION,STRAIGHT & LEVEL,DAYLIGHT,,,5/16/2022 8:32:06 AM,False,7938,Accepted,
30077514,0568000,LOUISVILLE METRO POLICE DEPT,Accepted,JEFFERSON,US0031W,,MARKET,ST,W,US0031E,3RD,,,,,38.255058322,-85.755123992,21.943,5/6/2022 12:00:00 AM,1000,2,2,0,0,CLEAR,DRY,True,COLLISION IN PARKING LOT,SIDESWIPE-SAME DIRECTION,,DAYLIGHT,,,5/19/2022 8:16:13 AM,False,7191,Accepted,
30082099,0568000,LOUISVILLE METRO POLICE DEPT,Accepted,JEFFERSON,US0150,500 BLOCK,BROADWAY,,E,,,,,,,38.245119562,-85.745091293,3.057,5/6/2022 12:00:00 AM,1351,2,1,0,1,CLOUDY,DRY,False,COLLISION WITH BICYCLIST NON INTERSECTION,SINGLE VEHICLE,STRAIGHT & LEVEL,DAYLIGHT,,,5/20/2022 9:22:08 AM,False,5338,Accepted,
30063506,0568000,LOUISVILLE METRO POLICE DEPT,Accepted,JEFFERSON,I 0264,,I264 W,,,,,I 0065,I264 W EXIT12 OFF RAMP TO,I 0264,I264 W EXIT14 ON RAMP FROM KY864,38.191233537,-85.717080945,12.774,5/6/2022 12:00:00 AM,1645,3,3,0,1,CLEAR,DRY,False,REAR END IN TRAFFIC LANES BOTH VEHICLES MOVING,REAR END,STRAIGHT & LEVEL,DAYLIGHT,,,5/16/2022 8:23:59 AM,False,7938,Accepted,
30034312,0568000,LOUISVILLE METRO POLICE DEPT,Accepted,JEFFERSON,US0060,3200,FRANKFORT,AVE,,,,,BLACKBURN,,MCCREADY,38.254333203,-85.675346714,2.466,5/6/2022 12:00:00 AM,0032,5,5,0,0,CLOUDY,WET,False,1 VEHICLE PARKED POSITION (NOT PARKING LOT/DRIVEWAY),REAR END,STRAIGHT & LEVEL,DARK-HWY LIGHTED/ON,,,5/9/2022 8:34:19 AM,False,2034,Accepted,
30034286,0568000,LOUISVILLE METRO POLICE DEPT,Accepted,JEFFERSON,US0031W,,22ND,ST,S,,DUMESNIL,,,,,38.236539928,-85.790372901,18.658,5/6/2022 12:00:00 AM,1830,2,2,0,0,CLOUDY,WET,True,VEHICLE BACKING IN INTERSECTION,BACKING,STRAIGHT & LEVEL,DAYLIGHT,,,5/9/2022 8:31:26 AM,False,7716,Accepted,
30054016,0568000,LOUISVILLE METRO POLICE DEPT,Accepted,JEFFERSON,KY0061,,PRESTON,HWY,,,,,VIM,,PARK BROOK,38.171992006,-85.709953989,6.628,5/5/2022 12:00:00 AM,1736,2,2,0,0,CLEAR,DRY,False,REAR END IN TRAFFIC LANES BOTH VEHICLES MOVING,REAR END,STRAIGHT & LEVEL,DAYLIGHT,,,5/13/2022 8:25:32 AM,False,7938,Accepted,
30034177,0568000,LOUISVILLE METRO POLICE DEPT,Accepted,JEFFERSON,,5500,APPLEGATE,LN,,,SHEPHERDSVILLE,,,,,38.134709064,-85.658918134,0.001,5/5/2022 12:00:00 AM,1740,2,2,0,0,CLEAR,DRY,False,OTHER INTERSECTION COLLISIONS,REAR END,STRAIGHT & LEVEL,DAYLIGHT,,,5/9/2022 8:22:34 AM,False,7799,Accepted,
30034185,0568000,LOUISVILLE METRO POLICE DEPT,Accepted,JEFFERSON,,,26TH,ST,S,,,,,,,38.238935295,-85.796113393,1.491,5/5/2022 12:00:00 AM,1519,2,2,0,1,CLEAR,DRY,False,1 VEHICLE ENTERING/LEAVING ENTRANCE,ANGLE,STRAIGHT & LEVEL,DAYLIGHT,,,5/9/2022 8:23:12 AM,False,5114,Accepted,
30034186,0568000,LOUISVILLE METRO POLICE DEPT,Accepted,JEFFERSON,US0042,,US42,,,,WOODSTONE,,,,,38.309028457,-85.627067208,7.910,5/5/2022 12:00:00 AM,1245,1,1,0,0,CLOUDY,WET,False,COLLISION WITH FIXED OBJECT IN INTERSECTION - FIRST EVENT COLLISION 09 - 32,SINGLE VEHICLE,STRAIGHT & GRADE,DAYLIGHT,,,5/9/2022 8:23:16 AM,False,7631,Accepted,
30024718,0568000,LOUISVILLE METRO POLICE DEPT,Accepted,JEFFERSON,,,MUHAMMAD ALI,BLVD,W,,28TH,,,,,38.255530662,-85.797221780,2.455,5/5/2022 12:00:00 AM,0653,2,2,0,1,CLEAR,DRY,False,ANGLE COLLISION - OTHER,ANGLE,STRAIGHT & LEVEL,DAWN,,,5/6/2022 7:19:39 AM,False,7325,Accepted,
30024719,0568000,LOUISVILLE METRO POLICE DEPT,Accepted,JEFFERSON,,,28TH,ST,S,,MAGAZINE,,,,,38.252040141,-85.797834708,0.626,5/5/2022 12:00:00 AM,1500,2,2,0,0,CLOUDY,DRY,True,ANGLE COLLISION - OTHER,ANGLE,STRAIGHT & LEVEL,DAYLIGHT,,,5/6/2022 7:19:42 AM,False,7325,Accepted,
30024724,0568000,LOUISVILLE METRO POLICE DEPT,Accepted,JEFFERSON,US0060A,,GRINSTEAD,DR,,,ETLEY,,,,,38.244041931,-85.704246200,7.829,5/5/2022 12:00:00 AM,2233,4,4,0,1,CLOUDY,WET,True,OPPOSITE DIRECTION - BOTH VEHICLES GOING STRAIGHT AHEAD,SIDESWIPE-OPPOSITE DIRECTION,STRAIGHT & LEVEL,DARK-HWY LIGHTED/ON,,,5/6/2022 7:20:01 AM,True,2816,Accepted,
30024694,0568000,LOUISVILLE METRO POLICE DEPT,Accepted,JEFFERSON,KY1865,3650,TAYLOR,BLVD,,,,,,,,38.192069473,-85.783246355,5.905,5/5/2022 12:00:00 AM,1158,2,2,0,0,CLEAR,DRY,True,REAR END IN TRAFFIC LANES BOTH VEHICLES MOVING,REAR END,STRAIGHT & LEVEL,DAYLIGHT,,,5/6/2022 7:18:12 AM,False,5252,Accepted,
30024700,0568000,LOUISVILLE METRO POLICE DEPT,Accepted,JEFFERSON,KY1931,,GREENWOOD,RD,,,,,,,,38.144538708,-85.865545993,1.728,5/5/2022 12:00:00 AM,1427,2,2,0,0,CLOUDY,DRY,False,REAR END IN TRAFFIC LANES BOTH VEHICLES MOVING,REAR END,STRAIGHT & LEVEL,DAYLIGHT,,,5/6/2022 7:18:28 AM,False,2311,Accepted,
30024702,0568000,LOUISVILLE METRO POLICE DEPT,Accepted,JEFFERSON,US0060A,,BERRY,BLVD,,,,,,,,38.196345079,-85.783923583,1.418,5/5/2022 12:00:00 AM,1420,2,2,0,0,CLOUDY,DRY,True,1 VEHICLE ENTERING/LEAVING ENTRANCE,ANGLE,STRAIGHT & LEVEL,DAYLIGHT,,,5/6/2022 7:18:31 AM,False,4693,Accepted,
30024703,0568000,LOUISVILLE METRO POLICE DEPT,Accepted,JEFFERSON,,7803,BRAMBLE,LN,,,,,,,,38.140679294,-85.855377062,0.221,5/5/2022 12:00:00 AM,1257,2,2,0,2,CLOUDY,DRY,False,1 VEHICLE PARKED POSITION (NOT PARKING LOT/DRIVEWAY),ANGLE,CURVE & LEVEL,DAYLIGHT,,,5/6/2022 7:18:36 AM,False,2936,Accepted,
30024708,0568000,LOUISVILLE METRO POLICE DEPT,Accepted,JEFFERSON,,3814,VERMONT,AVE,,,,,,,,38.256575494,-85.814708544,0.772,5/5/2022 12:00:00 AM,1050,2,2,0,1,CLEAR,DRY,False,1 VEHICLE PARKED POSITION (NOT PARKING LOT/DRIVEWAY),ANGLE,STRAIGHT & LEVEL,DAYLIGHT,,,5/6/2022 7:18:57 AM,False,5280,Accepted,
30024709,0568000,LOUISVILLE METRO POLICE DEPT,Accepted,JEFFERSON,,,MUHAMMAD ALI,BLVD,W,US0031W,22ND,,,,,38.254444660,-85.787299442,1.907,5/5/2022 12:00:00 AM,1643,1,1,0,0,CLOUDY,DRY,False,COLLISION WITH FIXED OBJECT IN INTERSECTION - FIRST EVENT COLLISION 09 - 32,SINGLE VEHICLE,STRAIGHT & LEVEL,DAYLIGHT,,,5/6/2022 7:19:02 AM,False,7805,Accepted,
30024710,0568000,LOUISVILLE METRO POLICE DEPT,Accepted,JEFFERSON,KY1747,3800B,FERN VALLEY,RD,,,,,,,,38.158095146,-85.691362311,2.247,5/5/2022 12:00:00 AM,1640,3,3,0,1,CLEAR,DRY,False,1 VEHICLE ENTERING/LEAVING ENTRANCE,ANGLE,STRAIGHT & LEVEL,DAYLIGHT,,,5/6/2022 7:19:07 AM,False,5042,Accepted,
30024711,0568000,LOUISVILLE METRO POLICE DEPT,Accepted,JEFFERSON,KY0155,,TAYLORSVILLE,RD,,,,I 0265,I265 E EXIT23 OFF RAMP TO KY155,I 0265,I265 W EXIT23 ON RAMP FROM KY155,38.188892499,-85.508452011,6.030,5/5/2022 12:00:00 AM,1730,2,2,0,0,RAINING,WET,False,REAR END IN TRAFFIC LANES BOTH VEHICLES MOVING,REAR END,STRAIGHT & LEVEL,DAYLIGHT,,,5/6/2022 7:19:12 AM,False,6878,Accepted,
30024716,0568000,LOUISVILLE METRO POLICE DEPT,Accepted,JEFFERSON,KY0907,,3RD ST,RD,,,HAWTHORNE POINTE,,,,,38.116594360,-85.817661192,3.070,5/5/2022 12:00:00 AM,1436,2,2,0,0,CLOUDY,OTHER,False,REAR END - ONE VEHICLE TURNING RIGHT,REAR END,STRAIGHT & GRADE,DAYLIGHT,,,5/6/2022 7:19:31 AM,False,7336,Accepted,
30024717,0568000,LOUISVILLE METRO POLICE DEPT,Accepted,JEFFERSON,KY2251,,BARDSTOWN,RD,,,HIKES,,,,,38.199047575,-85.660005042,1.041,5/5/2022 12:00:00 AM,1004,2,2,0,2,CLEAR,DRY,False,ANGLE COLLISION - OTHER,ANGLE,STRAIGHT & LEVEL,DAYLIGHT,,,5/6/2022 7:19:35 AM,False,5247,Accepted,
30034203,0568000,LOUISVILLE METRO POLICE DEPT,Accepted,JEFFERSON,KY1865,5454,NEW CUT,RD,,,,,,,,38.148079960,-85.775722557,2.823,5/5/2022 12:00:00 AM,1824,2,2,0,0,CLOUDY,DRY,False,1 VEHICLE ENTERING/LEAVING ENTRANCE,ANGLE,STRAIGHT & LEVEL,DAYLIGHT,,,5/9/2022 8:24:27 AM,False,7427,Accepted,