IncidentID,AgencyORI,AgencyName,IncidentStatusDesc,County,RdwyNumber,Street,RoadwayName,StreetSfx,StreetDir,IntersectionRdwy,IntersectionRdwyName,BetweenStRdwy1,BetweenStRdwyName1,BetweenStRdwy2,BetweenStRdwyName2,Latitude,Longitude,Milepoint,CollisionDate,CollisionTime,UnitsInvolved,MotorVehiclesInvolved,NumberKilled,NumberInjured,Weather,RdwyConditionCode,HitandRun,DirAnalysisCode,MannerofCollision,RdwyCharacter,LightCondition,RampFromRdwyId,RampToRdwyId,AcceptedDate,IsSecondaryCollision,OwnerBadge,IncidentStatus,
30034184,0568000,LOUISVILLE METRO POLICE DEPT,Accepted,JEFFERSON,US0031W,,22ND,ST,S,,,,,,,38.241226559,-85.789622602,18.998,5/5/2022 12:00:00 AM,0930,1,1,0,0,CLEAR,DRY,False,COLLISION WITH FIXED OBJECT NON - INTERSECTION - FIRST EVENT COLLISION 09 - 32 EXCLUDING 16,SINGLE VEHICLE,STRAIGHT & LEVEL,DAYLIGHT,,,5/9/2022 8:23:08 AM,False,5114,Accepted,
30024721,0568000,LOUISVILLE METRO POLICE DEPT,Accepted,JEFFERSON,,,PAGES,LN,W,,SEAFORTH,,,,,38.130947453,-85.872144778,1.324,5/5/2022 12:00:00 AM,2106,2,2,0,0,CLOUDY,DRY,False,SIDESWIPE-SAME DIRECTION,SIDESWIPE-SAME DIRECTION,STRAIGHT & LEVEL,DUSK,,,5/6/2022 7:19:50 AM,False,2721,Accepted,
30024722,0568000,LOUISVILLE METRO POLICE DEPT,Accepted,JEFFERSON,US0031E,,BARDSTOWN,RD,,,CAPTAIN,,,,,38.128054854,-85.576019149,3.908,5/5/2022 12:00:00 AM,2155,2,2,0,0,CLOUDY,WET,True,ANGLE COLLISION - OTHER,ANGLE,STRAIGHT & LEVEL,DARK-HWY LIGHTED/ON,,,5/6/2022 7:19:54 AM,False,2775,Accepted,
30024723,0568000,LOUISVILLE METRO POLICE DEPT,Accepted,JEFFERSON,,,BRENTLINGER,LN,,,,,SEATONVILLE,,OLD BRENTLINGER,38.136948208,-85.548170450,1.844,5/5/2022 12:00:00 AM,2100,1,1,0,1,RAINING,WET,False,COLLISION WITH FIXED OBJECT NON - INTERSECTION - FIRST EVENT COLLISION 09 - 32 EXCLUDING 16,SINGLE VEHICLE,CURVE & GRADE,DARK-HWY NOT LIGHTED,,,5/6/2022 7:19:57 AM,False,7804,Accepted,
30024730,0568000,LOUISVILLE METRO POLICE DEPT,Accepted,JEFFERSON,I 0264,,I264 E,,,,,I 0264,I264 E EXIT16 OFF RAMP TO US31E,I 0264,I264 E EXIT15 ON RAMP FROM KY1703,38.206519080,-85.678308552,15.170,5/5/2022 12:00:00 AM,2303,2,2,0,2,RAINING,WET,False,SIDESWIPE COLLISION - SAME DIRECTION,SIDESWIPE-SAME DIRECTION,STRAIGHT & LEVEL,DARK-HWY LIGHTED/ON,,,5/6/2022 7:20:26 AM,False,7049,Accepted,
30024695,0568000,LOUISVILLE METRO POLICE DEPT,Accepted,JEFFERSON,KY1865,,TAYLOR,BLVD,,,BEECHER,,,,,38.191665094,-85.783285164,5.876,5/5/2022 12:00:00 AM,1333,2,2,0,0,CLOUDY,DRY,False,ANGLE COLLISION - OTHER,ANGLE,STRAIGHT & LEVEL,DAYLIGHT,,,5/6/2022 7:18:16 AM,False,4903,Accepted,
30024706,0568000,LOUISVILLE METRO POLICE DEPT,Accepted,JEFFERSON,US0042,,MELLWOOD,AVE,,,,,,,,38.257716710,-85.719472565,0.805,5/5/2022 12:00:00 AM,1620,2,2,0,0,CLOUDY,DRY,False,1 VEHICLE ENTERING/LEAVING ENTRANCE,ANGLE,STRAIGHT & LEVEL,DAYLIGHT,,,5/6/2022 7:18:48 AM,False,7128,Accepted,
30024712,0568000,LOUISVILLE METRO POLICE DEPT,Accepted,JEFFERSON,KY1065,,OUTER,LOOP,,,ZENITH,,,,,38.138295007,-85.646413031,8.267,5/5/2022 12:00:00 AM,1226,2,2,0,0,CLOUDY,DRY,False,HEAD-ON COLLISION,HEAD ON,STRAIGHT & GRADE,DAYLIGHT,,,5/6/2022 7:19:16 AM,False,7484,Accepted,
30024713,0568000,LOUISVILLE METRO POLICE DEPT,Accepted,JEFFERSON,KY0864,,POPLAR LEVEL,RD,,,TILE FACTORY,,,,,38.184673342,-85.699939399,10.461,5/5/2022 12:00:00 AM,1440,2,2,0,0,CLOUDY,DRY,False,ANGLE COLLISION - OTHER,ANGLE,STRAIGHT & LEVEL,DAYLIGHT,,,5/6/2022 7:19:20 AM,False,7451,Accepted,
30024715,0568000,LOUISVILLE METRO POLICE DEPT,Accepted,JEFFERSON,I 0065,,I65 S,,,,,,,,,38.224615662,-85.751239591,133.769,5/5/2022 12:00:00 AM,1646,5,5,0,0,CLEAR,DRY,False,1 VEHICLE ENTERING/LEAVING ENTRANCE,ANGLE,STRAIGHT & LEVEL,DAYLIGHT,,,5/6/2022 7:19:27 AM,False,5301,Accepted,
30034174,0568000,LOUISVILLE METRO POLICE DEPT,Accepted,JEFFERSON,KY1065,,OUTER,LOOP,,,,,SMYRNA,,ROCHELLE,38.137894677,-85.639077928,8.669,5/5/2022 12:00:00 AM,1600,2,2,0,0,CLOUDY,WET,False,REAR END IN TRAFFIC LANES BOTH VEHICLES MOVING,REAR END,STRAIGHT & LEVEL,DAYLIGHT,,,5/9/2022 8:22:30 AM,False,7989,Accepted,
30034180,0568000,LOUISVILLE METRO POLICE DEPT,Accepted,JEFFERSON,,9600,LAMBORNE,BLVD,,,,,,,,38.114260169,-85.813664443,0.158,5/5/2022 12:00:00 AM,1442,2,2,0,0,CLOUDY,DRY,False,COLLISION IN PARKING LOT,BACKING,STRAIGHT & LEVEL,DAYLIGHT,,,5/9/2022 8:22:47 AM,False,7252,Accepted,
30034182,0568000,LOUISVILLE METRO POLICE DEPT,Accepted,JEFFERSON,,,MUHAMMAD ALI,BLVD,E,,,,,,,38.249792071,-85.744863138,0.609,5/5/2022 12:00:00 AM,0830,2,2,0,0,CLEAR,DRY,False,1 VEHICLE ENTERING/LEAVING ENTRANCE,ANGLE,STRAIGHT & LEVEL,DAYLIGHT,,,5/9/2022 8:22:58 AM,False,5354,Accepted,
30034190,0568000,LOUISVILLE METRO POLICE DEPT,Accepted,JEFFERSON,,,BELLEVUE,AVE,,,,,,,,38.194364141,-85.772671727,0.295,5/5/2022 12:00:00 AM,0320,2,2,0,1,CLEAR,DRY,False,1 VEHICLE PARKED POSITION (NOT PARKING LOT/DRIVEWAY),HEAD ON,STRAIGHT & LEVEL,DARK-HWY LIGHTED/ON,,,5/9/2022 8:23:32 AM,False,5205,Accepted,
30020651,0568000,LOUISVILLE METRO POLICE DEPT,Accepted,JEFFERSON,,,BROADWAY,,W,,35TH,,,,,38.249940937,-85.809814952,1.176,5/5/2022 12:00:00 AM,0041,1,1,0,0,CLEAR,DRY,True,COLLISION WITH FIXED OBJECT IN INTERSECTION - FIRST EVENT COLLISION 09 - 32,SINGLE VEHICLE,STRAIGHT & LEVEL,DUSK,,,5/5/2022 8:18:16 AM,False,7309,Accepted,
30020653,0568000,LOUISVILLE METRO POLICE DEPT,Accepted,JEFFERSON,US0031W,10526,DIXIE,HWY,,,,,,,,38.101307418,-85.871336643,8.145,5/5/2022 12:00:00 AM,0356,1,1,0,1,CLEAR,DRY,False,COLLISION WITH FIXED OBJECT NON - INTERSECTION - FIRST EVENT COLLISION 09 - 32 EXCLUDING 16,SINGLE VEHICLE,STRAIGHT & LEVEL,DARK-HWY LIGHTED/ON,,,5/5/2022 8:18:26 AM,False,5033,Accepted,
30020660,0568000,LOUISVILLE METRO POLICE DEPT,Accepted,JEFFERSON,,1708,CYPRESS,ST,,,,,,,,38.225438036,-85.799806209,0.868,5/5/2022 12:00:00 AM,0128,1,1,0,0,CLEAR,DRY,False,OTHER ROADWAY OR MID-BLOCK COLLISION,SINGLE VEHICLE,STRAIGHT & LEVEL,DARK-HWY LIGHTED/ON,,,5/5/2022 8:18:56 AM,False,5360,Accepted,
30021361,0564400,INDIAN HILLS POLICE DEPARTMENT,Accepted,JEFFERSON,US0042,3800,BROWNSBORO,RD,,,,,,,,38.265614615,-85.666706597,3.842,5/5/2022 12:00:00 AM,0905,2,2,0,0,CLEAR,DRY,False,OTHER ROADWAY OR MID-BLOCK COLLISION,REAR END,STRAIGHT & LEVEL,DAYLIGHT,,,5/5/2022 11:54:45 AM,False,4419,Accepted,
30024696,0568000,LOUISVILLE METRO POLICE DEPT,Accepted,JEFFERSON,,,HILL,ST,E,,,,,,,38.225316298,-85.755294109,0.457,5/5/2022 12:00:00 AM,0840,2,2,0,0,CLEAR,DRY,False,1 VEHICLE ENTERING/LEAVING ENTRANCE,ANGLE,STRAIGHT & LEVEL,DAYLIGHT,,,5/6/2022 7:18:20 AM,False,5258,Accepted,
30024697,0568000,LOUISVILLE METRO POLICE DEPT,Accepted,JEFFERSON,,,ST CATHERINE,ST,E,,,,,,,38.237033775,-85.754998335,1.308,5/5/2022 12:00:00 AM,1125,2,2,0,0,CLEAR,DRY,False,SIDESWIPE COLLISION - SAME DIRECTION,SIDESWIPE-SAME DIRECTION,STRAIGHT & LEVEL,DAYLIGHT,,,5/6/2022 7:18:24 AM,False,5258,Accepted,
30024704,0568000,LOUISVILLE METRO POLICE DEPT,Accepted,JEFFERSON,KY0155,4080,TAYLORSVILLE,RD,,,,,,,,38.219640030,-85.621574196,13.093,5/5/2022 12:00:00 AM,1534,2,2,0,1,CLEAR,DRY,False,OTHER ROADWAY OR MID-BLOCK COLLISION,OPPOSING LEFT TURN,STRAIGHT & HILLCREST,DAYLIGHT,,,5/6/2022 7:18:40 AM,False,5286,Accepted,
30034231,0568000,LOUISVILLE METRO POLICE DEPT,Accepted,JEFFERSON,KY1747,,HURSTBOURNE,PKWY,,,,,,,,38.168136966,-85.605541373,7.427,5/5/2022 12:00:00 AM,1749,2,2,0,0,RAINING,WET,False,OTHER ROADWAY OR MID-BLOCK COLLISION,OPPOSING LEFT TURN,STRAIGHT & LEVEL,DAYLIGHT,,,5/9/2022 8:26:47 AM,False,7755,Accepted,
30020659,0568000,LOUISVILLE METRO POLICE DEPT,Accepted,JEFFERSON,US0031E,2547,BARDSTOWN,RD,,,,,WEBER,KY0155,TAYLORSVILLE,38.223231254,-85.685350516,13.166,5/4/2022 12:00:00 AM,2033,2,2,0,0,CLEAR,DRY,False,1 VEHICLE ENTERING/LEAVING ENTRANCE,ANGLE,STRAIGHT & GRADE,DARK-HWY LIGHTED/ON,,,5/5/2022 8:18:50 AM,False,5296,Accepted,
30020494,0560300,ST. MATTHEWS POLICE DEPARTMENT,Accepted,JEFFERSON,,3940,GRANDVIEW,AVE,,,,,,,,38.249254050,-85.650785020,0.734,5/4/2022 12:00:00 AM,1525,2,2,0,0,CLOUDY,DRY,True,COLLISION IN PARKING LOT,ANGLE,STRAIGHT & LEVEL,DAYLIGHT,,,5/5/2022 7:24:38 AM,False,9155,Accepted,
30020652,0568000,LOUISVILLE METRO POLICE DEPT,Accepted,JEFFERSON,KY3082,2703,BANK,ST,,,,,,,,38.270309308,-85.793659232,0.928,5/4/2022 12:00:00 AM,2333,4,4,0,0,CLEAR,DRY,False,1 VEHICLE PARKED POSITION (NOT PARKING LOT/DRIVEWAY),SIDESWIPE-SAME DIRECTION,STRAIGHT & LEVEL,DARK-HWY LIGHTED/ON,,,5/5/2022 8:18:20 AM,False,5122,Accepted,
30020635,0568000,LOUISVILLE METRO POLICE DEPT,Accepted,JEFFERSON,I 0065,,I65 N,,,I 0065,I65 N EXIT135 OFF RAMP TO  E SAINT CATHERINE ST,,,,,38.235074132,-85.751315481,134.503,5/4/2022 12:00:00 AM,0953,2,2,0,0,CLEAR,DRY,True,SIDESWIPE-SAME DIRECTION,SIDESWIPE-SAME DIRECTION,STRAIGHT & LEVEL,DAYLIGHT,,,5/5/2022 8:17:02 AM,False,7132,Accepted,
30020636,0568000,LOUISVILLE METRO POLICE DEPT,Accepted,JEFFERSON,KY0146,,LA GRANGE,RD,,I 0265,I265 N EXIT30 ON RAMP FROM KY146,,,,,38.288222193,-85.513160692,7.464,5/4/2022 12:00:00 AM,1515,2,2,0,1,CLOUDY,DRY,False,OPPOSING LEFT TURN,OPPOSING LEFT TURN,STRAIGHT & LEVEL,DAYLIGHT,,,5/5/2022 8:17:06 AM,False,7316,Accepted,
30020637,0568000,LOUISVILLE METRO POLICE DEPT,Accepted,JEFFERSON,KY0061,,PRESTON,HWY,,,,,,,,38.152047723,-85.694262249,4.938,5/4/2022 12:00:00 AM,1645,2,2,0,0,CLOUDY,DRY,False,OTHER ROADWAY OR MID-BLOCK COLLISION,REAR END,STRAIGHT & LEVEL,DAYLIGHT,,,5/5/2022 8:17:10 AM,False,7670,Accepted,
30020642,0568000,LOUISVILLE METRO POLICE DEPT,Accepted,JEFFERSON,KY1934,3410,CANE RUN,RD,,,,,,,,38.223088750,-85.810665349,11.386,5/4/2022 12:00:00 AM,1512,2,2,0,0,CLOUDY,DRY,False,SIDESWIPE COLLISION - SAME DIRECTION,SIDESWIPE-SAME DIRECTION,STRAIGHT & LEVEL,DAYLIGHT,,,5/5/2022 8:17:35 AM,False,5240,Accepted,
30020643,0568000,LOUISVILLE METRO POLICE DEPT,Accepted,JEFFERSON,KY3206,,CANE RUN,RD,,KY1230,DOVER,,,,,38.177067583,-85.869125220,0.011,5/4/2022 12:00:00 AM,1815,2,2,0,1,CLOUDY,DRY,False,ANGLE COLLISION - ONE VEHICLE TURNING LEFT,ANGLE,STRAIGHT & LEVEL,DAYLIGHT,,,5/5/2022 8:17:40 AM,False,7340,Accepted,
30020644,0568000,LOUISVILLE METRO POLICE DEPT,Accepted,JEFFERSON,US0060,,SHELBYVILLE,RD,,,LA FONTENAY,,,,,38.245013007,-85.558739197,8.850,5/4/2022 12:00:00 AM,1726,2,2,0,0,CLEAR,DRY,False,SIDESWIPE-SAME DIRECTION,SIDESWIPE-SAME DIRECTION,STRAIGHT & LEVEL,DAYLIGHT,,,5/5/2022 8:17:44 AM,False,7829,Accepted,
30020645,0568000,LOUISVILLE METRO POLICE DEPT,Accepted,JEFFERSON,,1625,ALBANY,AVE,,,PAYNE,,,,,38.251194542,-85.705327400,0.079,5/4/2022 12:00:00 AM,2100,1,1,0,0,CLEAR,DRY,False,COLLISION WITH FIXED OBJECT IN INTERSECTION - FIRST EVENT COLLISION 09 - 32,SINGLE VEHICLE,STRAIGHT & LEVEL,DARK-HWY NOT LIGHTED,,,5/5/2022 8:17:48 AM,False,5211,Accepted,
30016359,0568000,LOUISVILLE METRO POLICE DEPT,Accepted,JEFFERSON,,4537,SOUTHERN PKWY FRONTAGE RD 1,,,,,,,,,38.187189028,-85.766902162,0.247,5/4/2022 12:00:00 AM,0625,1,1,0,1,CLEAR,DRY,False,COLLISION WITH FIXED OBJECT NON - INTERSECTION - FIRST EVENT COLLISION 09 - 32 EXCLUDING 16,SINGLE VEHICLE,STRAIGHT & LEVEL,DAYLIGHT,,,5/4/2022 8:41:35 AM,True,5405,Accepted,
30020626,0568000,LOUISVILLE METRO POLICE DEPT,Accepted,JEFFERSON,I 0264,,I264 E,,,,,I 0264,I264 E EXIT20 OFF RAMP TO US60,I 0264,I264 W EXIT19A ON RAMP FROM US60 W,38.244467934,-85.621075785,19.393,5/4/2022 12:00:00 AM,1247,2,2,0,1,CLOUDY,DRY,False,SIDESWIPE COLLISION - SAME DIRECTION,SIDESWIPE-SAME DIRECTION,STRAIGHT & HILLCREST,DAYLIGHT,,,5/5/2022 8:16:30 AM,False,7876,Accepted,
30034173,0568000,LOUISVILLE METRO POLICE DEPT,Accepted,JEFFERSON,I 0071,,I71 S,,,I 0071,I71 S EXIT9A RAMP TO I265 W,,,,,38.312333822,-85.587143511,8.763,5/4/2022 12:00:00 AM,1600,3,3,0,0,CLOUDY,DRY,False,SIDESWIPE-SAME DIRECTION,SIDESWIPE-SAME DIRECTION,STRAIGHT & LEVEL,DAYLIGHT,,,5/9/2022 8:22:21 AM,False,7631,Accepted,
30034183,0568000,LOUISVILLE METRO POLICE DEPT,Accepted,JEFFERSON,US0031W,,22ND,ST,S,,,,,,,38.240246614,-85.789808437,18.934,5/4/2022 12:00:00 AM,1620,3,3,0,0,CLEAR,DRY,True,SIDESWIPE COLLISION - SAME DIRECTION,SIDESWIPE-SAME DIRECTION,CURVE & LEVEL,UNKNOWN,,,5/9/2022 8:23:03 AM,False,5114,Accepted,
30024714,0568000,LOUISVILLE METRO POLICE DEPT,Accepted,JEFFERSON,KY0061,,JACKSON,ST,S,,ORMSBY,,,,,38.230773971,-85.748181174,11.189,5/4/2022 12:00:00 AM,1801,2,2,0,0,CLEAR,DRY,False,SIDESWIPE-SAME DIRECTION,SIDESWIPE-SAME DIRECTION,STRAIGHT & LEVEL,DAYLIGHT,,,5/6/2022 7:19:24 AM,False,5301,Accepted,
30025422,0568000,LOUISVILLE METRO POLICE DEPT,Accepted,JEFFERSON,,4304,LARKWOOD,AVE,,,,,,,,38.259438779,-85.822188376,0.095,5/4/2022 12:00:00 AM,2346,2,1,0,0,CLEAR,DRY,True,1 VEHICLE PARKED POSITION (NOT PARKING LOT/DRIVEWAY),HEAD ON,STRAIGHT & GRADE,DARK-HWY LIGHTED/ON,,,5/6/2022 11:23:50 AM,False,5298,Accepted,
30020624,0568000,LOUISVILLE METRO POLICE DEPT,Accepted,JEFFERSON,KY1819,5502,BILLTOWN,RD,,,,,,,,38.165580461,-85.568898147,7.089,5/4/2022 12:00:00 AM,0754,3,3,0,1,CLOUDY,DRY,False,HEAD-ON COLLISION,HEAD ON,STRAIGHT & LEVEL,DAYLIGHT,,,5/5/2022 8:16:21 AM,False,2017,Accepted,
30020625,0568000,LOUISVILLE METRO POLICE DEPT,Accepted,JEFFERSON,I 0265,,I265 E,,,,,I 0265,I265 E EXIT12 OFF RAMP TO KY61,I 0265,I265 E EXIT12 ON RAMP FROM KY61 S,38.110070601,-85.678879698,11.529,5/4/2022 12:00:00 AM,1002,1,1,0,2,CLOUDY,DRY,False,OTHER COLLISIONS ON SHOULDER,SINGLE VEHICLE,CURVE & LEVEL,DAYLIGHT,,,5/5/2022 8:16:26 AM,False,2017,Accepted,
30016353,0568000,LOUISVILLE METRO POLICE DEPT,Accepted,JEFFERSON,I 0264,,I264 E,,,I 0264,I264 E EXIT10 OFF RAMP TO KY1020,,,,,38.189509281,-85.772346212,9.743,5/4/2022 12:00:00 AM,0404,2,2,0,0,CLEAR,DRY,False,OTHER INTERSECTION COLLISIONS,REAR END,STRAIGHT & LEVEL,DARK-HWY LIGHTED/OFF,,,5/4/2022 8:41:15 AM,False,5405,Accepted,
30020630,0568000,LOUISVILLE METRO POLICE DEPT,Accepted,JEFFERSON,KY1747,,HURSTBOURNE,PKWY,S,,WATTERSON,,,,,38.162725201,-85.613304687,6.828,5/4/2022 12:00:00 AM,1237,2,2,0,0,CLOUDY,DRY,False,OTHER INTERSECTION COLLISIONS,REAR END,STRAIGHT & LEVEL,DAYLIGHT,,,5/5/2022 8:16:42 AM,False,2017,Accepted,
30020631,0568000,LOUISVILLE METRO POLICE DEPT,Accepted,JEFFERSON,US0031E,,BARDSTOWN,RD,,,,,CEDARLOOK,KY1065,BEULAH CHURCH,38.148361351,-85.586499753,5.437,5/4/2022 12:00:00 AM,1354,2,2,0,1,CLOUDY,DRY,False,REAR END IN TRAFFIC LANES BOTH VEHICLES MOVING,REAR END,STRAIGHT & LEVEL,DAYLIGHT,,,5/5/2022 8:16:46 AM,False,2017,Accepted,
30020632,0568000,LOUISVILLE METRO POLICE DEPT,Accepted,JEFFERSON,,,ROY WILKINS,AVE,,,LIBERTY,,,,,38.253369079,-85.765217587,0.291,5/4/2022 12:00:00 AM,1034,2,2,0,0,CLOUDY,DRY,False,ANGLE COLLISION - OTHER,ANGLE,STRAIGHT & LEVEL,DAYLIGHT,,,5/5/2022 8:16:50 AM,False,5187,Accepted,
30020638,0568000,LOUISVILLE METRO POLICE DEPT,Accepted,JEFFERSON,,,INDIAN,TRL,E,,LODEMA,,,,,38.171244301,-85.685895541,1.125,5/4/2022 12:00:00 AM,1708,2,2,0,1,CLEAR,DRY,False,OPPOSING LEFT TURN,OPPOSING LEFT TURN,STRAIGHT & LEVEL,DAYLIGHT,,,5/5/2022 8:17:13 AM,False,7451,Accepted,
30020640,0568000,LOUISVILLE METRO POLICE DEPT,Accepted,JEFFERSON,,2725,ALFORD,AVE,,,,,,,,38.265121960,-85.795414876,0.128,5/4/2022 12:00:00 AM,1320,2,2,0,0,CLOUDY,DRY,True,1 VEHICLE PARKED POSITION (NOT PARKING LOT/DRIVEWAY),SIDESWIPE-SAME DIRECTION,STRAIGHT & LEVEL,DAYLIGHT,,,5/5/2022 8:17:25 AM,False,7325,Accepted,
30020641,0568000,LOUISVILLE METRO POLICE DEPT,Accepted,JEFFERSON,KY1065,,OUTER,LOOP,,KY1020,NATIONAL,,,,,38.127165627,-85.748957436,2.528,5/4/2022 12:00:00 AM,1550,2,2,0,1,CLEAR,DRY,False,ANGLE COLLISION - OTHER,ANGLE,STRAIGHT & LEVEL,DAYLIGHT,,,5/5/2022 8:17:30 AM,False,7483,Accepted,
30020648,0568000,LOUISVILLE METRO POLICE DEPT,Accepted,JEFFERSON,I 0065,,I65 S,,,,,,,,,38.169932127,-85.720878714,129.158,5/4/2022 12:00:00 AM,2136,2,2,0,0,,,True,SIDESWIPE COLLISION - SAME DIRECTION,SIDESWIPE-SAME DIRECTION,STRAIGHT & LEVEL,,,,5/5/2022 8:17:59 AM,False,5174,Accepted,
30020649,0568000,LOUISVILLE METRO POLICE DEPT,Accepted,JEFFERSON,,,NEW CHAMBERLAIN,LN,,,,,,,,38.309306251,-85.560029072,0.003,5/4/2022 12:00:00 AM,1757,2,2,0,1,CLEAR,DRY,False,REAR END IN TRAFFIC LANES BOTH VEHICLES MOVING,REAR END,STRAIGHT & LEVEL,DAYLIGHT,,,5/5/2022 8:18:04 AM,False,2489,Accepted,
30024725,0568000,LOUISVILLE METRO POLICE DEPT,Accepted,JEFFERSON,I 0071,,I71 S,,,,,,,,,38.297375893,-85.624864094,6.422,5/4/2022 12:00:00 AM,2352,2,2,0,2,CLEAR,DRY,False,REAR END IN TRAFFIC LANES BOTH VEHICLES MOVING,REAR END,STRAIGHT & LEVEL,DARK-HWY LIGHTED/OFF,,,5/6/2022 7:20:05 AM,False,5030,Accepted,
30024727,0568000,LOUISVILLE METRO POLICE DEPT,Accepted,JEFFERSON,KY0146,12450,LA GRANGE,RD,,,,,,,,38.291517644,-85.510451936,7.749,5/4/2022 12:00:00 AM,1702,2,1,0,1,CLEAR,DRY,False,COLLISION IN PARKING LOT,SINGLE VEHICLE,STRAIGHT & LEVEL,DAYLIGHT,,,5/6/2022 7:20:13 AM,False,7369,Accepted,
30020657,0568000,LOUISVILLE METRO POLICE DEPT,Accepted,JEFFERSON,KY1065,4840,OUTER,LOOP,,,,,,,,38.137664032,-85.671458842,6.893,5/4/2022 12:00:00 AM,2116,2,2,0,0,CLEAR,DRY,False,COLLISION IN PARKING LOT,ANGLE,STRAIGHT & LEVEL,DARK-HWY LIGHTED/ON,,,5/5/2022 8:18:43 AM,False,7379,Accepted,
30034402,KSP0400,KY STATE POLICE POST 04,Accepted,JEFFERSON,I 0264,,I264 E,,,,,,,,,38.190903894,-85.717749324,12.726,5/4/2022 12:00:00 AM,0815,2,2,0,0,CLEAR,DRY,False,SIDESWIPE COLLISION - SAME DIRECTION,SIDESWIPE-SAME DIRECTION,STRAIGHT & LEVEL,DAYLIGHT,,,5/9/2022 9:02:27 AM,False,521,Accepted,
30118851,0568000,LOUISVILLE METRO POLICE DEPT,Accepted,JEFFERSON,US0031W,,22ND,ST,S,,JEFFERSON,,,,,38.257142833,-85.786818579,20.111,5/4/2022 12:00:00 AM,1458,3,3,0,1,CLEAR,DRY,False,ANGLE COLLISION - OTHER,ANGLE,STRAIGHT & LEVEL,DAYLIGHT,,,5/30/2022 8:42:34 AM,False,5108,Accepted,
30038900,0568000,LOUISVILLE METRO POLICE DEPT,Accepted,JEFFERSON,,,BOYLE,ST,,KY0864,GOSS,,,,,38.229586875,-85.739242362,0.002,5/4/2022 12:00:00 AM,1528,2,2,0,0,CLEAR,DRY,False,ANGLE COLLISION - OTHER,ANGLE,STRAIGHT & LEVEL,DAYLIGHT,,,5/10/2022 8:18:26 AM,False,5152,Accepted,
30034401,KSP0400,KY STATE POLICE POST 04,Accepted,JEFFERSON,US0031E,,BARDSTOWN,RD,,,,,,,,38.086638188,-85.555957839,0.781,5/3/2022 12:00:00 AM,1225,2,2,0,0,CLOUDY,DRY,False,REAR END IN TRAFFIC LANES BOTH VEHICLES MOVING,REAR END,STRAIGHT & GRADE,DAYLIGHT,,,5/9/2022 9:02:22 AM,False,782,Accepted,
30016318,0568000,LOUISVILLE METRO POLICE DEPT,Accepted,JEFFERSON,KY0864,4025,POPLAR LEVEL,RD,,,,,,,,38.201355787,-85.708011779,11.816,5/3/2022 12:00:00 AM,0849,1,1,0,0,CLOUDY,WET,False,COLLISION IN PARKING LOT,SINGLE VEHICLE,STRAIGHT & LEVEL,DAYLIGHT,,,5/4/2022 8:39:07 AM,False,7383,Accepted,
30016319,0568000,LOUISVILLE METRO POLICE DEPT,Accepted,JEFFERSON,,6603,SKY BLUE,AVE,,,,,,,,38.154997743,-85.851258860,0.759,5/3/2022 12:00:00 AM,0747,2,2,0,2,RAINING,WET,False,HEAD-ON COLLISION,HEAD ON,STRAIGHT & LEVEL,DAWN,,,5/4/2022 8:39:10 AM,False,5100,Accepted,
30016321,0568000,LOUISVILLE METRO POLICE DEPT,Accepted,JEFFERSON,KY0907,7149,SOUTHSIDE,DR,,,,,,,,38.150828275,-85.767446570,6.875,5/3/2022 12:00:00 AM,0843,1,1,0,1,CLOUDY,WET,False,OTHER ROADWAY OR MID-BLOCK COLLISION,SINGLE VEHICLE,CURVE & LEVEL,DAYLIGHT,,,5/4/2022 8:39:18 AM,False,7232,Accepted,
30016328,0568000,LOUISVILLE METRO POLICE DEPT,Accepted,JEFFERSON,US0150,,BROADWAY,,W,,1ST,,,,,38.245746515,-85.753392265,2.654,5/3/2022 12:00:00 AM,1605,2,2,0,0,CLEAR,DRY,False,SIDESWIPE-SAME DIRECTION,SIDESWIPE-SAME DIRECTION,STRAIGHT & LEVEL,DAYLIGHT,,,5/4/2022 8:39:42 AM,False,5354,Accepted,
30016329,0568000,LOUISVILLE METRO POLICE DEPT,Accepted,JEFFERSON,,,MUHAMMAD ALI,BLVD,W,,32ND,,,,,38.256395398,-85.804920438,2.878,5/3/2022 12:00:00 AM,0915,2,2,0,1,CLEAR,WET,False,ANGLE COLLISION - OTHER,ANGLE,STRAIGHT & LEVEL,DAYLIGHT,,,5/4/2022 8:39:46 AM,False,5414,Accepted,
30016330,0568000,LOUISVILLE METRO POLICE DEPT,Accepted,JEFFERSON,I 0065,,I65 S,,,,,,,,,38.107026418,-85.701476058,124.608,5/3/2022 12:00:00 AM,1647,2,2,0,0,CLEAR,DRY,False,SIDESWIPE COLLISION - SAME DIRECTION,SIDESWIPE-SAME DIRECTION,STRAIGHT & LEVEL,DAYLIGHT,,,5/4/2022 8:39:49 AM,False,7989,Accepted,
30016337,0568000,LOUISVILLE METRO POLICE DEPT,Accepted,JEFFERSON,US0031W,,DIXIE,HWY,,KY0907,VALLEY STATION,,,,,38.107648324,-85.866715923,8.634,5/3/2022 12:00:00 AM,1829,2,2,0,0,CLEAR,DRY,False,OTHER INTERSECTION COLLISIONS,REAR END,STRAIGHT & LEVEL,DAYLIGHT,,,5/4/2022 8:40:17 AM,False,7174,Accepted,