IncidentID,AgencyORI,AgencyName,IncidentStatusDesc,County,RdwyNumber,Street,RoadwayName,StreetSfx,StreetDir,IntersectionRdwy,IntersectionRdwyName,BetweenStRdwy1,BetweenStRdwyName1,BetweenStRdwy2,BetweenStRdwyName2,Latitude,Longitude,Milepoint,CollisionDate,CollisionTime,UnitsInvolved,MotorVehiclesInvolved,NumberKilled,NumberInjured,Weather,RdwyConditionCode,HitandRun,DirAnalysisCode,MannerofCollision,RdwyCharacter,LightCondition,RampFromRdwyId,RampToRdwyId,AcceptedDate,IsSecondaryCollision,OwnerBadge,IncidentStatus,
30016338,0568000,LOUISVILLE METRO POLICE DEPT,Accepted,JEFFERSON,,1213,FLOYD,ST,S,,,,,,,38.233538398,-85.751761140,1.541,5/3/2022 12:00:00 AM,0955,2,2,0,0,RAINING,WET,False,1 VEHICLE PARKED POSITION (NOT PARKING LOT/DRIVEWAY),SIDESWIPE-OPPOSITE DIRECTION,CURVE & LEVEL,DAYLIGHT,,,5/4/2022 8:40:21 AM,False,5409,Accepted,
30016345,0568000,LOUISVILLE METRO POLICE DEPT,Accepted,JEFFERSON,,,BETHANY,LN,,,,,,,,38.095992919,-85.873766142,0.019,5/3/2022 12:00:00 AM,1750,3,3,0,1,CLOUDY,DRY,False,REAR END IN TRAFFIC LANES BOTH VEHICLES MOVING,REAR END,STRAIGHT & LEVEL,DAYLIGHT,,,5/4/2022 8:40:49 AM,False,7234,Accepted,
30016335,0568000,LOUISVILLE METRO POLICE DEPT,Accepted,JEFFERSON,I 0264,,I264 W,,,,,,,,,38.265387214,-85.806152785,0.842,5/3/2022 12:00:00 AM,1549,3,3,0,1,CLOUDY,DRY,False,OTHER ROADWAY OR MID-BLOCK COLLISION,REAR END,CURVE & LEVEL,DAYLIGHT,,,5/4/2022 8:40:08 AM,False,7469,Accepted,
30016336,0568000,LOUISVILLE METRO POLICE DEPT,Accepted,JEFFERSON,KY2054,,ALGONQUIN,PKWY,,KY1934,CANE RUN,,,,,38.224474415,-85.809155294,0.713,5/3/2022 12:00:00 AM,1507,2,2,0,2,CLOUDY,DRY,False,ANGLE COLLISION - OTHER,ANGLE,STRAIGHT & LEVEL,DAYLIGHT,,,5/4/2022 8:40:13 AM,False,5161,Accepted,
30016343,0568000,LOUISVILLE METRO POLICE DEPT,Accepted,JEFFERSON,,,SHEPHERDSVILLE,RD,,,CHARIOT,,,,,38.126572980,-85.664744086,0.970,5/3/2022 12:00:00 AM,1900,1,1,0,0,CLEAR,DRY,False,COLLISION WITH FIXED OBJECT IN INTERSECTION - FIRST EVENT COLLISION 09 - 32,SINGLE VEHICLE,CURVE & HILLCREST,DAYLIGHT,,,5/4/2022 8:40:44 AM,False,5115,Accepted,
30016351,0568000,LOUISVILLE METRO POLICE DEPT,Accepted,JEFFERSON,KY0907,,SOUTHSIDE,DR,,KY1020,NATIONAL,,,,,38.152513173,-85.765673083,6.985,5/3/2022 12:00:00 AM,2340,2,2,0,0,CLEAR,DRY,False,OTHER INTERSECTION COLLISIONS,REAR END,STRAIGHT & LEVEL,DARK-HWY LIGHTED/ON,,,5/4/2022 8:41:05 AM,False,7115,Accepted,
30016352,0568000,LOUISVILLE METRO POLICE DEPT,Accepted,JEFFERSON,,,CLIFTON,AVE,N,US0042,BROWNSBORO,,,,,38.258237101,-85.704877284,0.042,5/3/2022 12:00:00 AM,1930,2,2,0,0,CLEAR,DRY,False,ANGLE COLLISION - OTHER,ANGLE,STRAIGHT & HILLCREST,DAYLIGHT,,,5/4/2022 8:41:09 AM,False,7304,Accepted,
30016357,0568000,LOUISVILLE METRO POLICE DEPT,Accepted,JEFFERSON,KY1065,,OUTER,LOOP,,KY0061,PRESTON,,,,,38.138451563,-85.685615156,6.115,5/3/2022 12:00:00 AM,2213,2,2,0,0,CLEAR,DRY,True,SIDESWIPE-SAME DIRECTION,SIDESWIPE-SAME DIRECTION,STRAIGHT & LEVEL,DAYLIGHT,,,5/4/2022 8:41:28 AM,False,5314,Accepted,
30020627,0568000,LOUISVILLE METRO POLICE DEPT,Accepted,JEFFERSON,KY1747,,FERN VALLEY,RD,,,,,,,,38.157707435,-85.718459288,0.754,5/3/2022 12:00:00 AM,1235,1,1,0,1,CLOUDY,DRY,False,OCCUPANT FELL FROM MOVING VEHICLE,SINGLE VEHICLE,STRAIGHT & HILLCREST,DAYLIGHT,,,5/5/2022 8:16:34 AM,False,2395,Accepted,
30016325,0568000,LOUISVILLE METRO POLICE DEPT,Accepted,JEFFERSON,,,CHESTNUT,ST,W,,18TH,,,,,38.251437726,-85.781145008,1.085,5/3/2022 12:00:00 AM,1500,3,3,0,2,CLOUDY,WET,False,ANGLE COLLISION - OTHER,ANGLE,STRAIGHT & LEVEL,DAYLIGHT,,,5/4/2022 8:39:31 AM,False,7305,Accepted,
30016332,0568000,LOUISVILLE METRO POLICE DEPT,Accepted,JEFFERSON,I 0264,,I264 W,,,,,I 0065,I264 W EXIT12 OFF RAMP TO,I 0264,I264 W EXIT14 ON RAMP FROM KY864,38.191250244,-85.717045949,12.776,5/3/2022 12:00:00 AM,1430,3,3,0,0,CLOUDY,DRY,False,REAR END IN TRAFFIC LANES BOTH VEHICLES MOVING,REAR END,CURVE & GRADE,DAYLIGHT,,,5/4/2022 8:39:57 AM,False,7383,Accepted,
30016333,0568000,LOUISVILLE METRO POLICE DEPT,Accepted,JEFFERSON,KY0864,,POPLAR LEVEL,RD,,,,,PARKWAY,,CLARKS,38.219271853,-85.728253163,13.360,5/3/2022 12:00:00 AM,1548,2,2,0,1,CLOUDY,DRY,False,1 VEHICLE ENTERING/LEAVING ENTRANCE,ANGLE,STRAIGHT & GRADE,DAYLIGHT,,,5/4/2022 8:40:01 AM,False,7383,Accepted,
30016334,0568000,LOUISVILLE METRO POLICE DEPT,Accepted,JEFFERSON,KY1747,3601,FERN VALLEY,RD,,,,,,,,38.157692616,-85.694707164,2.069,5/3/2022 12:00:00 AM,1649,2,2,0,0,CLOUDY,DRY,False,OTHER ROADWAY OR MID-BLOCK COLLISION,OPPOSING LEFT TURN,STRAIGHT & LEVEL,DAYLIGHT,,,5/4/2022 8:40:04 AM,False,5141,Accepted,
30016341,0568000,LOUISVILLE METRO POLICE DEPT,Accepted,JEFFERSON,,,JEFFERSON,ST,W,,5TH,,,,,38.254017831,-85.758691625,0.363,5/3/2022 12:00:00 AM,1238,2,2,0,1,CLEAR,DRY,False,ANGLE COLLISION - OTHER,ANGLE,STRAIGHT & LEVEL,DAYLIGHT,,,5/4/2022 8:40:35 AM,False,7058,Accepted,
30016339,0568000,LOUISVILLE METRO POLICE DEPT,Accepted,JEFFERSON,I 0065,,I65 N,,,,,,,,,38.230543128,-85.750977318,134.186,5/3/2022 12:00:00 AM,1718,2,2,0,0,CLEAR,DRY,False,REAR END IN TRAFFIC LANES BOTH VEHICLES MOVING,REAR END,STRAIGHT & LEVEL,DAYLIGHT,,,5/4/2022 8:40:26 AM,False,5409,Accepted,
30016340,0568000,LOUISVILLE METRO POLICE DEPT,Accepted,JEFFERSON,,1714,PATTON,CT,,,,,,,,38.223812844,-85.778542016,0.128,5/3/2022 12:00:00 AM,0550,2,2,0,0,RAINING,WET,False,1 VEHICLE PARKED POSITION (NOT PARKING LOT/DRIVEWAY),SIDESWIPE-SAME DIRECTION,STRAIGHT & LEVEL,DARK-HWY LIGHTED/ON,,,5/4/2022 8:40:30 AM,False,5384,Accepted,
30016356,0568000,LOUISVILLE METRO POLICE DEPT,Accepted,JEFFERSON,KY0061,,PRESTON,HWY,,,PARK,,,,,38.118061251,-85.677250009,2.450,5/3/2022 12:00:00 AM,2135,2,2,0,1,CLEAR,DRY,False,OPPOSING LEFT TURN,OPPOSING LEFT TURN,STRAIGHT & LEVEL,DARK-HWY NOT LIGHTED,,,5/4/2022 8:41:25 AM,False,5314,Accepted,
30016316,0568000,LOUISVILLE METRO POLICE DEPT,Accepted,JEFFERSON,KY0146,,LA GRANGE,RD,,KY1447,WESTPORT,,,,,38.296974314,-85.506176341,8.246,5/3/2022 12:00:00 AM,1236,2,2,0,0,CLOUDY,DRY,False,OTHER INTERSECTION COLLISIONS,REAR END,STRAIGHT & LEVEL,DAYLIGHT,,,5/4/2022 8:38:58 AM,False,2109,Accepted,
30016350,0568000,LOUISVILLE METRO POLICE DEPT,Accepted,JEFFERSON,KY1727,,TERRY,RD,,,MEMORY,,,,,38.156703856,-85.868132235,2.441,5/3/2022 12:00:00 AM,2100,2,2,0,1,CLEAR,DRY,False,OTHER INTERSECTION COLLISIONS,REAR END,STRAIGHT & LEVEL,DARK-HWY LIGHTED/ON,,,5/4/2022 8:41:00 AM,False,5395,Accepted,
30011768,0568000,LOUISVILLE METRO POLICE DEPT,Accepted,JEFFERSON,,3730,BONAVENTURE,BLVD,,,,,,,,38.122555043,-85.694578280,0.282,5/3/2022 12:00:00 AM,0214,2,2,0,0,CLEAR,DRY,False,1 VEHICLE PARKED POSITION (NOT PARKING LOT/DRIVEWAY),ANGLE,STRAIGHT & LEVEL,DARK-HWY LIGHTED/ON,,,5/3/2022 8:12:03 AM,False,5264,Accepted,
30011769,0568000,LOUISVILLE METRO POLICE DEPT,Accepted,JEFFERSON,,6807,WATTERSON,TRL,S,,,,,,,38.148809963,-85.615285624,2.510,5/3/2022 12:00:00 AM,0349,1,1,0,0,CLEAR,DRY,False,COLLISION WITH FIXED OBJECT NON - INTERSECTION - FIRST EVENT COLLISION 09 - 32 EXCLUDING 16,SINGLE VEHICLE,STRAIGHT & LEVEL,DARK-HWY NOT LIGHTED,,,5/3/2022 8:12:07 AM,False,7106,Accepted,
30016314,0568000,LOUISVILLE METRO POLICE DEPT,Accepted,JEFFERSON,,,CHESTNUT,ST,E,,,,BROOK,,FLOYD,38.248237470,-85.751377956,0.085,5/3/2022 12:00:00 AM,1107,2,2,0,0,CLEAR,DRY,False,SIDESWIPE COLLISION - SAME DIRECTION,SIDESWIPE-SAME DIRECTION,STRAIGHT & LEVEL,DAYLIGHT,,,5/4/2022 8:38:52 AM,False,7220,Accepted,
30049472,0568000,LOUISVILLE METRO POLICE DEPT,Accepted,JEFFERSON,,,MAGAZINE,ST,,,29TH,,,,,38.252221666,-85.799460571,1.773,5/3/2022 12:00:00 AM,0737,2,2,0,2,RAINING,WET,True,ANGLE COLLISION - OTHER,ANGLE,STRAIGHT & LEVEL,DAYLIGHT,,,5/12/2022 8:24:25 AM,False,5251,Accepted,
30034280,0568000,LOUISVILLE METRO POLICE DEPT,Accepted,JEFFERSON,KY1065,200,OUTER,LOOP,,,ALS,,,,,38.126217039,-85.773589331,1.160,5/3/2022 12:00:00 AM,1730,1,1,0,0,CLEAR,DRY,False,COLLISION WITH FIXED OBJECT IN INTERSECTION - FIRST EVENT COLLISION 09 - 32,SINGLE VEHICLE,STRAIGHT & LEVEL,DAYLIGHT,,,5/9/2022 8:30:57 AM,False,7263,Accepted,
30013681,0560300,ST. MATTHEWS POLICE DEPARTMENT,Accepted,JEFFERSON,US0060,5000,SHELBYVILLE,RD,,,,,,,,38.250162787,-85.623291545,5.354,5/3/2022 12:00:00 AM,1322,2,2,0,0,CLOUDY,DRY,False,COLLISION IN PARKING LOT,ANGLE,STRAIGHT & GRADE,DAYLIGHT,,,5/3/2022 4:11:08 PM,False,9150,Accepted,
30016312,0568000,LOUISVILLE METRO POLICE DEPT,Accepted,JEFFERSON,KY0061,,PRESTON,ST,S,,,,CHESTNUT,,SPRINGER,38.247508663,-85.747240829,12.733,5/3/2022 12:00:00 AM,1027,2,2,0,0,CLEAR,DRY,True,SIDESWIPE COLLISION - SAME DIRECTION,SIDESWIPE-SAME DIRECTION,STRAIGHT & LEVEL,DAYLIGHT,,,5/4/2022 8:38:44 AM,False,7229,Accepted,
30016313,0568000,LOUISVILLE METRO POLICE DEPT,Accepted,JEFFERSON,,4113,5TH,ST,S,,,,,,,38.192868327,-85.768334467,1.198,5/3/2022 12:00:00 AM,0749,4,4,0,0,CLEAR,WET,False,1 VEHICLE PARKED POSITION (NOT PARKING LOT/DRIVEWAY),SIDESWIPE-SAME DIRECTION,STRAIGHT & LEVEL,DAYLIGHT,,,5/4/2022 8:38:47 AM,False,5422,Accepted,
30016320,0568000,LOUISVILLE METRO POLICE DEPT,Accepted,JEFFERSON,I 0064,,I64 W,,,,,I 0064,I64 W EXIT8 ON RAMP FROM  GRINSTEAD DR,I 0064,I64 TURN AROUND7,38.248998005,-85.705373057,7.571,5/3/2022 12:00:00 AM,1415,1,1,0,0,RAINING,WET,False,OTHER COLLISIONS ON SHOULDER,SINGLE VEHICLE,STRAIGHT & LEVEL,DAYLIGHT,,,5/4/2022 8:39:14 AM,False,2228,Accepted,
30011775,0568000,LOUISVILLE METRO POLICE DEPT,Accepted,JEFFERSON,,,STONESTREET,RD,,,,,,,,38.120697680,-85.853106293,0.148,5/3/2022 12:00:00 AM,0655,2,2,0,1,RAINING,WET,False,OTHER ROADWAY OR MID-BLOCK COLLISION,REAR TO REAR,CURVE & LEVEL,DARK-HWY LIGHTED/ON,,,5/3/2022 8:12:31 AM,False,7244,Accepted,
30011766,0568000,LOUISVILLE METRO POLICE DEPT,Accepted,JEFFERSON,,,OAK,ST,E,,,,SWAN,,REUTLINGER,38.232790541,-85.735593108,1.093,5/2/2022 12:00:00 AM,0400,4,4,0,0,CLEAR,DRY,True,1 VEHICLE PARKED POSITION (NOT PARKING LOT/DRIVEWAY),SIDESWIPE-SAME DIRECTION,CURVE & LEVEL,DARK-HWY LIGHTED/ON,,,5/3/2022 8:11:53 AM,False,7090,Accepted,
30011750,0568000,LOUISVILLE METRO POLICE DEPT,Accepted,JEFFERSON,KY0155,,TAYLORSVILLE,RD,,,SARATOGA WOODS,,,,,38.185332470,-85.540725898,7.801,5/2/2022 12:00:00 AM,0743,2,2,0,0,CLEAR,DRY,False,ANGLE COLLISION - OTHER,ANGLE,CURVE & HILLCREST,DAYLIGHT,,,5/3/2022 8:10:42 AM,False,4693,Accepted,
30011764,0568000,LOUISVILLE METRO POLICE DEPT,Accepted,JEFFERSON,,3165,2ND,ST,S,,,,,,,38.202834723,-85.763402683,2.291,5/2/2022 12:00:00 AM,0917,2,1,0,1,CLEAR,DRY,False,COLLISION IN PARKING LOT,SINGLE VEHICLE,STRAIGHT & LEVEL,DAYLIGHT,,,5/3/2022 8:11:45 AM,False,5413,Accepted,
30016311,0568000,LOUISVILLE METRO POLICE DEPT,Accepted,JEFFERSON,,,HIKES,LN,,,,,DOWNING,,WILLMAR,38.202786812,-85.654030207,1.279,5/2/2022 12:00:00 AM,1154,2,2,0,1,CLEAR,DRY,False,REAR END IN TRAFFIC LANES BOTH VEHICLES MOVING,REAR END,STRAIGHT & LEVEL,DAYLIGHT,,,5/4/2022 8:38:38 AM,False,5286,Accepted,
30011757,0568000,LOUISVILLE METRO POLICE DEPT,Accepted,JEFFERSON,,,RIVER PARK,DR,,I 0264,I264 E EXIT2 ON RAMP FROM  RIVER PARK DR,,,,,38.254310549,-85.806395463,1.127,5/2/2022 12:00:00 AM,1541,2,2,0,2,CLEAR,DRY,False,ANGLE COLLISION - OTHER,ANGLE,STRAIGHT & LEVEL,DAYLIGHT,,,5/3/2022 8:11:08 AM,False,5355,Accepted,
30011747,0568000,LOUISVILLE METRO POLICE DEPT,Accepted,JEFFERSON,KY1931,8201,ST ANDREWS CHURCH,RD,,,,,,,,38.145606955,-85.832298933,3.590,5/2/2022 12:00:00 AM,0724,2,2,0,0,CLEAR,DRY,False,REAR END IN TRAFFIC LANES BOTH VEHICLES MOVING,REAR END,STRAIGHT & LEVEL,DAWN,,,5/3/2022 8:10:24 AM,False,5100,Accepted,
30034305,0568000,LOUISVILLE METRO POLICE DEPT,Accepted,JEFFERSON,US0031W,,DIXIE,HWY,,,,,,,,38.142980952,-85.839760768,11.650,5/2/2022 12:00:00 AM,1300,2,2,0,0,CLEAR,DRY,False,SIDESWIPE COLLISION - SAME DIRECTION,SIDESWIPE-SAME DIRECTION,STRAIGHT & LEVEL,DAYLIGHT,,,5/9/2022 8:33:41 AM,False,5170,Accepted,
30034300,0568000,LOUISVILLE METRO POLICE DEPT,Accepted,JEFFERSON,I 0065,,,,,,,,,,,38.191994732,-85.731443872,1.321,5/2/2022 12:00:00 AM,1225,2,2,0,0,CLEAR,DRY,True,OTHER RAMP RELATED COLLISIONS NOT LISTED ABOVE,SIDESWIPE-SAME DIRECTION,CURVE & GRADE,DAYLIGHT,I 0065,I 0264,5/9/2022 8:33:08 AM,False,7251,Accepted,
30148705,0568000,LOUISVILLE METRO POLICE DEPT,Accepted,JEFFERSON,,,DIXIE,HWY,,,BERNHEIM,,,,,38.221428414,-85.793238460,1.994,5/2/2022 12:00:00 AM,1228,2,2,0,1,CLEAR,DRY,False,ANGLE COLLISION - OTHER,ANGLE,STRAIGHT & LEVEL,DAYLIGHT,,,6/6/2022 8:35:57 AM,False,5161,Accepted,
30011770,0568000,LOUISVILLE METRO POLICE DEPT,Accepted,JEFFERSON,US0031E,,BUECHEL,BYP,,,HIKES,,,,,38.198141409,-85.660809547,10.954,5/2/2022 12:00:00 AM,2115,2,2,0,0,CLEAR,DRY,False,OTHER INTERSECTION COLLISIONS,REAR END,STRAIGHT & LEVEL,DARK-HWY LIGHTED/ON,,,5/3/2022 8:12:11 AM,False,5300,Accepted,
30010875,0561000,JEFFERSONTOWN POLICE DEPT,Accepted,JEFFERSON,I 0064,,I64 E,,,,,,,,,38.222686404,-85.565794520,15.739,5/2/2022 12:00:00 AM,1650,3,3,0,1,CLEAR,DRY,False,SIDESWIPE COLLISION - SAME DIRECTION,SIDESWIPE-SAME DIRECTION,STRAIGHT & LEVEL,DAYLIGHT,,,5/3/2022 12:52:28 AM,False,8289,Accepted,
30011751,0568000,LOUISVILLE METRO POLICE DEPT,Accepted,JEFFERSON,US0031E,,BARDSTOWN,RD,,,,,,,,38.149558086,-85.587067057,5.531,5/2/2022 12:00:00 AM,1120,1,1,0,0,CLEAR,DRY,False,COLLISION WITH FIXED OBJECT NON - INTERSECTION - FIRST EVENT COLLISION 09 - 32 EXCLUDING 16,SINGLE VEHICLE,STRAIGHT & LEVEL,DAYLIGHT,,,5/3/2022 8:10:47 AM,False,4693,Accepted,
30011754,0568000,LOUISVILLE METRO POLICE DEPT,Accepted,JEFFERSON,KY0022,,BROWNSBORO,RD,,,SIMCOE,,,,,38.308018430,-85.574040143,3.985,5/2/2022 12:00:00 AM,1519,2,2,0,0,CLEAR,DRY,False,OTHER INTERSECTION COLLISIONS,REAR END,STRAIGHT & LEVEL,DAYLIGHT,,,5/3/2022 8:11:00 AM,False,7678,Accepted,
30011760,0568000,LOUISVILLE METRO POLICE DEPT,Accepted,JEFFERSON,,,MUHAMMAD ALI,BLVD,W,,32ND,,,,,38.256349916,-85.804900801,2.875,5/2/2022 12:00:00 AM,1604,2,1,0,1,CLEAR,DRY,True,COLLISION WITH PEDESTRIAN IN INTERSECTION,SINGLE VEHICLE,STRAIGHT & LEVEL,DAYLIGHT,,,5/3/2022 8:11:22 AM,False,5408,Accepted,
30011761,0568000,LOUISVILLE METRO POLICE DEPT,Accepted,JEFFERSON,,5020,NORTON HEALTHCARE,BLVD,,,,,,,,38.314847842,-85.573189458,0.469,5/2/2022 12:00:00 AM,1251,2,1,0,1,CLEAR,DRY,False,COLLISION IN PARKING LOT,SINGLE VEHICLE,STRAIGHT & LEVEL,DAYLIGHT,,,5/3/2022 8:11:28 AM,False,7111,Accepted,
30011762,0568000,LOUISVILLE METRO POLICE DEPT,Accepted,JEFFERSON,US0031W,10337,DIXIE,HWY,,,,,,,,38.105561321,-85.868019891,8.474,5/2/2022 12:00:00 AM,1056,1,1,0,0,CLEAR,DRY,False,1 VEHICLE ENTERING OR LEAVING PARKED POSITION (NOT PARKING LOT),SINGLE VEHICLE,STRAIGHT & LEVEL,DAYLIGHT,,,5/3/2022 8:11:35 AM,False,7336,Accepted,
30011753,0568000,LOUISVILLE METRO POLICE DEPT,Accepted,JEFFERSON,KY0155,,TAYLORSVILLE,RD,,,BON AIR,,,,,38.222881023,-85.668461195,15.651,5/2/2022 12:00:00 AM,1439,2,2,0,0,CLOUDY,DRY,False,OTHER INTERSECTION COLLISIONS,REAR END,STRAIGHT & LEVEL,DAYLIGHT,,,5/3/2022 8:10:56 AM,False,7740,Accepted,
30011763,0568000,LOUISVILLE METRO POLICE DEPT,Accepted,JEFFERSON,US0150,,BROADWAY,,W,,11TH,,,,,38.247378723,-85.769939324,1.749,5/2/2022 12:00:00 AM,1718,2,2,0,1,CLEAR,DRY,False,ANGLE COLLISION - OTHER,ANGLE,STRAIGHT & LEVEL,UNKNOWN,,,5/3/2022 8:11:40 AM,False,5338,Accepted,
30028548,0560400,SHIVELY POLICE DEPARTMENT,Accepted,JEFFERSON,I 0264,,I264 W,,,,,I 0264,I264 W EXIT8A OFF RAMP TO US31W N,I 0264,I264 E EXIT8B OFF RAMP TO US31W S,38.185546666,-85.809503608,7.773,5/2/2022 12:00:00 AM,1709,2,2,0,0,CLEAR,DRY,True,SIDESWIPE COLLISION - SAME DIRECTION,SIDESWIPE-SAME DIRECTION,STRAIGHT & LEVEL,DAYLIGHT,,,5/7/2022 9:10:47 AM,False,7088,Accepted,
30016327,0568000,LOUISVILLE METRO POLICE DEPT,Accepted,JEFFERSON,,,8TH,ST,S,US0150,BROADWAY,,,,,38.246763780,-85.765108466,0.756,5/2/2022 12:00:00 AM,0930,2,2,0,0,CLEAR,DRY,False,OTHER INTERSECTION COLLISIONS,REAR END,STRAIGHT & LEVEL,DAYLIGHT,,,5/4/2022 8:39:39 AM,False,5354,Accepted,
30020656,0568000,LOUISVILLE METRO POLICE DEPT,Accepted,JEFFERSON,,,ST CATHERINE,ST,E,KY0061,PRESTON,,,,,38.235583175,-85.749187214,1.024,5/2/2022 12:00:00 AM,0447,2,2,0,1,CLEAR,DRY,False,SIDESWIPE-SAME DIRECTION,SIDESWIPE-SAME DIRECTION,CURVE & LEVEL,DARK (UNKNOWN ROADWAY LIGHTING),,,5/5/2022 8:18:39 AM,False,5050,Accepted,
30032005,0565000,LYNDON POLICE DEPARTMENT,Accepted,JEFFERSON,KY0022,4900,BROWNSBORO,RD,,,,,,,,38.281823890,-85.631775529,0.193,5/2/2022 12:00:00 AM,1720,2,2,0,1,CLEAR,DRY,False,1 VEHICLE ENTERING/LEAVING ENTRANCE,ANGLE,STRAIGHT & LEVEL,DAYLIGHT,,,5/8/2022 5:47:29 PM,False,1388,Accepted,
30020650,0568000,LOUISVILLE METRO POLICE DEPT,Accepted,JEFFERSON,,,KESWICK,BLVD,,,,,DELOR,,FETTER,38.218713309,-85.738475288,0.279,5/1/2022 12:00:00 AM,0359,1,1,0,1,CLEAR,DRY,False,COLLISION WITH FIXED OBJECT NON - INTERSECTION - FIRST EVENT COLLISION 09 - 32 EXCLUDING 16,SINGLE VEHICLE,CURVE & LEVEL,DARK-HWY LIGHTED/ON,,,5/5/2022 8:18:09 AM,False,7527,Accepted,
30031043,0566900,LOUISVILLE AIRPORT POLICE,Accepted,JEFFERSON,,4650,AIRFREIGHT,DR,,,,,,,,38.184637817,-85.744823843,0.375,5/1/2022 12:00:00 AM,2100,2,2,0,0,CLEAR,DRY,False,COLLISION IN PARKING LOT,BACKING,STRAIGHT & LEVEL,DUSK,,,5/8/2022 7:35:26 AM,False,5884,Accepted,
30016520,0568000,LOUISVILLE METRO POLICE DEPT,Accepted,JEFFERSON,US0031E,3000B,BARDSTOWN,RD,,,,,,,,38.215185013,-85.674409528,12.346,5/1/2022 12:00:00 AM,2121,2,1,0,0,CLEAR,DRY,False,1 VEHICLE PARKED POSITION (NOT PARKING LOT/DRIVEWAY),BACKING,STRAIGHT & LEVEL,DARK-HWY LIGHTED/ON,,,5/4/2022 9:30:37 AM,False,7304,Accepted,
30016326,0568000,LOUISVILLE METRO POLICE DEPT,Accepted,JEFFERSON,,,BARN,RD,,,,,BARNWOOD,KY6323,SMITH,38.133980067,-85.596597124,0.050,5/1/2022 12:00:00 AM,1102,3,3,1,0,CLEAR,DRY,False,1 VEHICLE PARKED POSITION (NOT PARKING LOT/DRIVEWAY),ANGLE,STRAIGHT & LEVEL,DAYLIGHT,,,5/4/2022 8:39:34 AM,False,2308,Accepted,
30020655,0568000,LOUISVILLE METRO POLICE DEPT,Accepted,JEFFERSON,,,KENTUCKY,ST,E,,,,,,,38.238090926,-85.751763038,0.159,5/1/2022 12:00:00 AM,1902,2,2,0,1,CLEAR,DRY,False,SIDESWIPE COLLISION - SAME DIRECTION,SIDESWIPE-SAME DIRECTION,STRAIGHT & LEVEL,DAYLIGHT,,,5/5/2022 8:18:35 AM,False,5050,Accepted,
30109017,0568000,LOUISVILLE METRO POLICE DEPT,Accepted,JEFFERSON,KY0061,,JACKSON,ST,S,,FINZER,,,,,38.244028518,-85.745793066,12.211,5/1/2022 12:00:00 AM,1215,2,2,0,0,CLEAR,DRY,False,COLLISION WITH PARKED VEHICLE,REAR END,STRAIGHT & LEVEL,DAYLIGHT,,,5/27/2022 7:44:59 AM,False,7705,Accepted,
30138311,0568000,LOUISVILLE METRO POLICE DEPT,Accepted,JEFFERSON,US0042,1431,STORY,AVE,,,,,,,,38.256528587,-85.727074418,0.332,5/1/2022 12:00:00 AM,1736,2,2,0,0,CLEAR,DRY,False,1 VEHICLE PARKED POSITION (NOT PARKING LOT/DRIVEWAY),REAR END,STRAIGHT & LEVEL,DAYLIGHT,,,6/3/2022 8:12:51 AM,False,7487,Accepted,
30007942,0568000,LOUISVILLE METRO POLICE DEPT,Accepted,JEFFERSON,,4913,MARYMAN,RD,,,ARLIS,,,,,38.133788801,-85.850013106,0.219,5/1/2022 12:00:00 AM,0325,1,1,0,0,CLOUDY,WET,True,OTHER INTERSECTION COLLISIONS,SINGLE VEHICLE,CURVE & LEVEL,DARK-HWY NOT LIGHTED,,,5/2/2022 10:03:20 AM,False,5211,Accepted,
30024720,0568000,LOUISVILLE METRO POLICE DEPT,Accepted,JEFFERSON,,,MAGAZINE,ST,,,24TH,,,,,38.251430251,-85.792133335,1.366,5/1/2022 12:00:00 AM,1948,2,2,0,1,CLEAR,DRY,False,ANGLE COLLISION - ONE VEHICLE TURNING RIGHT,ANGLE,STRAIGHT & LEVEL,DAYLIGHT,,,5/6/2022 7:19:46 AM,False,5365,Accepted,
30016342,0568000,LOUISVILLE METRO POLICE DEPT,Accepted,JEFFERSON,,2428,PROCTOR KNOTT,DR,,,,,,,,38.206867152,-85.663343352,0.006,5/1/2022 12:00:00 AM,1420,2,2,0,0,CLEAR,DRY,False,1 VEHICLE PARKED POSITION (NOT PARKING LOT/DRIVEWAY),BACKING,STRAIGHT & LEVEL,DAYLIGHT,,,5/4/2022 8:40:40 AM,False,5269,Accepted,
30020629,0568000,LOUISVILLE METRO POLICE DEPT,Accepted,JEFFERSON,KY1727,6900,TERRY,RD,,,,,,,,38.146484243,-85.871567746,1.717,5/1/2022 12:00:00 AM,1720,1,1,0,1,CLEAR,DRY,False,OTHER ROADWAY OR MID-BLOCK COLLISION,SINGLE VEHICLE,STRAIGHT & LEVEL,DAYLIGHT,,,5/5/2022 8:16:38 AM,False,7524,Accepted,