IncidentID,AgencyORI,AgencyName,IncidentStatusDesc,County,RdwyNumber,Street,RoadwayName,StreetSfx,StreetDir,IntersectionRdwy,IntersectionRdwyName,BetweenStRdwy1,BetweenStRdwyName1,BetweenStRdwy2,BetweenStRdwyName2,Latitude,Longitude,Milepoint,CollisionDate,CollisionTime,UnitsInvolved,MotorVehiclesInvolved,NumberKilled,NumberInjured,Weather,RdwyConditionCode,HitandRun,DirAnalysisCode,MannerofCollision,RdwyCharacter,LightCondition,RampFromRdwyId,RampToRdwyId,AcceptedDate,IsSecondaryCollision,OwnerBadge,IncidentStatus,
30020646,0568000,LOUISVILLE METRO POLICE DEPT,Accepted,JEFFERSON,,,41ST,ST,S,,VIRGINIA,,,,,38.239959442,-85.820758517,0.480,5/1/2022 12:00:00 AM,2059,1,1,0,1,CLEAR,DRY,False,NON-COLLISION OBJECT COLLISION,SINGLE VEHICLE,STRAIGHT & LEVEL,DUSK,,,5/5/2022 8:17:52 AM,False,7309,Accepted,
30007533,0568000,LOUISVILLE METRO POLICE DEPT,Accepted,JEFFERSON,,,HOLLY LAKE,DR,,,CEDAR LAKE,,,,,38.147107334,-85.583848136,0.067,5/1/2022 12:00:00 AM,0056,2,2,0,0,CLOUDY,WET,False,COLLISION WITH PARKED VEHICLE,HEAD ON,STRAIGHT & LEVEL,DARK-HWY NOT LIGHTED,,,5/2/2022 8:41:16 AM,False,6028,Accepted,
30007609,0568000,LOUISVILLE METRO POLICE DEPT,Accepted,JEFFERSON,US0031E,,BARDSTOWN,RD,,,,,BRIGHTON,,WADSWORTH,38.214476643,-85.673839351,12.287,5/1/2022 12:00:00 AM,2030,3,3,0,0,CLEAR,DRY,False,SIDESWIPE COLLISION - SAME DIRECTION,SIDESWIPE-SAME DIRECTION,STRAIGHT & LEVEL,DUSK,,,5/2/2022 8:44:48 AM,False,2816,Accepted,
30007617,0568000,LOUISVILLE METRO POLICE DEPT,Accepted,JEFFERSON,KY0155,,TAYLORSVILLE,RD,,,MCMAHAN,,,,,38.219583265,-85.619457715,12.986,5/1/2022 12:00:00 AM,1946,4,4,0,1,CLEAR,DRY,False,OTHER INTERSECTION COLLISIONS,REAR END,STRAIGHT & LEVEL,DAYLIGHT,,,5/2/2022 8:45:30 AM,False,5317,Accepted,
30007573,0568000,LOUISVILLE METRO POLICE DEPT,Accepted,JEFFERSON,,,ST CATHERINE,ST,W,,,,,,,38.236874411,-85.754947806,0.001,5/1/2022 12:00:00 AM,1109,2,2,0,2,CLEAR,DRY,False,1 VEHICLE ENTERING/LEAVING ENTRANCE,ANGLE,STRAIGHT & LEVEL,DAYLIGHT,,,5/2/2022 8:43:26 AM,False,5258,Accepted,
30007584,0568000,LOUISVILLE METRO POLICE DEPT,Accepted,JEFFERSON,KY1065,,OUTER,LOOP,,,,,,,,38.136511205,-85.702399039,5.193,5/1/2022 12:00:00 AM,1745,2,2,0,0,CLEAR,DRY,False,1 VEHICLE ENTERING/LEAVING ENTRANCE,ANGLE,STRAIGHT & GRADE,DAYLIGHT,,,5/2/2022 8:43:38 AM,False,7357,Accepted,
30007593,0568000,LOUISVILLE METRO POLICE DEPT,Accepted,JEFFERSON,,,PETERSON,AVE,S,,,US0060,FRANKFORT,,GEORGE ROGERS CLARK,38.253453362,-85.697959591,0.037,5/1/2022 12:00:00 AM,1630,4,4,0,1,CLEAR,DRY,True,1 VEHICLE ENTERING/LEAVING ENTRANCE,ANGLE,STRAIGHT & LEVEL,DAYLIGHT,,,5/2/2022 8:43:50 AM,False,7043,Accepted,
30007567,0568000,LOUISVILLE METRO POLICE DEPT,Accepted,JEFFERSON,US0031E,,BARDSTOWN,RD,,,,,,,,38.141871410,-85.583271550,4.945,5/1/2022 12:00:00 AM,1111,2,2,0,0,CLEAR,DRY,False,1 VEHICLE ENTERING/LEAVING ENTRANCE,ANGLE,STRAIGHT & LEVEL,DAYLIGHT,,,5/2/2022 8:43:00 AM,False,7670,Accepted,
30007598,0568000,LOUISVILLE METRO POLICE DEPT,Accepted,JEFFERSON,KY1931,8008,ST ANDREWS CHURCH,RD,,,,,,,,38.145551044,-85.832492849,3.579,5/1/2022 12:00:00 AM,1510,1,1,0,1,CLEAR,DRY,True,OTHER ROADWAY OR MID-BLOCK COLLISION,SINGLE VEHICLE,STRAIGHT & LEVEL,DAYLIGHT,,,5/2/2022 8:44:08 AM,False,2311,Accepted,
30007599,0568000,LOUISVILLE METRO POLICE DEPT,Accepted,JEFFERSON,,10409,DEERING,RD,,,,,,,,38.102159483,-85.861009093,0.245,5/1/2022 12:00:00 AM,1905,2,2,0,0,CLEAR,DRY,False,OTHER ROADWAY OR MID-BLOCK COLLISION,REAR END,STRAIGHT & LEVEL,DAYLIGHT,,,5/2/2022 8:44:13 AM,False,5212,Accepted,
30007600,0568000,LOUISVILLE METRO POLICE DEPT,Accepted,JEFFERSON,KY1142,810,PALATKA,RD,,,,,,,,38.149680896,-85.773865856,1.603,5/1/2022 12:00:00 AM,1333,2,2,0,1,CLEAR,DRY,False,HEAD-ON COLLISION,HEAD ON,STRAIGHT & LEVEL,DAYLIGHT,,,5/2/2022 8:44:16 AM,False,7483,Accepted,
30007607,0568000,LOUISVILLE METRO POLICE DEPT,Accepted,JEFFERSON,US0031E,,BARDSTOWN,RD,,,ICHABOD,,,,,38.131516309,-85.578179848,4.175,5/1/2022 12:00:00 AM,2129,2,2,0,2,CLEAR,DRY,False,ANGLE COLLISION - OTHER,ANGLE,STRAIGHT & LEVEL,DARK-HWY LIGHTED/OFF,,,5/2/2022 8:44:41 AM,False,7827,Accepted,
30007608,0568000,LOUISVILLE METRO POLICE DEPT,Accepted,JEFFERSON,US0031E,3300,BARDSTOWN,RD,,,,,,,,38.208267778,-85.669089146,11.768,5/1/2022 12:00:00 AM,1848,2,2,0,0,CLEAR,DRY,True,COLLISION IN PARKING LOT,BACKING,STRAIGHT & LEVEL,DAYLIGHT,,,5/2/2022 8:44:45 AM,False,5299,Accepted,
30016323,0568000,LOUISVILLE METRO POLICE DEPT,Accepted,JEFFERSON,US0031W,,DIXIE,HWY,,,TRENT,,,,,38.162067615,-85.831799963,12.875,5/1/2022 12:00:00 AM,1939,2,2,1,0,CLEAR,DRY,False,OTHER INTERSECTION COLLISIONS,REAR END,STRAIGHT & LEVEL,DAYLIGHT,,,5/4/2022 8:39:23 AM,False,6886,Accepted,
30007565,0568000,LOUISVILLE METRO POLICE DEPT,Accepted,JEFFERSON,KY1703,,BAXTER,AVE,,,ROSEWOOD,,,,,38.232798203,-85.718331213,5.074,5/1/2022 12:00:00 AM,1200,2,2,0,0,CLEAR,DRY,False,ANGLE COLLISION - OTHER,ANGLE,STRAIGHT & LEVEL,DAYLIGHT,,,5/2/2022 8:42:53 AM,False,7793,Accepted,
30007540,0568000,LOUISVILLE METRO POLICE DEPT,Accepted,JEFFERSON,US0060A,,EASTERN,PKWY,,KY0864,GOSS,,,,,38.224439337,-85.729711068,5.558,5/1/2022 12:00:00 AM,0309,2,2,0,0,CLEAR,DRY,False,SIDESWIPE-SAME DIRECTION,SIDESWIPE-SAME DIRECTION,CURVE & GRADE,DARK (UNKNOWN ROADWAY LIGHTING),,,5/2/2022 8:41:47 AM,False,5050,Accepted,
30007542,0568000,LOUISVILLE METRO POLICE DEPT,Accepted,JEFFERSON,,5000,FAMOUS,WAY,,,,,,,,38.130797729,-85.670790312,0.532,5/1/2022 12:00:00 AM,0048,1,1,0,0,CLEAR,DRY,True,COLLISION WITH FIXED OBJECT NON - INTERSECTION - FIRST EVENT COLLISION 09 - 32 EXCLUDING 16,SINGLE VEHICLE,STRAIGHT & LEVEL,DARK-HWY LIGHTED/ON,,,5/2/2022 8:41:52 AM,False,7379,Accepted,
30007550,0568000,LOUISVILLE METRO POLICE DEPT,Accepted,JEFFERSON,,,PARK,RD,S,,,,CLUB HILL,,PARK,38.110664004,-85.734542324,3.906,5/1/2022 12:00:00 AM,0042,1,1,0,0,CLEAR,DRY,False,OTHER COLLISIONS ON SHOULDER,SINGLE VEHICLE,CURVE & LEVEL,DARK-HWY NOT LIGHTED,,,5/2/2022 8:42:12 AM,False,5220,Accepted,
30063543,0568000,LOUISVILLE METRO POLICE DEPT,Accepted,JEFFERSON,,,BROOK,ST,S,,OAK,,,,,38.234448257,-85.753689999,1.978,5/1/2022 12:00:00 AM,2235,2,2,0,0,CLEAR,DRY,False,ANGLE COLLISION - OTHER,ANGLE,STRAIGHT & LEVEL,DARK-HWY LIGHTED/ON,,,5/16/2022 8:26:55 AM,False,5196,Accepted,
30007564,0568000,LOUISVILLE METRO POLICE DEPT,Accepted,JEFFERSON,,,SOUTHERN,PKWY,,KY1865,NEW CUT,,,,,38.169912026,-85.781267342,1.024,5/1/2022 12:00:00 AM,0738,1,1,0,0,CLEAR,WET,True,COLLISION WITH FIXED OBJECT IN INTERSECTION - FIRST EVENT COLLISION 09 - 32,SINGLE VEHICLE,STRAIGHT & LEVEL,DAWN,,,5/2/2022 8:42:49 AM,False,7483,Accepted,
30007577,0568000,LOUISVILLE METRO POLICE DEPT,Accepted,JEFFERSON,US0031E,,BARDSTOWN,RD,,,GRINSTEAD,,,,,38.238444516,-85.721053913,15.419,5/1/2022 12:00:00 AM,1800,2,2,0,0,CLEAR,DRY,True,OTHER INTERSECTION COLLISIONS,REAR TO REAR,STRAIGHT & LEVEL,DAYLIGHT,,,5/2/2022 8:43:32 AM,False,7793,Accepted,
30007613,0568000,LOUISVILLE METRO POLICE DEPT,Accepted,JEFFERSON,KY0061,5117,PRESTON,HWY,,,,,,,,38.173702064,-85.711753872,6.791,5/1/2022 12:00:00 AM,2347,2,2,0,0,CLEAR,DRY,True,1 VEHICLE ENTERING/LEAVING ENTRANCE,ANGLE,STRAIGHT & LEVEL,DARK-HWY LIGHTED/ON,,,5/2/2022 8:45:07 AM,False,5189,Accepted,
30007570,0568000,LOUISVILLE METRO POLICE DEPT,Accepted,JEFFERSON,KY0864,,BEULAH CHURCH,RD,,,,,ADAMS RUN,,ARBOR MANOR,38.119005763,-85.615167296,2.969,5/1/2022 12:00:00 AM,1315,3,3,0,0,CLEAR,DRY,False,OTHER ROADWAY OR MID-BLOCK COLLISION,REAR END,STRAIGHT & HILLCREST,DAYLIGHT,,,5/2/2022 8:43:11 AM,False,2017,Accepted,
30007604,0568000,LOUISVILLE METRO POLICE DEPT,Accepted,JEFFERSON,,6922,SANDSTONE,BLVD,,,,,,,,38.147637218,-85.649032294,0.020,5/1/2022 12:00:00 AM,2110,1,1,0,0,CLEAR,DRY,False,COLLISION WITH FIXED OBJECT NON - INTERSECTION - FIRST EVENT COLLISION 09 - 32 EXCLUDING 16,SINGLE VEHICLE,STRAIGHT & LEVEL,DARK-HWY LIGHTED/ON,,,5/2/2022 8:44:28 AM,False,5341,Accepted,
30007611,0568000,LOUISVILLE METRO POLICE DEPT,Accepted,JEFFERSON,US0060A,611,WINKLER,AVE,,,,,,,,38.211107015,-85.769384418,2.767,5/1/2022 12:00:00 AM,2018,1,1,0,0,CLEAR,DRY,False,COLLISION IN PARKING LOT,SINGLE VEHICLE,STRAIGHT & LEVEL,DAYLIGHT,,,5/2/2022 8:44:57 AM,False,5342,Accepted,
30007612,0568000,LOUISVILLE METRO POLICE DEPT,Accepted,JEFFERSON,KY0155,,TAYLORSVILLE,RD,,KY2048,DUTCHMANS,,,,,38.222153841,-85.658295969,15.102,5/1/2022 12:00:00 AM,2325,2,2,0,0,CLEAR,DRY,False,ANGLE COLLISION - OTHER,ANGLE,STRAIGHT & LEVEL,DARK-HWY LIGHTED/ON,,,5/2/2022 8:45:02 AM,False,5296,Accepted,
30007595,0568000,LOUISVILLE METRO POLICE DEPT,Accepted,JEFFERSON,US0031W,,DIXIE,HWY,,,,,,,,38.163006531,-85.831128510,12.947,5/1/2022 12:00:00 AM,1302,4,4,0,0,CLEAR,DRY,False,OTHER ROADWAY OR MID-BLOCK COLLISION,REAR END,STRAIGHT & LEVEL,DAYLIGHT,,,5/2/2022 8:43:56 AM,False,7340,Accepted,
30007596,0568000,LOUISVILLE METRO POLICE DEPT,Accepted,JEFFERSON,,,BLANTON,LN,,,,,,,,38.157327942,-85.833659191,0.015,5/1/2022 12:00:00 AM,1830,1,1,0,2,CLEAR,DRY,False,COLLISION WITH FIXED OBJECT NON - INTERSECTION - FIRST EVENT COLLISION 09 - 32 EXCLUDING 16,SINGLE VEHICLE,STRAIGHT & LEVEL,DAYLIGHT,,,5/2/2022 8:44:02 AM,False,7340,Accepted,
30011767,0568000,LOUISVILLE METRO POLICE DEPT,Accepted,JEFFERSON,US0031E,,BUECHEL,BYP,,KY2251,KY2251 CROSSOVER,,,,,38.190504807,-85.644461688,9.894,5/1/2022 12:00:00 AM,2122,3,3,0,3,CLEAR,DRY,False,HEAD-ON COLLISION,HEAD ON,STRAIGHT & LEVEL,DARK-HWY LIGHTED/ON,,,5/3/2022 8:11:58 AM,False,5346,Accepted,
30007836,0568000,LOUISVILLE METRO POLICE DEPT,Accepted,JEFFERSON,KY1065,,OUTER,LOOP,,,,,,,,38.136686890,-85.702387723,5.185,5/1/2022 12:00:00 AM,1351,2,1,0,0,CLEAR,DRY,False,OTHER ROADWAY OR MID-BLOCK COLLISION,REAR END,STRAIGHT & LEVEL,DAYLIGHT,,,5/2/2022 8:43:19 AM,False,2017,Accepted,
30007544,0568000,LOUISVILLE METRO POLICE DEPT,Accepted,JEFFERSON,,,41ST,ST,S,,RIVER PARK,,,,,38.255742025,-85.819024462,1.390,5/1/2022 12:00:00 AM,0223,3,3,0,0,CLOUDY,DRY,False,COLLISION WITH PARKED VEHICLE,REAR END,STRAIGHT & LEVEL,DARK-HWY LIGHTED/ON,,,5/2/2022 8:41:56 AM,False,5285,Accepted,
30007545,0568000,LOUISVILLE METRO POLICE DEPT,Accepted,JEFFERSON,I 0265,,I265 E,,,I 0265,I265 E EXIT14 ON RAMP FROM  SMYRNA PKWY,,,,,38.121286724,-85.627484674,14.449,5/1/2022 12:00:00 AM,0433,2,2,0,1,CLEAR,DRY,False,SIDESWIPE-SAME DIRECTION,SIDESWIPE-SAME DIRECTION,STRAIGHT & LEVEL,DARK-HWY LIGHTED/ON,,,5/2/2022 8:42:00 AM,False,5040,Accepted,
30007546,0568000,LOUISVILLE METRO POLICE DEPT,Accepted,JEFFERSON,,,CENTRAL,AVE,,,5TH,,,,,38.205421856,-85.767173502,0.528,5/1/2022 12:00:00 AM,0646,1,1,0,0,CLOUDY,DRY,False,OTHER INTERSECTION COLLISIONS,SINGLE VEHICLE,STRAIGHT & LEVEL,DAWN,,,5/2/2022 8:42:04 AM,False,5316,Accepted,
30007556,0568000,LOUISVILLE METRO POLICE DEPT,Accepted,JEFFERSON,US0031W,,DR W J HODGE,ST,,US0150,BROADWAY,,,,,38.249156314,-85.786522937,19.649,5/1/2022 12:00:00 AM,0033,4,4,0,3,CLOUDY,WET,True,ANGLE COLLISION - OTHER,ANGLE,STRAIGHT & LEVEL,DARK-HWY LIGHTED/ON,,,5/2/2022 8:42:20 AM,False,5021,Accepted,
30007569,0568000,LOUISVILLE METRO POLICE DEPT,Accepted,JEFFERSON,KY0061,,PRESTON,HWY,,,ANTLE,,,,,38.087528391,-85.667827498,0.258,5/1/2022 12:00:00 AM,1031,2,2,0,1,CLEAR,DRY,False,ANGLE COLLISION - OTHER,ANGLE,STRAIGHT & LEVEL,DAYLIGHT,,,5/2/2022 8:43:07 AM,False,2017,Accepted,
30007538,0568000,LOUISVILLE METRO POLICE DEPT,Accepted,JEFFERSON,,3233,DUMESNIL,ST,,,,,,,,38.237494233,-85.808554284,0.637,5/1/2022 12:00:00 AM,0242,2,2,0,1,RAINING,WET,False,1 VEHICLE PARKED POSITION (NOT PARKING LOT/DRIVEWAY),SIDESWIPE-SAME DIRECTION,STRAIGHT & LEVEL,DARK-HWY LIGHTED/ON,,,5/2/2022 8:41:43 AM,False,5303,Accepted,
30007537,0568000,LOUISVILLE METRO POLICE DEPT,Accepted,JEFFERSON,KY1931,7808,ST ANDREWS CHURCH,RD,,,,,,,,38.151322277,-85.820705398,4.341,4/30/2022 12:00:00 AM,2347,2,2,0,1,CLEAR,WET,False,1 VEHICLE ENTERING/LEAVING ENTRANCE,ANGLE,STRAIGHT & LEVEL,DARK (UNKNOWN ROADWAY LIGHTING),,,5/2/2022 8:41:38 AM,False,5312,Accepted,
30007519,0568000,LOUISVILLE METRO POLICE DEPT,Accepted,JEFFERSON,,,MINOR,LN,,,HOLIDAY,,,,,38.128400573,-85.711291013,0.474,4/30/2022 12:00:00 AM,1613,2,2,0,0,CLEAR,DRY,False,ANGLE COLLISION - OTHER,ANGLE,STRAIGHT & LEVEL,DAYLIGHT,,,5/2/2022 8:39:55 AM,False,7090,Accepted,
30007520,0568000,LOUISVILLE METRO POLICE DEPT,Accepted,JEFFERSON,,,24TH,ST,S,,CHESTNUT,,,,,38.252836318,-85.791797140,0.525,4/30/2022 12:00:00 AM,1137,2,2,0,1,CLOUDY,DRY,False,ANGLE COLLISION - OTHER,ANGLE,STRAIGHT & LEVEL,DAYLIGHT,,,5/2/2022 8:39:58 AM,False,7805,Accepted,
30007521,0568000,LOUISVILLE METRO POLICE DEPT,Accepted,JEFFERSON,KY0061,,PRESTON,HWY,,,,,OKOLONA,KY1065,OUTER,38.137555531,-85.686166697,3.891,4/30/2022 12:00:00 AM,1600,2,2,0,0,CLEAR,DRY,False,1 VEHICLE ENTERING/LEAVING ENTRANCE,ANGLE,STRAIGHT & LEVEL,DAYLIGHT,,,5/2/2022 8:40:03 AM,False,2017,Accepted,
30007522,0568000,LOUISVILLE METRO POLICE DEPT,Accepted,JEFFERSON,KY1065,,OUTER,LOOP,,,,,CAROL,,NOLTEMEYER WYNDE,38.138207556,-85.682087931,6.314,4/30/2022 12:00:00 AM,1628,2,2,0,0,CLEAR,DRY,False,OTHER ROADWAY OR MID-BLOCK COLLISION,REAR END,STRAIGHT & LEVEL,DAYLIGHT,,,5/2/2022 8:40:08 AM,False,2017,Accepted,
30007495,0568000,LOUISVILLE METRO POLICE DEPT,Accepted,JEFFERSON,KY1931,,ST ANDREWS CHURCH,RD,,,ST ANTHONY CHURCH,,,,,38.150655697,-85.821706175,4.270,4/30/2022 12:00:00 AM,0046,2,2,0,4,CLEAR,DRY,False,ANGLE COLLISION - OTHER,ANGLE,STRAIGHT & LEVEL,DARK-HWY LIGHTED/ON,,,5/2/2022 8:37:55 AM,False,5212,Accepted,
30007505,0568000,LOUISVILLE METRO POLICE DEPT,Accepted,JEFFERSON,,,CARLISLE,AVE,,,PEACHTREE,,,,,38.194306534,-85.779809297,0.676,4/30/2022 12:00:00 AM,0310,2,2,0,0,CLOUDY,DRY,True,COLLISION WITH PARKED VEHICLE,REAR END,STRAIGHT & LEVEL,DAYLIGHT,,,5/2/2022 8:39:01 AM,False,5205,Accepted,
30007561,0568000,LOUISVILLE METRO POLICE DEPT,Accepted,JEFFERSON,,,RIVER,RD,,,MOCKINGBIRD VALLEY,,,,,38.279112153,-85.696790961,,4/30/2022 12:00:00 AM,1731,2,2,0,4,CLEAR,DRY,False,ANGLE COLLISION - OTHER,ANGLE,STRAIGHT & LEVEL,DAYLIGHT,,,5/2/2022 8:42:35 AM,False,7043,Accepted,
30007562,0568000,LOUISVILLE METRO POLICE DEPT,Accepted,JEFFERSON,KY1065,191,OUTER,LOOP,,,,,,,,38.126669477,-85.782401407,0.681,4/30/2022 12:00:00 AM,1702,2,2,0,0,CLEAR,DRY,False,COLLISION IN PARKING LOT,ANGLE,STRAIGHT & LEVEL,DAYLIGHT,,,5/2/2022 8:42:39 AM,False,7483,Accepted,
30007563,0568000,LOUISVILLE METRO POLICE DEPT,Accepted,JEFFERSON,,,SOUTHERN,PKWY,,,SUMMERS,,,,,38.171767119,-85.778274613,0.885,4/30/2022 12:00:00 AM,1525,2,2,0,0,CLEAR,DRY,False,COLLISION WITH FIXED OBJECT IN INTERSECTION - FIRST EVENT COLLISION 09 - 32,SIDESWIPE-SAME DIRECTION,STRAIGHT & LEVEL,DAYLIGHT,,,5/2/2022 8:42:44 AM,False,7483,Accepted,
30007547,0568000,LOUISVILLE METRO POLICE DEPT,Accepted,JEFFERSON,,,JEFFERSON,ST,W,,ROY WILKINS,,,,,38.254709139,-85.764886950,0.698,4/30/2022 12:00:00 AM,2309,3,3,0,0,CLEAR,DRY,False,OTHER INTERSECTION COLLISIONS,REAR END,STRAIGHT & LEVEL,DARK-HWY LIGHTED/ON,,,5/2/2022 8:42:07 AM,False,5356,Accepted,
30007554,0568000,LOUISVILLE METRO POLICE DEPT,Accepted,JEFFERSON,US0031E,,BARDSTOWN,RD,,,DOUGLASS,,,,,38.224559414,-85.693937798,13.642,4/30/2022 12:00:00 AM,2125,2,2,0,0,CLEAR,DRY,False,OTHER INTERSECTION COLLISIONS,REAR END,CURVE & LEVEL,DARK-HWY LIGHTED/ON,,,5/2/2022 8:42:16 AM,False,5296,Accepted,
30007497,0568000,LOUISVILLE METRO POLICE DEPT,Accepted,JEFFERSON,,2225,GRAND,AVE,,,,US0031W,22ND,,23RD,38.240411577,-85.790957770,0.286,4/30/2022 12:00:00 AM,0049,2,2,0,0,CLEAR,DRY,False,1 VEHICLE PARKED POSITION (NOT PARKING LOT/DRIVEWAY),SIDESWIPE-OPPOSITE DIRECTION,STRAIGHT & LEVEL,DARK-HWY LIGHTED/ON,,,5/2/2022 8:38:12 AM,False,5387,Accepted,
30007614,0568000,LOUISVILLE METRO POLICE DEPT,Accepted,JEFFERSON,KY1020,,2ND,ST,S,,OAK,,,,,38.234740139,-85.757053122,11.368,4/30/2022 12:00:00 AM,2119,2,2,0,3,CLOUDY,WET,False,ANGLE COLLISION - OTHER,ANGLE,STRAIGHT & LEVEL,DARK-HWY LIGHTED/ON,,,5/2/2022 8:45:14 AM,False,5196,Accepted,
30007605,0568000,LOUISVILLE METRO POLICE DEPT,Accepted,JEFFERSON,US0031E,,BUECHEL,BYP,,KY2251,BARDSTOWN,,,,,38.200181087,-85.662272728,11.150,4/30/2022 12:00:00 AM,2339,4,4,0,3,CLEAR,WET,False,OTHER INTERSECTION COLLISIONS,REAR END,STRAIGHT & LEVEL,DARK (UNKNOWN ROADWAY LIGHTING),,,5/2/2022 8:44:32 AM,False,5326,Accepted,
30007513,0568000,LOUISVILLE METRO POLICE DEPT,Accepted,JEFFERSON,,,SMYRNA,PKWY,,KY1065,OUTER,,,,,38.137617282,-85.641914718,0.023,4/30/2022 12:00:00 AM,1149,2,2,0,0,CLOUDY,DRY,False,ANGLE COLLISION - OTHER,ANGLE,STRAIGHT & LEVEL,DAYLIGHT,,,5/2/2022 8:39:29 AM,False,2017,Accepted,
30081879,0568000,LOUISVILLE METRO POLICE DEPT,Accepted,JEFFERSON,US0060A,,BERRY,BLVD,,US0060A,7TH ST,,,,,38.196764239,-85.799028734,0.591,4/30/2022 12:00:00 AM,0422,2,2,0,0,CLEAR,DRY,False,OPPOSING LEFT TURN,OPPOSING LEFT TURN,STRAIGHT & LEVEL,DARK-HWY LIGHTED/ON,,,5/20/2022 9:21:39 AM,False,5205,Accepted,
30007517,0568000,LOUISVILLE METRO POLICE DEPT,Accepted,JEFFERSON,,,LOWER HUNTERS,TRCE,,,UPPER HUNTERS,,,,,38.157823531,-85.847685582,0.727,4/30/2022 12:00:00 AM,0915,2,2,0,1,CLOUDY,DRY,False,OTHER INTERSECTION COLLISIONS,REAR END,STRAIGHT & LEVEL,DAYLIGHT,,,5/2/2022 8:39:45 AM,False,2311,Accepted,
30007523,0568000,LOUISVILLE METRO POLICE DEPT,Accepted,JEFFERSON,KY1747,,FERN VALLEY,RD,,,FEGENBUSH,,,,,38.161071121,-85.640813959,5.124,4/30/2022 12:00:00 AM,1724,2,2,0,0,CLEAR,DRY,False,OTHER INTERSECTION COLLISIONS,REAR END,STRAIGHT & LEVEL,DAYLIGHT,,,5/2/2022 8:40:23 AM,False,7090,Accepted,
30007531,0568000,LOUISVILLE METRO POLICE DEPT,Accepted,JEFFERSON,I 0064,,I64 W,,,,,,,,,38.258752804,-85.745116061,4.986,4/30/2022 12:00:00 AM,2325,1,1,0,2,RAINING,WET,False,OTHER COLLISIONS ON SHOULDER,SINGLE VEHICLE,STRAIGHT & LEVEL,DARK-HWY LIGHTED/ON,,,5/2/2022 8:40:59 AM,False,7386,Accepted,
30007532,0568000,LOUISVILLE METRO POLICE DEPT,Accepted,JEFFERSON,KY1931,5603,GREENWOOD,RD,,,,,,,,38.144342672,-85.859468302,2.061,4/30/2022 12:00:00 AM,2345,2,2,0,2,CLOUDY,WET,False,1 VEHICLE ENTERING/LEAVING ENTRANCE,ANGLE,STRAIGHT & LEVEL,DARK-HWY LIGHTED/ON,,,5/2/2022 8:41:08 AM,False,5212,Accepted,
30007508,0568000,LOUISVILLE METRO POLICE DEPT,Accepted,JEFFERSON,,2138,TREVILIAN,WAY,,,,,,,,38.222649749,-85.684947496,0.605,4/30/2022 12:00:00 AM,0054,2,2,0,0,CLEAR,DRY,False,1 VEHICLE PARKED POSITION (NOT PARKING LOT/DRIVEWAY),SIDESWIPE-SAME DIRECTION,STRAIGHT & LEVEL,DARK-HWY LIGHTED/ON,,,5/2/2022 8:39:08 AM,False,5296,Accepted,
30007515,0568000,LOUISVILLE METRO POLICE DEPT,Accepted,JEFFERSON,,,28TH,ST,S,,CHESTNUT,,,,,38.253339733,-85.797615689,0.534,4/30/2022 12:00:00 AM,1202,2,2,0,0,CLEAR,DRY,False,ANGLE COLLISION - OTHER,ANGLE,STRAIGHT & LEVEL,DAYLIGHT,,,5/2/2022 8:39:34 AM,False,7220,Accepted,
30007615,0568000,LOUISVILLE METRO POLICE DEPT,Accepted,JEFFERSON,I 0064,,I64 W,,,,,,,,,38.250990392,-85.715119280,7.021,4/30/2022 12:00:00 AM,0402,2,2,0,0,CLEAR,DRY,True,SIDESWIPE COLLISION - SAME DIRECTION,SIDESWIPE-SAME DIRECTION,STRAIGHT & LEVEL,DARK-HWY LIGHTED/OFF,,,5/2/2022 8:45:21 AM,False,5371,Accepted,
30007568,0568000,LOUISVILLE METRO POLICE DEPT,Accepted,JEFFERSON,,,25TH,ST,N,,,,,CS1069A,CLEVELAND,38.267036814,-85.789320009,0.276,4/30/2022 12:00:00 AM,1749,3,3,0,1,CLEAR,DRY,False,1 VEHICLE PARKED POSITION (NOT PARKING LOT/DRIVEWAY),SIDESWIPE-OPPOSITE DIRECTION,STRAIGHT & LEVEL,DAYLIGHT,,,5/2/2022 8:43:03 AM,True,7694,Accepted,
30007601,0568000,LOUISVILLE METRO POLICE DEPT,Accepted,JEFFERSON,,,SIX MILE,LN,,KY2251,BARDSTOWN,,,,,38.195035075,-85.652595360,0.001,4/30/2022 12:00:00 AM,1830,2,2,0,0,CLEAR,DRY,True,ANGLE COLLISION - OTHER,ANGLE,STRAIGHT & LEVEL,DAYLIGHT,,,5/2/2022 8:44:23 AM,False,7200,Accepted,
30007510,0568000,LOUISVILLE METRO POLICE DEPT,Accepted,JEFFERSON,US0031E,962,BAXTER,AVE,,,,,,,,38.240510751,-85.724503755,15.672,4/30/2022 12:00:00 AM,0013,2,2,0,0,CLEAR,DRY,True,1 VEHICLE PARKED POSITION (NOT PARKING LOT/DRIVEWAY),SIDESWIPE-SAME DIRECTION,STRAIGHT & LEVEL,DARK-HWY LIGHTED/ON,,,5/2/2022 8:39:18 AM,False,5197,Accepted,