IncidentID,AgencyORI,AgencyName,IncidentStatusDesc,County,RdwyNumber,Street,RoadwayName,StreetSfx,StreetDir,IntersectionRdwy,IntersectionRdwyName,BetweenStRdwy1,BetweenStRdwyName1,BetweenStRdwy2,BetweenStRdwyName2,Latitude,Longitude,Milepoint,CollisionDate,CollisionTime,UnitsInvolved,MotorVehiclesInvolved,NumberKilled,NumberInjured,Weather,RdwyConditionCode,HitandRun,DirAnalysisCode,MannerofCollision,RdwyCharacter,LightCondition,RampFromRdwyId,RampToRdwyId,AcceptedDate,IsSecondaryCollision,OwnerBadge,IncidentStatus,
30007518,0568000,LOUISVILLE METRO POLICE DEPT,Accepted,JEFFERSON,,,23RD,ST,S,,KENTUCKY,,,,,38.242356953,-85.791848859,0.809,4/30/2022 12:00:00 AM,1445,2,2,0,0,CLEAR,DRY,True,ANGLE COLLISION - OTHER,ANGLE,STRAIGHT & LEVEL,DAYLIGHT,,,5/2/2022 8:39:50 AM,False,5057,Accepted,
30007535,0568000,LOUISVILLE METRO POLICE DEPT,Accepted,JEFFERSON,I 0071,,I71 N,,,,,,,,,38.302931784,-85.605579099,7.552,4/30/2022 12:00:00 AM,2343,1,1,0,1,CLEAR,WET,False,OTHER ROADWAY OR MID-BLOCK COLLISION,SINGLE VEHICLE,CURVE & LEVEL,DARK-HWY LIGHTED/OFF,,,5/2/2022 8:41:30 AM,False,5401,Accepted,
30007560,0568000,LOUISVILLE METRO POLICE DEPT,Accepted,JEFFERSON,,,UNSELD,BLVD,,,INDIAN,,,,,38.180062685,-85.673591281,0.675,4/30/2022 12:00:00 AM,1857,2,2,0,3,CLEAR,DRY,False,OPPOSING LEFT TURN,OPPOSING LEFT TURN,STRAIGHT & LEVEL,DAYLIGHT,,,5/2/2022 8:42:31 AM,False,5317,Accepted,
30007534,0568000,LOUISVILLE METRO POLICE DEPT,Accepted,JEFFERSON,,,6TH,ST,S,,CHESTNUT,,,,,38.249414368,-85.761284284,0.525,4/30/2022 12:00:00 AM,2228,2,1,0,1,CLEAR,WET,False,COLLISION WITH PEDESTRIAN IN INTERSECTION,SINGLE VEHICLE,STRAIGHT & LEVEL,DARK-HWY LIGHTED/ON,,,5/2/2022 8:41:25 AM,False,5122,Accepted,
30024707,0568000,LOUISVILLE METRO POLICE DEPT,Accepted,JEFFERSON,,,BROADWAY,,W,,34TH,,,,,38.249924564,-85.806861200,1.016,4/30/2022 12:00:00 AM,1755,2,2,0,1,CLEAR,DRY,False,OTHER INTERSECTION COLLISIONS,REAR END,STRAIGHT & LEVEL,DAYLIGHT,,,5/6/2022 7:18:52 AM,False,5280,Accepted,
30100684,0568000,LOUISVILLE METRO POLICE DEPT,Accepted,JEFFERSON,KY2054,,ALGONQUIN,PKWY,,,39TH,,,,,38.225720794,-85.821272335,0.066,4/30/2022 12:00:00 AM,1805,2,2,0,1,CLOUDY,DRY,False,OPPOSITE DIRECTION - BOTH VEHICLES GOING STRAIGHT AHEAD,SIDESWIPE-OPPOSITE DIRECTION,STRAIGHT & LEVEL,DAYLIGHT,,,5/25/2022 8:13:40 AM,False,2569,Accepted,
30020647,0568000,LOUISVILLE METRO POLICE DEPT,Accepted,JEFFERSON,,,BROADWAY,,W,,34TH,,,,,38.249882527,-85.807884676,1.071,4/30/2022 12:00:00 AM,2118,2,2,0,0,CLOUDY,WET,False,ANGLE COLLISION - OTHER,ANGLE,STRAIGHT & LEVEL,DUSK,,,5/5/2022 8:17:55 AM,False,7309,Accepted,
30020633,0568000,LOUISVILLE METRO POLICE DEPT,Accepted,JEFFERSON,,,JEFFERSON,ST,W,,,,,,,38.254025971,-85.758727777,0.361,4/30/2022 12:00:00 AM,1706,2,2,0,0,CLEAR,DRY,False,1 VEHICLE ENTERING/LEAVING ENTRANCE,ANGLE,STRAIGHT & LEVEL,DAYLIGHT,,,5/5/2022 8:16:54 AM,False,5168,Accepted,
30034319,0568000,LOUISVILLE METRO POLICE DEPT,Accepted,JEFFERSON,KY0841,,GENE SNYDER,FWY,,KY1020,NATIONAL,,,,,38.117697748,-85.747639900,7.673,4/29/2022 12:00:00 AM,0614,2,2,0,0,CLEAR,DRY,True,SIDESWIPE-SAME DIRECTION,SIDESWIPE-SAME DIRECTION,CURVE & LEVEL,DAYLIGHT,,,5/9/2022 8:35:09 AM,False,5266,Accepted,
30016358,0568000,LOUISVILLE METRO POLICE DEPT,Accepted,JEFFERSON,KY1065,4840,OUTER,LOOP,,,,,,,,38.138077715,-85.673045590,6.806,4/29/2022 12:00:00 AM,0238,3,3,0,1,CLEAR,DRY,False,COLLISION IN PARKING LOT,ANGLE,STRAIGHT & LEVEL,DARK-HWY LIGHTED/ON,,,5/4/2022 8:41:32 AM,False,5107,Accepted,
30007835,0568000,LOUISVILLE METRO POLICE DEPT,Accepted,JEFFERSON,,,JEFFERSON,BLVD,,KY1747,FERN VALLEY,,,,,38.156583939,-85.671502238,0.244,4/29/2022 12:00:00 AM,2223,2,1,0,0,CLEAR,DRY,True,ANGLE COLLISION - OTHER,ANGLE,STRAIGHT & LEVEL,DARK-HWY NOT LIGHTED,,,5/2/2022 8:38:50 AM,False,7379,Accepted,
30007516,0568000,LOUISVILLE METRO POLICE DEPT,Accepted,JEFFERSON,,,LIBERTY,ST,W,,,,,,,38.252724740,-85.753856684,0.791,4/29/2022 12:00:00 AM,1454,2,2,0,0,CLOUDY,DRY,True,1 VEHICLE ENTERING/LEAVING ENTRANCE,ANGLE,STRAIGHT & LEVEL,DAYLIGHT,,,5/2/2022 8:39:40 AM,False,5168,Accepted,
30007490,0568000,LOUISVILLE METRO POLICE DEPT,Accepted,JEFFERSON,KY0864,7933,FEGENBUSH,LN,,,,,,,,38.154492929,-85.635021406,5.998,4/29/2022 12:00:00 AM,1208,2,2,0,0,CLEAR,DRY,False,OTHER ROADWAY OR MID-BLOCK COLLISION,OPPOSING LEFT TURN,CURVE & LEVEL,DAYLIGHT,,,5/2/2022 8:37:32 AM,False,7040,Accepted,
30007491,0568000,LOUISVILLE METRO POLICE DEPT,Accepted,JEFFERSON,KY2251,,BARDSTOWN,RD,,,,,,,,38.199491521,-85.660791087,1.091,4/29/2022 12:00:00 AM,2330,2,2,0,2,CLEAR,DRY,False,SIDESWIPE COLLISION - OPPOSITE DIRECTION,SIDESWIPE-OPPOSITE DIRECTION,STRAIGHT & LEVEL,DARK-HWY LIGHTED/ON,,,5/2/2022 8:37:37 AM,False,5153,Accepted,
30007492,0568000,LOUISVILLE METRO POLICE DEPT,Accepted,JEFFERSON,,,34TH,ST,S,,MUHAMMAD ALI,,,,,38.256700188,-85.807678266,0.385,4/29/2022 12:00:00 AM,2322,2,2,0,3,CLEAR,DRY,False,ANGLE COLLISION - OTHER,ANGLE,STRAIGHT & LEVEL,DARK-HWY LIGHTED/ON,,,5/2/2022 8:37:43 AM,False,5285,Accepted,
30007498,0568000,LOUISVILLE METRO POLICE DEPT,Accepted,JEFFERSON,I 0064,,I64 E,,,,,I 0064,I64 E EXIT19 RAMP TO I64 E,I 0064,I64 E EXIT15 OFF RAMP TO KY1747,38.229530066,-85.598436468,13.800,4/29/2022 12:00:00 AM,2040,2,2,0,4,CLEAR,DRY,False,1 VEHICLE ENTERING/LEAVING ENTRANCE,ANGLE,STRAIGHT & LEVEL,DARK-HWY LIGHTED/ON,,,5/2/2022 8:38:22 AM,False,7871,Accepted,
30007499,0568000,LOUISVILLE METRO POLICE DEPT,Accepted,JEFFERSON,US0060,,SHELBYVILLE,RD,,,LYNDON,,,,,38.248176820,-85.598855840,6.660,4/29/2022 12:00:00 AM,2309,2,2,0,0,CLEAR,DRY,False,ANGLE COLLISION - OTHER,ANGLE,STRAIGHT & LEVEL,DARK-HWY LIGHTED/ON,,,5/2/2022 8:38:32 AM,False,7871,Accepted,
30007500,0568000,LOUISVILLE METRO POLICE DEPT,Accepted,JEFFERSON,I 0065,,I65 S,,,,,,,,,38.165822622,-85.720926623,128.874,4/29/2022 12:00:00 AM,0411,2,2,0,0,CLEAR,DRY,False,REAR END IN TRAFFIC LANES BOTH VEHICLES MOVING,REAR END,STRAIGHT & LEVEL,DARK (UNKNOWN ROADWAY LIGHTING),,,5/2/2022 8:38:40 AM,False,5326,Accepted,
30007501,0568000,LOUISVILLE METRO POLICE DEPT,Accepted,JEFFERSON,,13315,GIRVAN,AVE,,,,,,,,38.063411226,-85.901758759,0.129,4/29/2022 12:00:00 AM,1655,1,1,0,0,CLEAR,DRY,False,COLLISION WITH FIXED OBJECT NON - INTERSECTION - FIRST EVENT COLLISION 09 - 32 EXCLUDING 16,SINGLE VEHICLE,STRAIGHT & LEVEL,DAYLIGHT,,,5/2/2022 8:38:45 AM,False,7907,Accepted,
30007524,0568000,LOUISVILLE METRO POLICE DEPT,Accepted,JEFFERSON,KY0061,,PRESTON,HWY,,,,,,,,38.099819197,-85.671107172,1.133,4/29/2022 12:00:00 AM,1800,2,2,0,1,CLEAR,DRY,True,REAR END IN TRAFFIC LANES BOTH VEHICLES MOVING,REAR END,STRAIGHT & LEVEL,DAYLIGHT,,,5/2/2022 8:40:37 AM,False,7272,Accepted,
30007493,0568000,LOUISVILLE METRO POLICE DEPT,Accepted,JEFFERSON,,,PARK,RD,S,KY1450,BLUE LICK,,,,,38.116342051,-85.689489176,0.696,4/29/2022 12:00:00 AM,2347,1,1,0,0,CLEAR,DRY,False,COLLISION WITH FIXED OBJECT IN INTERSECTION - FIRST EVENT COLLISION 09 - 32,SINGLE VEHICLE,STRAIGHT & LEVEL,DARK (UNKNOWN ROADWAY LIGHTING),,,5/2/2022 8:37:48 AM,False,7804,Accepted,
30007509,0568000,LOUISVILLE METRO POLICE DEPT,Accepted,JEFFERSON,US0031E,,BARDSTOWN,RD,,,BRIGHTON,,,,,38.214024135,-85.673468216,12.249,4/29/2022 12:00:00 AM,2106,2,2,0,0,CLEAR,DRY,False,OTHER INTERSECTION COLLISIONS,REAR END,STRAIGHT & LEVEL,DARK-HWY LIGHTED/ON,,,5/2/2022 8:39:13 AM,False,5197,Accepted,
30007481,0568000,LOUISVILLE METRO POLICE DEPT,Accepted,JEFFERSON,,4400B,FEGENBUSH,LN,,,,,,,,38.186467070,-85.638007159,0.055,4/29/2022 12:00:00 AM,1551,2,2,0,2,CLOUDY,WET,False,OTHER ROADWAY OR MID-BLOCK COLLISION,OPPOSING LEFT TURN,STRAIGHT & LEVEL,DAYLIGHT,,,5/2/2022 8:36:47 AM,False,7739,Accepted,
30007474,0568000,LOUISVILLE METRO POLICE DEPT,Accepted,JEFFERSON,KY1865,5533,NEW CUT,RD,,,,,,,,38.145151036,-85.775160519,2.698,4/29/2022 12:00:00 AM,1016,2,2,0,0,CLEAR,DRY,False,1 VEHICLE ENTERING/LEAVING ENTRANCE,ANGLE,STRAIGHT & LEVEL,DAYLIGHT,,,5/2/2022 8:36:01 AM,False,7483,Accepted,
30007476,0568000,LOUISVILLE METRO POLICE DEPT,Accepted,JEFFERSON,I 0265,,I265 W,,,,,I 0265,I265 W EXIT14 OFF RAMP TO  SMYRNA PKWY,I 0265,I265 W EXIT15 ON RAMP FROM KY864,38.120552134,-85.631326231,14.226,4/29/2022 12:00:00 AM,1110,2,2,0,1,CLOUDY,DRY,False,REAR END IN TRAFFIC LANES BOTH VEHICLES MOVING,REAR END,STRAIGHT & LEVEL,DAYLIGHT,,,5/2/2022 8:36:14 AM,False,2017,Accepted,
30007482,0568000,LOUISVILLE METRO POLICE DEPT,Accepted,JEFFERSON,KY1934,,CANE RUN,RD,,,,,,,,38.179339169,-85.859979604,7.406,4/29/2022 12:00:00 AM,1546,3,3,0,1,CLOUDY,DRY,False,REAR END IN TRAFFIC LANES BOTH VEHICLES MOVING,REAR END,STRAIGHT & LEVEL,DAYLIGHT,,,5/2/2022 8:36:53 AM,False,7234,Accepted,
30011765,0568000,LOUISVILLE METRO POLICE DEPT,Accepted,JEFFERSON,,,CYPRESS,ST,,,,,,,,38.223861240,-85.800235791,0.978,4/29/2022 12:00:00 AM,2000,2,2,0,0,CLEAR,GRAVEL,False,1 VEHICLE ENTERING/LEAVING ENTRANCE,ANGLE,STRAIGHT & LEVEL,DARK-HWY NOT LIGHTED,,,5/3/2022 8:11:49 AM,False,7154,Accepted,
30007489,0568000,LOUISVILLE METRO POLICE DEPT,Accepted,JEFFERSON,,7307,FEYHURST,DR,,,,,,,,38.147305650,-85.858200976,0.169,4/29/2022 12:00:00 AM,2214,2,2,0,0,CLEAR,DRY,False,1 VEHICLE PARKED POSITION (NOT PARKING LOT/DRIVEWAY),SIDESWIPE-OPPOSITE DIRECTION,STRAIGHT & LEVEL,DARK-HWY NOT LIGHTED,,,5/2/2022 8:37:25 AM,False,5279,Accepted,
30007511,0568000,LOUISVILLE METRO POLICE DEPT,Accepted,JEFFERSON,,5224,WOLFPEN WOODS,DR,,,,,,,,38.320202944,-85.608776417,0.214,4/29/2022 12:00:00 AM,2250,2,2,0,0,CLEAR,DRY,False,1 VEHICLE PARKED POSITION (NOT PARKING LOT/DRIVEWAY),REAR TO REAR,STRAIGHT & LEVEL,DARK-HWY LIGHTED/ON,,,5/2/2022 8:39:22 AM,False,7369,Accepted,
30007496,0568000,LOUISVILLE METRO POLICE DEPT,Accepted,JEFFERSON,US0150,,BROADWAY,,W,US0031W,DR W J HODGE,,,,,38.249304802,-85.786599838,0.816,4/29/2022 12:00:00 AM,2324,3,3,0,1,CLEAR,DRY,False,SIDESWIPE-SAME DIRECTION,SIDESWIPE-SAME DIRECTION,STRAIGHT & LEVEL,DARK-HWY LIGHTED/ON,,,5/2/2022 8:38:05 AM,False,5135,Accepted,
30007530,0568000,LOUISVILLE METRO POLICE DEPT,Accepted,JEFFERSON,KY0841,,KY 842S,,,,,,,,,38.098110792,-85.827771276,0.212,4/29/2022 12:00:00 AM,2120,1,1,0,0,CLEAR,DRY,False,COLLISION WITH FIXED OBJECT NOT IN GORE ,SINGLE VEHICLE,STRAIGHT & GRADE,DARK-HWY LIGHTED/ON,STONESTREET RD,KY0841,5/2/2022 8:40:52 AM,False,2905,Accepted,
29997343,0568000,LOUISVILLE METRO POLICE DEPT,Accepted,JEFFERSON,,,MINOR,LN,,,PITCHFORD RD CONN,,,,,38.136771709,-85.698910986,1.249,4/29/2022 12:00:00 AM,0327,1,1,0,1,CLEAR,DRY,False,COLLISION WITH FIXED OBJECT IN INTERSECTION - FIRST EVENT COLLISION 09 - 32,SINGLE VEHICLE,STRAIGHT & LEVEL,DARK-HWY LIGHTED/OFF,,,4/29/2022 7:22:58 AM,False,5314,Accepted,
30007479,0568000,LOUISVILLE METRO POLICE DEPT,Accepted,JEFFERSON,US0031E,,BARDSTOWN,RD,,,FAIRGROUND,,,,,38.162931186,-85.595990213,6.590,4/29/2022 12:00:00 AM,1619,2,2,0,3,CLOUDY,DRY,False,ANGLE COLLISION - OTHER,ANGLE,STRAIGHT & LEVEL,DAYLIGHT,,,5/2/2022 8:36:41 AM,False,2017,Accepted,
30007486,0568000,LOUISVILLE METRO POLICE DEPT,Accepted,JEFFERSON,,,BUECHEL BANK,RD,,,PROGRESS,,,,,38.178173085,-85.653326795,1.221,4/29/2022 12:00:00 AM,1426,3,3,0,0,CLOUDY,DRY,False,OTHER INTERSECTION COLLISIONS,REAR END,STRAIGHT & LEVEL,DAYLIGHT,,,5/2/2022 8:37:10 AM,False,5288,Accepted,
30007487,0568000,LOUISVILLE METRO POLICE DEPT,Accepted,JEFFERSON,US0031W,700,22ND,ST,S,,,,,,,38.246396643,-85.788696421,19.363,4/29/2022 12:00:00 AM,1750,1,1,0,0,CLEAR,DRY,False,COLLISION WITH FIXED OBJECT NON - INTERSECTION - FIRST EVENT COLLISION 09 - 32 EXCLUDING 16,SINGLE VEHICLE,STRAIGHT & LEVEL,DAYLIGHT,,,5/2/2022 8:37:17 AM,False,5179,Accepted,
30007488,0568000,LOUISVILLE METRO POLICE DEPT,Accepted,JEFFERSON,KY1727,,TERRY,RD,,,,,RAGGARD,,RUTH,38.171101214,-85.867135555,3.488,4/29/2022 12:00:00 AM,1820,2,2,0,1,CLEAR,DRY,False,1 VEHICLE ENTERING/LEAVING ENTRANCE,ANGLE,STRAIGHT & LEVEL,DAYLIGHT,,,5/2/2022 8:37:21 AM,False,6318,Accepted,
30007478,0568000,LOUISVILLE METRO POLICE DEPT,Accepted,JEFFERSON,,,MUHAMMAD ALI,BLVD,W,,19TH,,,,,38.253871680,-85.782317685,1.636,4/29/2022 12:00:00 AM,1214,2,2,0,3,CLOUDY,DRY,False,ANGLE COLLISION - OTHER,ANGLE,STRAIGHT & LEVEL,DAYLIGHT,,,5/2/2022 8:36:35 AM,False,5124,Accepted,
29997311,0568000,LOUISVILLE METRO POLICE DEPT,Accepted,JEFFERSON,,700,RODMAN,ST,,,M,,,,,38.209127350,-85.769924996,0.238,4/28/2022 12:00:00 AM,0826,2,2,0,0,CLEAR,DRY,True,NON-COLLISION OBJECT COLLISION,SIDESWIPE-SAME DIRECTION,STRAIGHT & LEVEL,DAYLIGHT,,,4/29/2022 7:21:12 AM,False,5422,Accepted,
29997318,0568000,LOUISVILLE METRO POLICE DEPT,Accepted,JEFFERSON,,,BURNETT,AVE,E,,SHELBY,,,,,38.224836893,-85.742303869,0.804,4/28/2022 12:00:00 AM,1557,2,2,0,0,CLOUDY,DRY,False,OTHER INTERSECTION COLLISIONS,REAR END,STRAIGHT & LEVEL,DAYLIGHT,,,4/29/2022 7:21:42 AM,False,2100,Accepted,
29997324,0568000,LOUISVILLE METRO POLICE DEPT,Accepted,JEFFERSON,,,UPPER HUNTERS,TRCE,,,DOYLE,,,,,38.167167209,-85.838593562,0.573,4/28/2022 12:00:00 AM,1512,2,2,0,1,CLEAR,DRY,False,ANGLE COLLISION - OTHER,ANGLE,STRAIGHT & LEVEL,DAYLIGHT,,,4/29/2022 7:22:04 AM,False,5100,Accepted,
29997325,0568000,LOUISVILLE METRO POLICE DEPT,Accepted,JEFFERSON,KY1447,,WESTPORT,RD,,,STONEBRIDGE,,,,,38.291180302,-85.564895804,5.678,4/28/2022 12:00:00 AM,1709,2,2,0,0,CLEAR,DRY,False,ANGLE COLLISION - ONE VEHICLE TURNING LEFT,ANGLE,STRAIGHT & LEVEL,DAYLIGHT,,,4/29/2022 7:22:07 AM,False,7633,Accepted,
29997333,0568000,LOUISVILLE METRO POLICE DEPT,Accepted,JEFFERSON,,,EUCLID,AVE,,KY1931,7TH ST,,,,,38.219232820,-85.778185942,0.726,4/28/2022 12:00:00 AM,1411,2,2,0,0,CLEAR,DRY,False,OTHER INTERSECTION COLLISIONS,REAR END,STRAIGHT & LEVEL,DAYLIGHT,,,4/29/2022 7:22:37 AM,False,2927,Accepted,
29997341,0568000,LOUISVILLE METRO POLICE DEPT,Accepted,JEFFERSON,,,JEFFERSON,BLVD,,KY1747,FERN VALLEY,,,,,38.156865382,-85.671419333,0.246,4/28/2022 12:00:00 AM,2325,2,2,0,0,CLEAR,DRY,True,OTHER INTERSECTION COLLISIONS,REAR END,STRAIGHT & LEVEL,DARK-HWY NOT LIGHTED,,,4/29/2022 7:22:51 AM,False,5115,Accepted,
30007469,0568000,LOUISVILLE METRO POLICE DEPT,Accepted,JEFFERSON,KY0841,,GENE SNYDER,FWY,,,,,,,,38.090948962,-85.868742746,0.279,4/28/2022 12:00:00 AM,1548,2,2,0,0,CLEAR,DRY,False,SIDESWIPE COLLISION - SAME DIRECTION,SIDESWIPE-SAME DIRECTION,STRAIGHT & LEVEL,DAYLIGHT,,,5/2/2022 8:35:44 AM,False,7234,Accepted,
29997319,0568000,LOUISVILLE METRO POLICE DEPT,Accepted,JEFFERSON,KY2052,,SHEPHERDSVILLE,RD,,,,,CAROLINA CROSSINGS,,GEORGIA,38.147097119,-85.659999376,0.584,4/28/2022 12:00:00 AM,1032,2,2,0,1,CLEAR,DRY,False,REAR END IN TRAFFIC LANES BOTH VEHICLES MOVING,REAR END,STRAIGHT & LEVEL,DAYLIGHT,,,4/29/2022 7:21:45 AM,False,2324,Accepted,
29997327,0568000,LOUISVILLE METRO POLICE DEPT,Accepted,JEFFERSON,,,LEE,ST,W,KY1020,2ND,,,,,38.223013219,-85.759077168,1.315,4/28/2022 12:00:00 AM,1414,3,3,0,1,CLEAR,DRY,False,SIDESWIPE-SAME DIRECTION,SIDESWIPE-SAME DIRECTION,STRAIGHT & LEVEL,DAYLIGHT,,,4/29/2022 7:22:14 AM,True,5409,Accepted,
29997335,0568000,LOUISVILLE METRO POLICE DEPT,Accepted,JEFFERSON,KY1865,,TAYLOR,BLVD,,,ASHLAND,,,,,38.186643785,-85.783801534,5.530,4/28/2022 12:00:00 AM,0800,2,2,0,1,CLEAR,DRY,False,OTHER INTERSECTION COLLISIONS,REAR END,STRAIGHT & LEVEL,DAYLIGHT,,,4/29/2022 7:22:40 AM,False,7257,Accepted,
29997342,0568000,LOUISVILLE METRO POLICE DEPT,Accepted,JEFFERSON,,,MARKET,ST,W,,28TH,,,,,38.259795299,-85.796476939,0.550,4/28/2022 12:00:00 AM,2017,2,1,0,1,CLEAR,DRY,False,COLLISION WITH PEDESTRIAN IN INTERSECTION,SINGLE VEHICLE,STRAIGHT & LEVEL,DAYLIGHT,,,4/29/2022 7:22:55 AM,False,5374,Accepted,
29997344,0568000,LOUISVILLE METRO POLICE DEPT,Accepted,JEFFERSON,KY1747,,HURSTBOURNE,PKWY,S,,HURSTBOURNE,,,,,38.217642514,-85.587025504,11.292,4/28/2022 12:00:00 AM,2301,2,2,0,0,CLEAR,DRY,False,ANGLE COLLISION - ONE VEHICLE TURNING LEFT,ANGLE,STRAIGHT & LEVEL,DARK-HWY LIGHTED/ON,,,4/29/2022 7:23:02 AM,False,5363,Accepted,
29992989,0568000,LOUISVILLE METRO POLICE DEPT,Accepted,JEFFERSON,,,STRAWBERRY,LN,,,ESTELE,,,,,38.159556259,-85.762681762,0.147,4/28/2022 12:00:00 AM,0545,2,2,0,0,CLEAR,DRY,False,ANGLE COLLISION - OTHER,ANGLE,STRAIGHT & LEVEL,DAWN,,,4/28/2022 7:18:48 AM,False,5266,Accepted,
29997316,0568000,LOUISVILLE METRO POLICE DEPT,Accepted,JEFFERSON,KY0864,,POPLAR LEVEL,RD,,,ILLINOIS,,,,,38.211474902,-85.719606666,12.639,4/28/2022 12:00:00 AM,0736,2,2,0,0,CLEAR,DRY,False,ANGLE COLLISION - OTHER,ANGLE,STRAIGHT & LEVEL,DAYLIGHT,,,4/29/2022 7:21:34 AM,False,5415,Accepted,
29997317,0568000,LOUISVILLE METRO POLICE DEPT,Accepted,JEFFERSON,KY1865,6110,NEW CUT,RD,,,,,,,,38.123886520,-85.776550282,1.087,4/28/2022 12:00:00 AM,1549,2,2,0,0,CLEAR,DRY,False,OTHER ROADWAY OR MID-BLOCK COLLISION,OPPOSING LEFT TURN,STRAIGHT & LEVEL,DAYLIGHT,,,4/29/2022 7:21:38 AM,False,7252,Accepted,
29997321,0568000,LOUISVILLE METRO POLICE DEPT,Accepted,JEFFERSON,KY0155,,TAYLORSVILLE,RD,,,,,CHENOWETH RUN,,WILLOWVIEW,38.188349192,-85.552283600,8.479,4/28/2022 12:00:00 AM,1521,3,3,0,0,CLOUDY,DRY,False,OTHER ROADWAY OR MID-BLOCK COLLISION,REAR END,STRAIGHT & GRADE,DAYLIGHT,,,4/29/2022 7:21:53 AM,False,2324,Accepted,
29997328,0568000,LOUISVILLE METRO POLICE DEPT,Accepted,JEFFERSON,KY0061,1809,PRESTON,ST,S,,,,,,,38.221032532,-85.749066096,10.758,4/28/2022 12:00:00 AM,1029,2,2,0,0,CLEAR,DRY,False,1 VEHICLE PARKED POSITION (NOT PARKING LOT/DRIVEWAY),SIDESWIPE-SAME DIRECTION,STRAIGHT & LEVEL,DAYLIGHT,,,4/29/2022 7:22:18 AM,False,5052,Accepted,
29997329,0568000,LOUISVILLE METRO POLICE DEPT,Accepted,JEFFERSON,KY0061,,PRESTON,HWY,,,,,,,,38.103170945,-85.672306479,1.374,4/28/2022 12:00:00 AM,1821,2,2,0,0,CLOUDY,DRY,False,REAR END IN TRAFFIC LANES BOTH VEHICLES MOVING,REAR END,STRAIGHT & GRADE,DAYLIGHT,,,4/29/2022 7:22:22 AM,False,7106,Accepted,
29992985,0568000,LOUISVILLE METRO POLICE DEPT,Accepted,JEFFERSON,,800,PHILLIPS,LN,,,,,,,,38.191693951,-85.742717788,0.543,4/28/2022 12:00:00 AM,0329,2,2,0,0,CLEAR,DRY,False,COLLISION IN PARKING LOT,BACKING,STRAIGHT & LEVEL,DARK-HWY LIGHTED/ON,,,4/28/2022 7:18:30 AM,False,7249,Accepted,
29992986,0568000,LOUISVILLE METRO POLICE DEPT,Accepted,JEFFERSON,KY1747,2000,FERN VALLEY,RD,,,,,,,,38.157528822,-85.727872147,0.215,4/28/2022 12:00:00 AM,0120,2,1,0,1,CLEAR,WET,False,COLLISION WITH PEDESTRIAN NON - INTERSECTION,SINGLE VEHICLE,STRAIGHT & GRADE,OTHER,,,4/28/2022 7:18:35 AM,False,5264,Accepted,
29997305,0568000,LOUISVILLE METRO POLICE DEPT,Accepted,JEFFERSON,I 0064,,,,,,,,,,,38.259222902,-85.741700152,0.170,4/28/2022 12:00:00 AM,0622,2,2,0,0,CLEAR,DRY,False,OTHER RAMP RELATED COLLISIONS NOT LISTED ABOVE,SIDESWIPE-SAME DIRECTION,CURVE & LEVEL,DAYLIGHT,I 0065,I 0064,4/29/2022 7:20:48 AM,False,4903,Accepted,
29997312,0568000,LOUISVILLE METRO POLICE DEPT,Accepted,JEFFERSON,US0150,834,BROADWAY,,E,,,,,,,38.244630834,-85.738513874,3.459,4/28/2022 12:00:00 AM,1100,2,2,0,0,CLEAR,DRY,True,COLLISION IN PARKING LOT,BACKING,STRAIGHT & LEVEL,DUSK,,,4/29/2022 7:21:17 AM,False,7957,Accepted,
29997313,0568000,LOUISVILLE METRO POLICE DEPT,Accepted,JEFFERSON,,,CHEROKEE,RD,,,,,HIGHLAND,,EASTERN STAR,38.241962045,-85.723750220,0.215,4/28/2022 12:00:00 AM,1402,4,4,0,0,CLEAR,DRY,False,1 VEHICLE PARKED POSITION (NOT PARKING LOT/DRIVEWAY),SIDESWIPE-SAME DIRECTION,STRAIGHT & LEVEL,DAYLIGHT,,,4/29/2022 7:21:21 AM,False,7900,Accepted,
29997320,0568000,LOUISVILLE METRO POLICE DEPT,Accepted,JEFFERSON,KY0061,,PRESTON,HWY,,,,,HIGH SCHOOL,,ST RITA,38.126169425,-85.680027057,3.045,4/28/2022 12:00:00 AM,1312,2,2,0,0,CLEAR,DRY,False,SIDESWIPE COLLISION - SAME DIRECTION,SIDESWIPE-SAME DIRECTION,STRAIGHT & LEVEL,DAYLIGHT,,,4/29/2022 7:21:49 AM,False,2324,Accepted,
29997331,0568000,LOUISVILLE METRO POLICE DEPT,Accepted,JEFFERSON,US0031E,4423,BARDSTOWN,RD,,,,,,,,38.184084702,-85.631882264,9.040,4/28/2022 12:00:00 AM,1755,1,1,0,1,CLEAR,DRY,False,COLLISION IN PARKING LOT,SINGLE VEHICLE,STRAIGHT & LEVEL,DAYLIGHT,,,4/29/2022 7:22:28 AM,False,5286,Accepted,
29997332,0568000,LOUISVILLE METRO POLICE DEPT,Accepted,JEFFERSON,US0031W,,DIXIE,HWY,,KY1934,GREENBELT,,,,,38.093044995,-85.875326797,7.543,4/28/2022 12:00:00 AM,0825,2,2,0,0,CLEAR,DRY,False,OTHER INTERSECTION COLLISIONS,REAR END,STRAIGHT & LEVEL,DAYLIGHT,,,4/29/2022 7:22:33 AM,False,7306,Accepted,