IncidentID,AgencyORI,AgencyName,IncidentStatusDesc,County,RdwyNumber,Street,RoadwayName,StreetSfx,StreetDir,IntersectionRdwy,IntersectionRdwyName,BetweenStRdwy1,BetweenStRdwyName1,BetweenStRdwy2,BetweenStRdwyName2,Latitude,Longitude,Milepoint,CollisionDate,CollisionTime,UnitsInvolved,MotorVehiclesInvolved,NumberKilled,NumberInjured,Weather,RdwyConditionCode,HitandRun,DirAnalysisCode,MannerofCollision,RdwyCharacter,LightCondition,RampFromRdwyId,RampToRdwyId,AcceptedDate,IsSecondaryCollision,OwnerBadge,IncidentStatus,
29997339,0568000,LOUISVILLE METRO POLICE DEPT,Accepted,JEFFERSON,I 0264,,I264 W,,,I 0065,I264 W EXIT12 OFF RAMP TO,,,,,38.191124786,-85.718190480,12.681,4/28/2022 12:00:00 AM,2130,2,2,0,0,CLEAR,DRY,False,OTHER INTERSECTION COLLISIONS,REAR END,STRAIGHT & LEVEL,DARK-HWY LIGHTED/ON,,,4/29/2022 7:22:44 AM,False,7972,Accepted,
29997340,0568000,LOUISVILLE METRO POLICE DEPT,Accepted,JEFFERSON,I 0264,,I264 W,,,,,,,,,38.193972797,-85.710502160,13.183,4/28/2022 12:00:00 AM,2105,2,2,0,0,CLEAR,DRY,False,REAR END IN TRAFFIC LANES BOTH VEHICLES MOVING,REAR END,STRAIGHT & LEVEL,DARK-HWY LIGHTED/ON,,,4/29/2022 7:22:48 AM,False,5328,Accepted,
30007467,0568000,LOUISVILLE METRO POLICE DEPT,Accepted,JEFFERSON,US0031W,,DIXIE,HWY,,,,,,,,38.150672702,-85.837081336,12.106,4/28/2022 12:00:00 AM,1437,2,1,0,1,CLEAR,DRY,False,COLLISION WITH PEDESTRIAN NON - INTERSECTION,SINGLE VEHICLE,STRAIGHT & LEVEL,DAYLIGHT,,,5/2/2022 8:35:37 AM,False,7234,Accepted,
30007566,0568000,LOUISVILLE METRO POLICE DEPT,Accepted,JEFFERSON,US0031E,3340,BARDSTOWN,RD,,,,,,,,38.205305918,-85.666607010,11.575,4/28/2022 12:00:00 AM,1830,2,2,0,0,CLOUDY,DRY,True,COLLISION IN PARKING LOT,REAR END,STRAIGHT & LEVEL,DAYLIGHT,,,5/2/2022 8:42:56 AM,False,5375,Accepted,
30016317,0568000,LOUISVILLE METRO POLICE DEPT,Accepted,JEFFERSON,US0031E,3006,BARDSTOWN,RD,,,,,,,,38.213656897,-85.673179973,12.219,4/28/2022 12:00:00 AM,1514,2,1,0,1,CLEAR,DRY,False,COLLISION IN PARKING LOT,SINGLE VEHICLE,STRAIGHT & LEVEL,DAYLIGHT,,,5/4/2022 8:39:03 AM,False,2228,Accepted,
30012295,0561500,UNIV. OF LOUISVILLE POLICE,Accepted,JEFFERSON,,2100,FLOYD,ST,S,,,,,,,38.216017658,-85.754879561,2.729,4/28/2022 12:00:00 AM,1548,2,2,0,0,CLOUDY,DRY,False,OTHER ROADWAY OR MID-BLOCK COLLISION,REAR END,STRAIGHT & LEVEL,DAYLIGHT,,,5/3/2022 10:21:36 AM,False,5714,Accepted,
29997323,0568000,LOUISVILLE METRO POLICE DEPT,Accepted,JEFFERSON,,,16TH,ST,S,,MUHAMMAD ALI,,,,,38.253312295,-85.777366501,0.381,4/28/2022 12:00:00 AM,1108,2,2,0,1,CLEAR,DRY,False,ANGLE COLLISION - OTHER,ANGLE,STRAIGHT & LEVEL,DAYLIGHT,,,4/29/2022 7:22:00 AM,False,5408,Accepted,
29997330,0568000,LOUISVILLE METRO POLICE DEPT,Accepted,JEFFERSON,KY1020,,3RD,ST,S,,,,LEE,,BLOOM,38.222218617,-85.760875385,10.439,4/28/2022 12:00:00 AM,1450,2,2,0,0,CLEAR,DRY,False,1 VEHICLE ENTERING/LEAVING ENTRANCE,ANGLE,STRAIGHT & LEVEL,DAYLIGHT,,,4/29/2022 7:22:25 AM,False,2927,Accepted,
30034285,0568000,LOUISVILLE METRO POLICE DEPT,Accepted,JEFFERSON,I 0064,,I64 E,,,,,I 0064,I64 TURN AROUND9,I 0064,I64 E EXIT10 OFF RAMP TO KY2048,38.238626753,-85.671503914,9.811,4/28/2022 12:00:00 AM,1319,2,2,0,0,CLEAR,DRY,False,OTHER COLLISIONS ON SHOULDER,SIDESWIPE-SAME DIRECTION,STRAIGHT & LEVEL,DAYLIGHT,,,5/9/2022 8:31:18 AM,True,2673,Accepted,
30148689,0568000,LOUISVILLE METRO POLICE DEPT,Accepted,JEFFERSON,,,GAGEL,AVE,,,SANDERS,,,,,38.172873783,-85.808862448,0.748,4/28/2022 12:00:00 AM,1745,2,2,0,0,CLEAR,DRY,False,ANGLE COLLISION - OTHER,ANGLE,STRAIGHT & LEVEL,DAYLIGHT,,,6/6/2022 8:33:03 AM,False,5139,Accepted,
30073039,0568000,LOUISVILLE METRO POLICE DEPT,Accepted,JEFFERSON,US0031E,,MAIN,ST,E,,BROOK,,,,,38.255896816,-85.749931960,17.698,4/28/2022 12:00:00 AM,0901,2,2,0,0,CLEAR,DRY,False,SIDESWIPE-SAME DIRECTION,SIDESWIPE-SAME DIRECTION,STRAIGHT & LEVEL,DAYLIGHT,,,5/18/2022 8:16:24 AM,False,7058,Accepted,
30148748,0568000,LOUISVILLE METRO POLICE DEPT,Accepted,JEFFERSON,I 0065,,I65 N,,,,,,,,,38.212423408,-85.752750007,132.923,4/27/2022 12:00:00 AM,1534,2,2,0,0,CLEAR,DRY,True,SIDESWIPE COLLISION - SAME DIRECTION,SIDESWIPE-SAME DIRECTION,STRAIGHT & GRADE,DAYLIGHT,,,6/6/2022 8:40:31 AM,True,7462,Accepted,
30054039,0568000,LOUISVILLE METRO POLICE DEPT,Accepted,JEFFERSON,KY1865,5405,NEW CUT,RD,,,,,,,,38.150653672,-85.776311233,3.000,4/27/2022 12:00:00 AM,1323,2,1,0,1,CLOUDY,DRY,False,COLLISION IN PARKING LOT,SINGLE VEHICLE,STRAIGHT & GRADE,DAYLIGHT,,,5/13/2022 8:26:52 AM,False,7232,Accepted,
29988849,0568000,LOUISVILLE METRO POLICE DEPT,Accepted,JEFFERSON,US0031W,,DIXIE,HWY,,KY0907,VALLEY STATION,,,,,38.107687191,-85.866711207,8.631,4/27/2022 12:00:00 AM,0055,2,2,0,0,CLEAR,DRY,False,ANGLE COLLISION - OTHER,ANGLE,STRAIGHT & LEVEL,DARK-HWY LIGHTED/ON,,,4/27/2022 8:20:52 AM,False,5033,Accepted,
29992970,0568000,LOUISVILLE METRO POLICE DEPT,Accepted,JEFFERSON,,,INDIAN,TRL,E,,EXETER,,,,,38.181771287,-85.670482438,2.278,4/27/2022 12:00:00 AM,0840,2,2,0,2,CLEAR,DRY,False,OPPOSING LEFT TURN,OPPOSING LEFT TURN,STRAIGHT & LEVEL,DAYLIGHT,,,4/28/2022 7:17:29 AM,False,4693,Accepted,
29997306,0568000,LOUISVILLE METRO POLICE DEPT,Accepted,JEFFERSON,KY0061,,PRESTON,HWY,,,LAMBERT,,,,,38.134071567,-85.684384840,3.640,4/27/2022 12:00:00 AM,1533,4,4,0,0,CLEAR,DRY,True,ANGLE COLLISION - OTHER,ANGLE,STRAIGHT & LEVEL,DAYLIGHT,,,4/29/2022 7:20:51 AM,False,5101,Accepted,
29997322,0568000,LOUISVILLE METRO POLICE DEPT,Accepted,JEFFERSON,,,CHESTNUT,ST,W,KY1020,2ND,,,,,38.248580303,-85.754570291,2.546,4/27/2022 12:00:00 AM,1822,2,2,0,0,CLEAR,DRY,False,ANGLE COLLISION - OTHER,ANGLE,STRAIGHT & LEVEL,DAYLIGHT,,,4/29/2022 7:21:56 AM,False,5354,Accepted,
29992975,0568000,LOUISVILLE METRO POLICE DEPT,Accepted,JEFFERSON,KY0022,,BROWNSBORO,RD,,,CHAMBERLAIN,,,,,38.312744652,-85.567561084,4.434,4/27/2022 12:00:00 AM,1520,2,2,0,0,CLEAR,DRY,False,SIDESWIPE-SAME DIRECTION,SIDESWIPE-SAME DIRECTION,STRAIGHT & LEVEL,DAYLIGHT,,,4/28/2022 7:17:52 AM,False,7316,Accepted,
29992977,0568000,LOUISVILLE METRO POLICE DEPT,Accepted,JEFFERSON,,,WITHERSPOON,ST,E,,ADAMS,,,,,38.260074683,-85.736742539,0.862,4/27/2022 12:00:00 AM,1749,2,2,0,0,CLEAR,DRY,False,COLLISION WITH PARKED VEHICLE,SIDESWIPE-SAME DIRECTION,STRAIGHT & LEVEL,DAYLIGHT,,,4/28/2022 7:18:00 AM,False,7229,Accepted,
29992978,0568000,LOUISVILLE METRO POLICE DEPT,Accepted,JEFFERSON,US0031W,4919,DIXIE,HWY,,,,,,,,38.168848183,-85.827056664,13.355,4/27/2022 12:00:00 AM,1609,2,2,0,0,CLEAR,DRY,True,COLLISION IN PARKING LOT,REAR END,STRAIGHT & LEVEL,DAWN,,,4/28/2022 7:18:03 AM,False,7485,Accepted,
29992983,0568000,LOUISVILLE METRO POLICE DEPT,Accepted,JEFFERSON,,,GRADE,LN,,,KNOPP,,,,,38.149060489,-85.735932343,2.706,4/27/2022 12:00:00 AM,1915,2,2,0,0,CLEAR,DRY,False,ANGLE COLLISION - OTHER,ANGLE,STRAIGHT & LEVEL,DAYLIGHT,,,4/28/2022 7:18:26 AM,False,5264,Accepted,
30016309,0568000,LOUISVILLE METRO POLICE DEPT,Accepted,JEFFERSON,I 0065,,I65 S,,,,,,,,,38.265675776,-85.743845998,136.963,4/27/2022 12:00:00 AM,0822,3,3,0,0,CLEAR,DRY,False,REAR END IN TRAFFIC LANES BOTH VEHICLES MOVING,REAR END,STRAIGHT & LEVEL,DAYLIGHT,,,5/4/2022 8:38:29 AM,False,7720,Accepted,
30016324,0568000,LOUISVILLE METRO POLICE DEPT,Accepted,JEFFERSON,KY0061,,JACKSON,ST,S,,BRECKINRIDGE,,,,,38.240548723,-85.746409946,11.965,4/27/2022 12:00:00 AM,1709,2,2,0,0,CLEAR,DRY,False,ANGLE COLLISION - OTHER,ANGLE,STRAIGHT & LEVEL,DAYLIGHT,,,5/4/2022 8:39:27 AM,False,5052,Accepted,
30016331,0568000,LOUISVILLE METRO POLICE DEPT,Accepted,JEFFERSON,,,FLOYD,ST,S,,,,MAGNOLIA,,WOODBINE,38.228318533,-85.752692684,1.904,4/27/2022 12:00:00 AM,1617,3,3,0,0,CLEAR,DRY,False,1 VEHICLE PARKED POSITION (NOT PARKING LOT/DRIVEWAY),REAR END,STRAIGHT & LEVEL,DAYLIGHT,,,5/4/2022 8:39:53 AM,False,7619,Accepted,
30034179,0568000,LOUISVILLE METRO POLICE DEPT,Accepted,JEFFERSON,,,9TH,ST,S,,BRECKINRIDGE,,,,,38.242482172,-85.767472047,0.306,4/27/2022 12:00:00 AM,1508,2,2,0,1,CLEAR,DRY,False,ANGLE COLLISION - OTHER,ANGLE,STRAIGHT & LEVEL,DAYLIGHT,,,5/9/2022 8:22:43 AM,False,5412,Accepted,
30007465,0568000,LOUISVILLE METRO POLICE DEPT,Accepted,JEFFERSON,,5813,BANNON CROSSINGS,DR,,,,,,,,38.174260576,-85.637935580,1.049,4/27/2022 12:00:00 AM,2215,3,3,0,0,CLEAR,DRY,False,1 VEHICLE PARKED POSITION (NOT PARKING LOT/DRIVEWAY),SIDESWIPE-OPPOSITE DIRECTION,CURVE & LEVEL,DARK (UNKNOWN ROADWAY LIGHTING),,,5/2/2022 8:35:29 AM,False,5346,Accepted,
29992990,0568000,LOUISVILLE METRO POLICE DEPT,Accepted,JEFFERSON,,,BRECKINRIDGE,ST,E,KY0061,JACKSON,,,,,38.240548043,-85.746415976,1.177,4/27/2022 12:00:00 AM,1911,2,2,0,2,CLEAR,DRY,False,ANGLE COLLISION - OTHER,ANGLE,STRAIGHT & LEVEL,DAYLIGHT,,,4/28/2022 7:18:52 AM,False,5304,Accepted,
29997308,0568000,LOUISVILLE METRO POLICE DEPT,Accepted,JEFFERSON,I 0065,,I65 N,,,,,,,,,38.126821684,-85.701937513,125.976,4/27/2022 12:00:00 AM,1326,1,1,0,1,CLEAR,DRY,False,COLLISION WITH FIXED OBJECT NON - INTERSECTION - FIRST EVENT COLLISION 09 - 32 EXCLUDING 16,SINGLE VEHICLE,STRAIGHT & LEVEL,DAYLIGHT,,,4/29/2022 7:21:02 AM,False,8278,Accepted,
29997309,0568000,LOUISVILLE METRO POLICE DEPT,Accepted,JEFFERSON,US0060A,,LEXINGTON,RD,,,OXFORD,,,,,38.250855720,-85.663305797,10.192,4/27/2022 12:00:00 AM,1725,2,2,0,0,CLEAR,DRY,False,OTHER INTERSECTION COLLISIONS,REAR END,STRAIGHT & LEVEL,DAYLIGHT,,,4/29/2022 7:21:06 AM,False,7632,Accepted,
29992971,0568000,LOUISVILLE METRO POLICE DEPT,Accepted,JEFFERSON,KY1747,,HURSTBOURNE,PKWY,S,,WATTERSON,,,,,38.183546032,-85.606605710,8.530,4/27/2022 12:00:00 AM,1351,2,2,0,0,CLEAR,DRY,False,OPPOSING LEFT TURN,OPPOSING LEFT TURN,STRAIGHT & GRADE,DAYLIGHT,,,4/28/2022 7:17:33 AM,False,4693,Accepted,
29992980,0568000,LOUISVILLE METRO POLICE DEPT,Accepted,JEFFERSON,I 0264,,,,,,,,,,,38.187050355,-85.785990042,0.106,4/27/2022 12:00:00 AM,1230,2,2,0,0,CLEAR,DRY,False,OTHER RAMP RELATED COLLISIONS NOT LISTED ABOVE,REAR END,STRAIGHT & LEVEL,DAYLIGHT,KY1865,I 0264,4/28/2022 7:18:13 AM,False,7360,Accepted,
29992981,0568000,LOUISVILLE METRO POLICE DEPT,Accepted,JEFFERSON,I 0065,,I65 S,,,I 0065,I65 S EXIT125 ON RAMP FROM KY481,,,,,38.110967333,-85.701566251,124.880,4/27/2022 12:00:00 AM,1852,2,2,0,1,CLEAR,DRY,False,OTHER INTERSECTION COLLISIONS,REAR END,STRAIGHT & LEVEL,DAYLIGHT,,,4/28/2022 7:18:18 AM,False,2775,Accepted,
29992982,0568000,LOUISVILLE METRO POLICE DEPT,Accepted,JEFFERSON,US0060A,,EASTERN,PKWY,,US0031E,BARDSTOWN,,,,,38.231996366,-85.709317697,6.831,4/27/2022 12:00:00 AM,2220,2,2,0,0,CLEAR,DRY,True,HEAD-ON COLLISION,HEAD ON,STRAIGHT & LEVEL,DARK-HWY LIGHTED/ON,,,4/28/2022 7:18:22 AM,False,5330,Accepted,
29992988,0568000,LOUISVILLE METRO POLICE DEPT,Accepted,JEFFERSON,KY0061,,PRESTON,HWY,,KY1065,OUTER,,,,,38.136795816,-85.685805097,3.834,4/27/2022 12:00:00 AM,2054,2,2,0,3,CLEAR,DRY,False,HEAD-ON COLLISION,HEAD ON,STRAIGHT & LEVEL,DARK-HWY LIGHTED/ON,,,4/28/2022 7:18:44 AM,False,5314,Accepted,
29992987,0568000,LOUISVILLE METRO POLICE DEPT,Accepted,JEFFERSON,,,BROOK,ST,S,,BURNETT,,,,,38.226477453,-85.755105542,1.429,4/27/2022 12:00:00 AM,2135,3,3,0,0,CLEAR,DRY,False,COLLISION WITH PARKED VEHICLE,REAR END,STRAIGHT & LEVEL,DARK-HWY LIGHTED/ON,,,4/28/2022 7:18:39 AM,False,5267,Accepted,
29992962,0568000,LOUISVILLE METRO POLICE DEPT,Accepted,JEFFERSON,US0150,,BROADWAY,,E,,FLOYD,,,,,38.245473162,-85.749686041,2.844,4/27/2022 12:00:00 AM,0740,2,2,0,0,CLEAR,DRY,False,SIDESWIPE-SAME DIRECTION,SIDESWIPE-SAME DIRECTION,STRAIGHT & GRADE,DAYLIGHT,,,4/28/2022 7:16:59 AM,False,7148,Accepted,
30012294,0561500,UNIV. OF LOUISVILLE POLICE,Accepted,JEFFERSON,,,WARNOCK,ST,,,FLOYD,,,,,38.214632110,-85.754377742,0.323,4/27/2022 12:00:00 AM,1557,2,2,0,0,CLEAR,DRY,False,ANGLE COLLISION - OTHER,ANGLE,STRAIGHT & LEVEL,DAYLIGHT,,,5/3/2022 10:21:31 AM,False,5710,Accepted,
30011759,0568000,LOUISVILLE METRO POLICE DEPT,Accepted,JEFFERSON,KY1020,,3RD,ST,S,,ST CATHERINE,,,,,38.237182890,-85.758257243,11.486,4/27/2022 12:00:00 AM,1810,2,2,0,0,CLEAR,DRY,False,ANGLE COLLISION - OTHER,ANGLE,STRAIGHT & LEVEL,DAYLIGHT,,,5/3/2022 8:11:16 AM,False,5409,Accepted,
30007471,0568000,LOUISVILLE METRO POLICE DEPT,Accepted,JEFFERSON,,,AIKEN,RD,,,FOREST POINTE,,,,,38.267553163,-85.473715607,3.337,4/27/2022 12:00:00 AM,1300,2,2,0,0,CLEAR,DRY,True,ANGLE COLLISION - OTHER,ANGLE,STRAIGHT & GRADE,DAYLIGHT,,,5/2/2022 8:35:49 AM,False,7631,Accepted,
29988853,0568000,LOUISVILLE METRO POLICE DEPT,Accepted,JEFFERSON,,2414,BRADLEY,AVE,,,,,,,,38.216679847,-85.750288505,0.128,4/26/2022 12:00:00 AM,2330,2,2,0,0,CLEAR,DRY,True,1 VEHICLE PARKED POSITION (NOT PARKING LOT/DRIVEWAY),SIDESWIPE-SAME DIRECTION,STRAIGHT & LEVEL,DARK-HWY LIGHTED/ON,,,4/27/2022 8:21:23 AM,False,5317,Accepted,
29988854,0568000,LOUISVILLE METRO POLICE DEPT,Accepted,JEFFERSON,KY1020,300,3RD,ST,S,,,,,,,38.252681215,-85.755509192,12.567,4/26/2022 12:00:00 AM,2107,4,4,0,1,CLEAR,DRY,False,COLLISION IN PARKING LOT,ANGLE,STRAIGHT & GRADE,DAYLIGHT,,,4/27/2022 8:21:29 AM,False,5122,Accepted,
29992966,0568000,LOUISVILLE METRO POLICE DEPT,Accepted,JEFFERSON,I 0264,,I264 E,,,,,,,,,38.189781002,-85.767063784,10.033,4/26/2022 12:00:00 AM,1659,2,2,0,0,CLEAR,DRY,True,REAR END IN TRAFFIC LANES BOTH VEHICLES MOVING,REAR END,STRAIGHT & GRADE,DAYLIGHT,,,4/28/2022 7:17:14 AM,False,8278,Accepted,
30007504,0568000,LOUISVILLE METRO POLICE DEPT,Accepted,JEFFERSON,I 0265,,I265 N,,,,,I 0265,I265 N EXIT34 ON RAMP FROM KY22 W,I 0071,I71 N EXIT35A RAMP TO I71 N,38.311254191,-85.575170997,34.277,4/26/2022 12:00:00 AM,1819,3,3,0,0,CLEAR,DRY,False,REAR END IN TRAFFIC LANES BOTH VEHICLES MOVING,REAR END,STRAIGHT & LEVEL,DAYLIGHT,,,5/2/2022 8:38:56 AM,False,5050,Accepted,
30007589,0568000,LOUISVILLE METRO POLICE DEPT,Accepted,JEFFERSON,KY0864,,POPLAR LEVEL,RD,,,GARDINER,,,,,38.192647620,-85.705976345,11.090,4/26/2022 12:00:00 AM,0759,2,2,0,3,CLEAR,DRY,False,OTHER INTERSECTION COLLISIONS,REAR END,STRAIGHT & LEVEL,DAYLIGHT,,,5/2/2022 8:43:44 AM,False,7938,Accepted,
29988844,0568000,LOUISVILLE METRO POLICE DEPT,Accepted,JEFFERSON,US0031E,,BARDSTOWN,RD,,,ICHABOD,,,,,38.131664987,-85.578264508,4.186,4/26/2022 12:00:00 AM,2046,2,2,0,2,CLEAR,DRY,False,OTHER INTERSECTION COLLISIONS,REAR END,STRAIGHT & LEVEL,DARK-HWY NOT LIGHTED,,,4/27/2022 8:20:30 AM,False,6028,Accepted,
29988845,0568000,LOUISVILLE METRO POLICE DEPT,Accepted,JEFFERSON,KY1020,,3RD,ST,S,US0060A,EASTERN,,,,,38.213783469,-85.762264016,9.870,4/26/2022 12:00:00 AM,2200,2,2,0,0,CLEAR,FLOODED,True,SIDESWIPE-SAME DIRECTION,SIDESWIPE-SAME DIRECTION,STRAIGHT & LEVEL,DARK-HWY LIGHTED/ON,,,4/27/2022 8:20:33 AM,False,5205,Accepted,
29988846,0568000,LOUISVILLE METRO POLICE DEPT,Accepted,JEFFERSON,US0031W,,DIXIE,HWY,,,FLINTLOCK,,,,,38.160044796,-85.832627329,12.728,4/26/2022 12:00:00 AM,0630,3,3,0,0,CLEAR,DRY,False,ANGLE COLLISION - OTHER,ANGLE,STRAIGHT & LEVEL,DAWN,,,4/27/2022 8:20:38 AM,False,5312,Accepted,
29988837,0568000,LOUISVILLE METRO POLICE DEPT,Accepted,JEFFERSON,US0031W,,DIXIE,HWY,,,UPPER HUNTERS,,,,,38.168540601,-85.828547422,13.269,4/26/2022 12:00:00 AM,1035,3,3,0,0,CLEAR,DRY,False,OTHER INTERSECTION COLLISIONS,REAR END,STRAIGHT & LEVEL,DAYLIGHT,,,4/27/2022 8:19:59 AM,False,7340,Accepted,
29984407,0568000,LOUISVILLE METRO POLICE DEPT,Accepted,JEFFERSON,I 0264,,I264 E,,,,,,,,,38.230773473,-85.631140333,18.197,4/26/2022 12:00:00 AM,0720,1,1,0,0,CLEAR,DRY,False,OTHER ROADWAY OR MID-BLOCK COLLISION,SINGLE VEHICLE,STRAIGHT & LEVEL,DAYLIGHT,,,4/26/2022 8:37:50 AM,False,4903,Accepted,
29988835,0568000,LOUISVILLE METRO POLICE DEPT,Accepted,JEFFERSON,I 0065,,,,,,,,,,,38.114687608,-85.711409698,0.089,4/26/2022 12:00:00 AM,1718,3,3,0,0,CLEAR,DRY,False,OTHER RAMP RELATED COLLISIONS NOT LISTED ABOVE,REAR END,STRAIGHT & LEVEL,DAYLIGHT,KY0481,I 0065,4/27/2022 8:19:55 AM,False,2308,Accepted,
29988843,0568000,LOUISVILLE METRO POLICE DEPT,Accepted,JEFFERSON,I 0264,,I264 W,,,,,,,,,38.189998751,-85.751037901,11.026,4/26/2022 12:00:00 AM,1825,2,2,0,0,CLEAR,DRY,False,SIDESWIPE COLLISION - SAME DIRECTION,SIDESWIPE-SAME DIRECTION,STRAIGHT & LEVEL,DAYLIGHT,,,4/27/2022 8:20:24 AM,False,5342,Accepted,
29988851,0568000,LOUISVILLE METRO POLICE DEPT,Accepted,JEFFERSON,KY3216,,38TH,ST,N,,BANK,,,,,38.272019526,-85.809744420,,4/26/2022 12:00:00 AM,1856,3,3,0,1,CLEAR,DRY,False,ANGLE COLLISION - OTHER,ANGLE,STRAIGHT & LEVEL,DAYLIGHT,,,4/27/2022 8:21:00 AM,False,5285,Accepted,
30007558,0568000,LOUISVILLE METRO POLICE DEPT,Accepted,JEFFERSON,KY1020,,3RD,ST,S,,,,,,,38.238752124,-85.757976781,11.598,4/26/2022 12:00:00 AM,1540,2,2,0,0,CLEAR,DRY,False,SIDESWIPE COLLISION - SAME DIRECTION,SIDESWIPE-SAME DIRECTION,STRAIGHT & LEVEL,DAYLIGHT,,,5/2/2022 8:42:25 AM,False,5258,Accepted,
30011752,0568000,LOUISVILLE METRO POLICE DEPT,Accepted,JEFFERSON,,,13TH,ST,S,,,,BRASHEAR,,PATTON,38.225435409,-85.777225857,1.854,4/26/2022 12:00:00 AM,0900,2,2,0,0,,,True,1 VEHICLE PARKED POSITION (NOT PARKING LOT/DRIVEWAY),BACKING,STRAIGHT & LEVEL,DAYLIGHT,,,5/3/2022 8:10:51 AM,False,7184,Accepted,
29988831,0568000,LOUISVILLE METRO POLICE DEPT,Accepted,JEFFERSON,,5701,BANNON CROSSINGS,DR,,,,,,,,38.174343846,-85.633142948,0.747,4/26/2022 12:00:00 AM,1538,2,2,0,0,CLEAR,DRY,False,REAR END IN TRAFFIC LANES BOTH VEHICLES MOVING,REAR END,STRAIGHT & LEVEL,DAYLIGHT,,,4/27/2022 8:19:42 AM,False,7739,Accepted,
29997315,0568000,LOUISVILLE METRO POLICE DEPT,Accepted,JEFFERSON,,,JEANINE,DR,,,GLEN VALLEY,,,,,38.160635955,-85.688343745,0.207,4/26/2022 12:00:00 AM,1604,3,3,0,6,CLEAR,DRY,False,ANGLE COLLISION - OTHER,ANGLE,STRAIGHT & LEVEL,DAYLIGHT,,,4/29/2022 7:21:30 AM,False,5415,Accepted,
29988850,0568000,LOUISVILLE METRO POLICE DEPT,Accepted,JEFFERSON,I 0064,,I64 W,,,,,,,,,38.218103405,-85.417392256,23.704,4/26/2022 12:00:00 AM,1938,1,1,0,0,CLEAR,DRY,False,RAN OFF ROADWAY (1 VEHICLE WITH/EARTH EMBANKMENT/DITCH),SINGLE VEHICLE,STRAIGHT & LEVEL,DARK-HWY NOT LIGHTED,,,4/27/2022 8:20:56 AM,False,5128,Accepted,
29988839,0568000,LOUISVILLE METRO POLICE DEPT,Accepted,JEFFERSON,KY0864,954,GOSS,AVE,,,,,,,,38.226410075,-85.734093144,13.986,4/26/2022 12:00:00 AM,1809,2,2,0,0,CLEAR,DRY,True,1 VEHICLE PARKED POSITION (NOT PARKING LOT/DRIVEWAY),SIDESWIPE-SAME DIRECTION,STRAIGHT & GRADE,DAYLIGHT,,,4/27/2022 8:20:04 AM,False,7689,Accepted,
29988847,0568000,LOUISVILLE METRO POLICE DEPT,Accepted,JEFFERSON,,,HIKES,LN,,,CASA BELLA,,,,,38.216837711,-85.630858838,2.874,4/26/2022 12:00:00 AM,0549,2,2,0,1,CLEAR,DRY,False,OPPOSING LEFT TURN,OPPOSING LEFT TURN,STRAIGHT & LEVEL,DAWN,,,4/27/2022 8:20:43 AM,False,5418,Accepted,
29988855,0568000,LOUISVILLE METRO POLICE DEPT,Accepted,JEFFERSON,KY2054,,ALGONQUIN,PKWY,,,COMPTON,,,,,38.213318675,-85.772280307,3.057,4/26/2022 12:00:00 AM,2056,2,2,0,1,CLEAR,DRY,False,ANGLE COLLISION - ONE VEHICLE TURNING LEFT,ANGLE,STRAIGHT & LEVEL,DARK-HWY LIGHTED/ON,,,4/27/2022 8:21:33 AM,True,5183,Accepted,
29988815,0568000,LOUISVILLE METRO POLICE DEPT,Accepted,JEFFERSON,KY1065,,OUTER,LOOP,,KY0864,FEGENBUSH,,,,,38.138562114,-85.615661131,10.009,4/26/2022 12:00:00 AM,0900,2,2,0,0,CLEAR,DRY,False,OTHER INTERSECTION COLLISIONS,REAR END,STRAIGHT & LEVEL,DAYLIGHT,,,4/27/2022 8:18:53 AM,False,7698,Accepted,
29988816,0568000,LOUISVILLE METRO POLICE DEPT,Accepted,JEFFERSON,I 0065,,I65 N,,,,,,,,,38.241564090,-85.752866428,134.970,4/26/2022 12:00:00 AM,0952,3,3,0,0,CLEAR,DRY,True,REAR END IN TRAFFIC LANES BOTH VEHICLES MOVING,REAR END,STRAIGHT & LEVEL,DAYLIGHT,,,4/27/2022 8:18:57 AM,False,4903,Accepted,
29988824,0568000,LOUISVILLE METRO POLICE DEPT,Accepted,JEFFERSON,,,MAPLE,RD,,,FORSYTHIA,,,,,38.109550379,-85.646091376,0.677,4/26/2022 12:00:00 AM,1310,2,1,0,1,CLEAR,DRY,False,COLLISION WITH BICYCLE IN INTERSECTION,SINGLE VEHICLE,STRAIGHT & LEVEL,DAYLIGHT,,,4/27/2022 8:19:26 AM,False,2017,Accepted,
29988832,0568000,LOUISVILLE METRO POLICE DEPT,Accepted,JEFFERSON,I 0264,,I264 W,,,,,I 0264,I264 W EXIT16 OFF RAMP TO US31E,I 0264,I264 W EXIT17 ON RAMP FROM KY155,38.215052335,-85.664410594,16.129,4/26/2022 12:00:00 AM,1730,2,2,0,0,CLEAR,DRY,False,SIDESWIPE COLLISION - SAME DIRECTION,SIDESWIPE-SAME DIRECTION,STRAIGHT & LEVEL,DAYLIGHT,,,4/27/2022 8:19:46 AM,False,7793,Accepted,