IncidentID,AgencyORI,AgencyName,IncidentStatusDesc,County,RdwyNumber,Street,RoadwayName,StreetSfx,StreetDir,IntersectionRdwy,IntersectionRdwyName,BetweenStRdwy1,BetweenStRdwyName1,BetweenStRdwy2,BetweenStRdwyName2,Latitude,Longitude,Milepoint,CollisionDate,CollisionTime,UnitsInvolved,MotorVehiclesInvolved,NumberKilled,NumberInjured,Weather,RdwyConditionCode,HitandRun,DirAnalysisCode,MannerofCollision,RdwyCharacter,LightCondition,RampFromRdwyId,RampToRdwyId,AcceptedDate,IsSecondaryCollision,OwnerBadge,IncidentStatus,
29988840,0568000,LOUISVILLE METRO POLICE DEPT,Accepted,JEFFERSON,,,DUMESNIL,ST,,,26TH,,,,,38.236399685,-85.796396352,1.302,4/26/2022 12:00:00 AM,1520,2,2,0,1,CLEAR,DRY,False,ANGLE COLLISION - OTHER,ANGLE,STRAIGHT & LEVEL,DAYLIGHT,,,4/27/2022 8:20:08 AM,False,5179,Accepted,
29988841,0568000,LOUISVILLE METRO POLICE DEPT,Accepted,JEFFERSON,I 0071,,,,,,,,,,,38.316899831,-85.587319373,0.611,4/26/2022 12:00:00 AM,1930,2,2,0,0,CLEAR,DRY,False,OTHER RAMP RELATED COLLISIONS NOT LISTED ABOVE,SIDESWIPE-SAME DIRECTION,STRAIGHT & LEVEL,DAYLIGHT,I 0071,KY0841,4/27/2022 8:20:13 AM,False,7984,Accepted,
29988842,0568000,LOUISVILLE METRO POLICE DEPT,Accepted,JEFFERSON,US0031W,,MAIN,ST,W,,,,20TH,,20TH,38.259453824,-85.781725149,20.551,4/26/2022 12:00:00 AM,1732,3,3,0,0,CLEAR,DRY,False,1 VEHICLE PARKED POSITION (NOT PARKING LOT/DRIVEWAY),SIDESWIPE-SAME DIRECTION,STRAIGHT & LEVEL,DAYLIGHT,,,4/27/2022 8:20:18 AM,False,7325,Accepted,
29988848,0568000,LOUISVILLE METRO POLICE DEPT,Accepted,JEFFERSON,,3600,CHAMBERLAIN,LN,,,,,,,,38.298861456,-85.541524051,2.075,4/26/2022 12:00:00 AM,2239,2,2,0,1,CLEAR,DRY,False,SIDESWIPE COLLISION - SAME DIRECTION,SIDESWIPE-SAME DIRECTION,STRAIGHT & LEVEL,DAWN,,,4/27/2022 8:20:48 AM,False,5155,Accepted,
29988813,0568000,LOUISVILLE METRO POLICE DEPT,Accepted,JEFFERSON,KY0907,,3RD ST,RD,,,,,,,,38.133772697,-85.789623565,5.171,4/26/2022 12:00:00 AM,0736,1,1,0,0,CLEAR,DRY,False,OTHER COLLISIONS ON SHOULDER,SINGLE VEHICLE,STRAIGHT & LEVEL,DAWN,,,4/27/2022 8:18:44 AM,False,7817,Accepted,
30081847,0568000,LOUISVILLE METRO POLICE DEPT,Accepted,JEFFERSON,KY2251,,BARDSTOWN,RD,,,,,,,,38.191936255,-85.646750760,0.174,4/26/2022 12:00:00 AM,0710,2,2,0,0,CLEAR,DRY,False,REAR END IN TRAFFIC LANES BOTH VEHICLES MOVING,REAR END,STRAIGHT & LEVEL,DAYLIGHT,,,5/20/2022 9:20:04 AM,False,2738,Accepted,
30204089,0568000,LOUISVILLE METRO POLICE DEPT,Accepted,JEFFERSON,I 0065,,I65 N,,,,,,,,,38.210316577,-85.752965303,132.775,4/26/2022 12:00:00 AM,0802,2,2,0,0,CLEAR,DRY,False,SIDESWIPE COLLISION - SAME DIRECTION,SIDESWIPE-SAME DIRECTION,CURVE & GRADE,DAYLIGHT,,,6/20/2022 10:15:34 AM,False,7391,Accepted,
30045420,0568000,LOUISVILLE METRO POLICE DEPT,Accepted,JEFFERSON,,3200 BLK,VERMONT,AVE,,,,,,,,38.255363831,-85.805567679,0.266,4/26/2022 12:00:00 AM,1042,1,1,0,0,CLEAR,DRY,False,OTHER ROADWAY OR MID-BLOCK COLLISION,SINGLE VEHICLE,STRAIGHT & LEVEL,DAYLIGHT,,,5/11/2022 8:24:55 AM,False,5124,Accepted,
30049483,0568000,LOUISVILLE METRO POLICE DEPT,Accepted,JEFFERSON,,,LEXINGTON,RD,,,,,,,,38.247285224,-85.731416715,0.032,4/25/2022 12:00:00 AM,1430,2,2,0,0,CLEAR,DRY,False,REAR END IN TRAFFIC LANES BOTH VEHICLES MOVING,REAR END,STRAIGHT & LEVEL,DAYLIGHT,,,5/12/2022 8:25:09 AM,False,2738,Accepted,
30240773,0568000,LOUISVILLE METRO POLICE DEPT,Accepted,JEFFERSON,KY2053,,MT WASHINGTON,RD,,,,,,,,38.089996230,-85.648590330,1.103,4/25/2022 12:00:00 AM,0839,3,3,0,5,CLEAR,DRY,False,HEAD-ON COLLISION,HEAD ON,STRAIGHT & GRADE,DAYLIGHT,,,6/29/2022 8:16:19 AM,False,7628,Accepted,
29984369,0568000,LOUISVILLE METRO POLICE DEPT,Accepted,JEFFERSON,KY1865,4170,TAYLOR,BLVD,,,,,,,,38.180216813,-85.783371481,5.010,4/25/2022 12:00:00 AM,0815,2,2,0,0,CLOUDY,DRY,False,1 VEHICLE ENTERING/LEAVING ENTRANCE,ANGLE,STRAIGHT & LEVEL,DAYLIGHT,,,4/26/2022 8:35:57 AM,False,5287,Accepted,
29984376,0568000,LOUISVILLE METRO POLICE DEPT,Accepted,JEFFERSON,KY0061,,PRESTON,HWY,,,,,ST RITA,,TRIO,38.128634232,-85.681341475,3.230,4/25/2022 12:00:00 AM,1338,2,2,0,1,CLOUDY,DRY,False,OTHER ROADWAY OR MID-BLOCK COLLISION,OPPOSING LEFT TURN,STRAIGHT & LEVEL,DAYLIGHT,,,4/26/2022 8:36:23 AM,False,2324,Accepted,
29984377,0568000,LOUISVILLE METRO POLICE DEPT,Accepted,JEFFERSON,KY1747,,FERN VALLEY,RD,,,,KY1747,KY1747 CROSSOVER,,JEFFERSON,38.156795089,-85.672741775,3.242,4/25/2022 12:00:00 AM,1538,4,4,0,1,CLOUDY,DRY,False,OTHER ROADWAY OR MID-BLOCK COLLISION,REAR END,STRAIGHT & LEVEL,DAYLIGHT,,,4/26/2022 8:36:27 AM,False,2324,Accepted,
29984393,0568000,LOUISVILLE METRO POLICE DEPT,Accepted,JEFFERSON,US0031W,5138,DIXIE,HWY,,,,,,,,38.165435073,-85.830150752,13.108,4/25/2022 12:00:00 AM,2202,3,3,0,0,CLEAR,DRY,False,OTHER ROADWAY OR MID-BLOCK COLLISION,REAR END,STRAIGHT & LEVEL,DARK-HWY LIGHTED/ON,,,4/26/2022 8:37:22 AM,True,5212,Accepted,
29984394,0568000,LOUISVILLE METRO POLICE DEPT,Accepted,JEFFERSON,I 0264,,I264 W,,,I 0264,I264 W EXIT3 OFF RAMP TO  DUMESNIL ST,,,,,38.235276572,-85.818288968,3.116,4/25/2022 12:00:00 AM,2226,1,1,0,0,CLEAR,DRY,False,COLLISION WITH FIXED OBJECT IN INTERSECTION - FIRST EVENT COLLISION 09 - 32,SINGLE VEHICLE,STRAIGHT & LEVEL,DARK-HWY LIGHTED/ON,,,4/26/2022 8:37:27 AM,False,5387,Accepted,
29984401,0568000,LOUISVILLE METRO POLICE DEPT,Accepted,JEFFERSON,KY1703,,NEWBURG,RD,,,BROADMOOR,,,,,38.186512379,-85.667600642,0.667,4/25/2022 12:00:00 AM,1850,2,2,0,2,CLOUDY,DRY,False,OTHER INTERSECTION COLLISIONS,REAR END,STRAIGHT & LEVEL,DAYLIGHT,,,4/26/2022 8:37:42 AM,False,5322,Accepted,
29988833,0568000,LOUISVILLE METRO POLICE DEPT,Accepted,JEFFERSON,US0060A,1725,EASTERN,PKWY,,,,,NORRIS,,QUADRANT,38.230474241,-85.712093345,6.644,4/25/2022 12:00:00 AM,1210,3,3,0,4,CLOUDY,WET,False,1 VEHICLE ENTERING/LEAVING ENTRANCE,ANGLE,STRAIGHT & GRADE,DAYLIGHT,,,4/27/2022 8:19:50 AM,False,2308,Accepted,
29979931,0568000,LOUISVILLE METRO POLICE DEPT,Accepted,JEFFERSON,KY1865,,NEW CUT,RD,,KY0907,SOUTHSIDE,,,,,38.145776956,-85.775241634,2.671,4/25/2022 12:00:00 AM,0257,1,1,0,0,CLEAR,DRY,False,COLLISION WITH FIXED OBJECT IN INTERSECTION - FIRST EVENT COLLISION 09 - 32,SINGLE VEHICLE,STRAIGHT & LEVEL,DARK-HWY LIGHTED/ON,,,4/25/2022 8:24:30 AM,False,5321,Accepted,
29984370,0568000,LOUISVILLE METRO POLICE DEPT,Accepted,JEFFERSON,US0031W,,DIXIE,HWY,,,LOWER HUNTERS,,,,,38.156075618,-85.834670635,12.435,4/25/2022 12:00:00 AM,0700,2,2,0,0,CLEAR,DRY,False,OTHER INTERSECTION COLLISIONS,REAR END,STRAIGHT & LEVEL,DAYLIGHT,,,4/26/2022 8:36:01 AM,False,7524,Accepted,
29984378,0568000,LOUISVILLE METRO POLICE DEPT,Accepted,JEFFERSON,,2309,HIKES,LN,,,,,,,,38.200400226,-85.657746310,1.084,4/25/2022 12:00:00 AM,1638,1,1,0,0,CLEAR,DRY,False,COLLISION IN PARKING LOT,SINGLE VEHICLE,STRAIGHT & LEVEL,DAYLIGHT,,,4/26/2022 8:36:31 AM,False,5276,Accepted,
29984379,0568000,LOUISVILLE METRO POLICE DEPT,Accepted,JEFFERSON,I 0064,,I64 E,,,,,,,,,38.258481502,-85.763800919,4.133,4/25/2022 12:00:00 AM,1725,2,2,0,0,CLEAR,DRY,True,SIDESWIPE COLLISION - SAME DIRECTION,SIDESWIPE-SAME DIRECTION,CURVE & LEVEL,DAYLIGHT,,,4/26/2022 8:36:34 AM,False,5168,Accepted,
29984380,0568000,LOUISVILLE METRO POLICE DEPT,Accepted,JEFFERSON,KY1747,,HURSTBOURNE,PKWY,,US0031E,BARDSTOWN,,,,,38.168047421,-85.605586044,7.421,4/25/2022 12:00:00 AM,1735,3,3,0,1,CLOUDY,DRY,False,ANGLE COLLISION - OTHER,ANGLE,STRAIGHT & LEVEL,DAYLIGHT,,,4/26/2022 8:36:38 AM,False,7486,Accepted,
29984387,0568000,LOUISVILLE METRO POLICE DEPT,Accepted,JEFFERSON,,,AUSTINWOOD,RD,,,GRAND RIDGE,,,,,38.145564842,-85.795992736,0.055,4/25/2022 12:00:00 AM,1530,1,1,0,0,CLEAR,DRY,False,COLLISION WITH FIXED OBJECT IN INTERSECTION - FIRST EVENT COLLISION 09 - 32,SINGLE VEHICLE,STRAIGHT & HILLCREST,DAYLIGHT,,,4/26/2022 8:36:55 AM,False,7483,Accepted,
29984396,0568000,LOUISVILLE METRO POLICE DEPT,Accepted,JEFFERSON,,,FEGENBUSH,LN,,,WOODHAVEN PLACE,,,,,38.168557124,-85.640188437,1.294,4/25/2022 12:00:00 AM,1917,2,2,0,0,RAINING,WET,False,OTHER INTERSECTION COLLISIONS,REAR END,STRAIGHT & LEVEL,DAYLIGHT,,,4/26/2022 8:37:34 AM,False,5182,Accepted,
30007484,0568000,LOUISVILLE METRO POLICE DEPT,Accepted,JEFFERSON,,,BARNWOOD,RD,,,,,LOFT,,LOFT,38.131828711,-85.596916988,0.172,4/25/2022 12:00:00 AM,,3,3,0,0,CLEAR,DRY,True,1 VEHICLE PARKED POSITION (NOT PARKING LOT/DRIVEWAY),BACKING,STRAIGHT & LEVEL,DAYLIGHT,,,5/2/2022 8:37:01 AM,False,7278,Accepted,
30007473,0568000,LOUISVILLE METRO POLICE DEPT,Accepted,JEFFERSON,KY1020,,SOUTHSIDE,DR,,,,,ALGER,,STEEDLY,38.165916214,-85.764795340,6.603,4/25/2022 12:00:00 AM,2145,2,1,1,0,CLEAR,DRY,False,COLLISION WITH PEDESTRIAN NON - INTERSECTION,SINGLE VEHICLE,STRAIGHT & LEVEL,DARK-HWY LIGHTED/ON,,,5/2/2022 8:35:54 AM,False,2308,Accepted,
30020654,0568000,LOUISVILLE METRO POLICE DEPT,Accepted,JEFFERSON,US0031W,5138,DIXIE,HWY,,,,,,,,38.165312910,-85.830132007,13.061,4/25/2022 12:00:00 AM,2202,3,3,0,0,CLEAR,DRY,True,OTHER ROADWAY OR MID-BLOCK COLLISION,REAR END,STRAIGHT & LEVEL,DARK-HWY LIGHTED/ON,,,5/5/2022 8:18:30 AM,False,7992,Accepted,
29988829,0568000,LOUISVILLE METRO POLICE DEPT,Accepted,JEFFERSON,US0150,,BROADWAY,,W,,,,,,,38.246248625,-85.760457697,2.307,4/25/2022 12:00:00 AM,1432,2,2,0,0,CLEAR,DRY,True,REAR END IN TRAFFIC LANES BOTH VEHICLES MOVING,REAR END,STRAIGHT & LEVEL,DAYLIGHT,,,4/27/2022 8:19:36 AM,False,5168,Accepted,
29984373,0568000,LOUISVILLE METRO POLICE DEPT,Accepted,JEFFERSON,KY1934,,CANE RUN,RD,,KY2051,LEES,,,,,38.183880262,-85.855334844,7.724,4/25/2022 12:00:00 AM,1327,2,2,0,0,CLOUDY,DRY,False,OPPOSING LEFT TURN,OPPOSING LEFT TURN,STRAIGHT & LEVEL,DAYLIGHT,,,4/26/2022 8:36:12 AM,False,7524,Accepted,
29984381,0568000,LOUISVILLE METRO POLICE DEPT,Accepted,JEFFERSON,,1379BLK,BATES,AVE,,,,,,,,38.140219147,-85.675769903,0.635,4/25/2022 12:00:00 AM,1700,2,2,0,0,CLOUDY,DRY,False,HEAD-ON COLLISION,HEAD ON,CURVE & LEVEL,DAYLIGHT,,,4/26/2022 8:36:42 AM,False,5330,Accepted,
29984389,0568000,LOUISVILLE METRO POLICE DEPT,Accepted,JEFFERSON,US0031E,,BUECHEL,BYP,,,,,,,,38.192703041,-85.655253994,10.479,4/25/2022 12:00:00 AM,1831,2,2,0,2,RAINING,WET,False,HEAD-ON COLLISION,HEAD ON,STRAIGHT & HILLCREST,DAYLIGHT,,,4/26/2022 8:37:02 AM,False,5276,Accepted,
29984390,0568000,LOUISVILLE METRO POLICE DEPT,Accepted,JEFFERSON,US0031W,6633,DIXIE,HWY,,,,,,,,38.155200162,-85.834583017,12.387,4/25/2022 12:00:00 AM,1830,2,2,0,0,CLOUDY,DRY,False,SIDESWIPE COLLISION - SAME DIRECTION,SIDESWIPE-SAME DIRECTION,STRAIGHT & LEVEL,DAYLIGHT,,,4/26/2022 8:37:08 AM,False,5033,Accepted,
29988819,0568000,LOUISVILLE METRO POLICE DEPT,Accepted,JEFFERSON,KY1020,,2ND,ST,S,,,,,,,38.241696034,-85.755778262,11.814,4/25/2022 12:00:00 AM,0946,2,2,0,0,CLEAR,DRY,False,SIDESWIPE COLLISION - SAME DIRECTION,SIDESWIPE-SAME DIRECTION,STRAIGHT & LEVEL,DAYLIGHT,,,4/27/2022 8:19:10 AM,False,5258,Accepted,
29979935,0568000,LOUISVILLE METRO POLICE DEPT,Accepted,JEFFERSON,KY0864,,GOSS,AVE,,KY0864,LOGAN,,,,,38.230400167,-85.740436658,14.421,4/25/2022 12:00:00 AM,0307,1,1,0,0,CLEAR,DRY,False,COLLISION WITH FIXED OBJECT IN INTERSECTION - FIRST EVENT COLLISION 09 - 32,SINGLE VEHICLE,CURVE & LEVEL,DARK-HWY NOT LIGHTED,,,4/25/2022 8:24:46 AM,False,5304,Accepted,
29984374,0568000,LOUISVILLE METRO POLICE DEPT,Accepted,JEFFERSON,,3014,ST DENNIS,AVE,,,MAE,,,,,38.198312017,-85.829198840,0.131,4/25/2022 12:00:00 AM,1125,2,2,0,0,CLOUDY,WET,False,COLLISION WITH PARKED VEHICLE,SIDESWIPE-OPPOSITE DIRECTION,STRAIGHT & LEVEL,DAYLIGHT,,,4/26/2022 8:36:16 AM,False,5240,Accepted,
29984383,0568000,LOUISVILLE METRO POLICE DEPT,Accepted,JEFFERSON,US0031E,2460,BARDSTOWN,RD,,,,,,,,38.223332020,-85.685589675,13.181,4/25/2022 12:00:00 AM,1757,4,4,0,0,RAINING,WET,True,1 VEHICLE ENTERING/LEAVING ENTRANCE,ANGLE,STRAIGHT & LEVEL,DAYLIGHT,,,4/26/2022 8:36:46 AM,False,7570,Accepted,
29984384,0568000,LOUISVILLE METRO POLICE DEPT,Accepted,JEFFERSON,US0060A,,EASTERN,PKWY,,,BARRET,,,,,38.226484492,-85.720456718,6.108,4/25/2022 12:00:00 AM,1224,2,2,0,0,CLOUDY,WET,False,OPPOSITE DIRECTION - BOTH VEHICLES GOING STRAIGHT AHEAD,SIDESWIPE-OPPOSITE DIRECTION,CURVE & HILLCREST,DAYLIGHT,,,4/26/2022 8:36:50 AM,False,7960,Accepted,
30007606,0568000,LOUISVILLE METRO POLICE DEPT,Accepted,JEFFERSON,KY1865,,TAYLOR,BLVD,,,ASHLAND,,,,,38.186653605,-85.783804440,5.531,4/25/2022 12:00:00 AM,1543,2,2,0,2,CLOUDY,WET,False,ANGLE COLLISION - OTHER,ANGLE,STRAIGHT & LEVEL,DAYLIGHT,,,5/2/2022 8:44:37 AM,False,2142,Accepted,
30011772,0568000,LOUISVILLE METRO POLICE DEPT,Accepted,JEFFERSON,,200,CHESTNUT,ST,E,,,,,,,38.248262437,-85.751544967,0.050,4/24/2022 12:00:00 AM,2200,2,2,0,0,CLEAR,DRY,False,SIDESWIPE COLLISION - SAME DIRECTION,SIDESWIPE-SAME DIRECTION,CURVE & GRADE,DARK-HWY LIGHTED/ON,,,5/3/2022 8:12:17 AM,False,5318,Accepted,
30007512,0568000,LOUISVILLE METRO POLICE DEPT,Accepted,JEFFERSON,,,FEGENBUSH,LN,,,BURNT PINE,,,,,38.171694772,-85.639915868,1.077,4/24/2022 12:00:00 AM,1450,2,2,0,0,CLEAR,DRY,False,ANGLE COLLISION - ONE VEHICLE TURNING LEFT,ANGLE,STRAIGHT & LEVEL,DAYLIGHT,,,5/2/2022 8:39:25 AM,False,7200,Accepted,
29979902,0568000,LOUISVILLE METRO POLICE DEPT,Accepted,JEFFERSON,,1601,DUNDEE,WAY,,,,,,,,38.212925397,-85.696022651,0.003,4/24/2022 12:00:00 AM,1506,1,1,0,0,CLEAR,DRY,False,COLLISION WITH FIXED OBJECT NON - INTERSECTION - FIRST EVENT COLLISION 09 - 32 EXCLUDING 16,SINGLE VEHICLE,CURVE & GRADE,DAYLIGHT,,,4/25/2022 8:22:57 AM,False,7740,Accepted,
29979904,0568000,LOUISVILLE METRO POLICE DEPT,Accepted,JEFFERSON,,,3RD,ST,S,,LANSING,,,,,38.192372115,-85.764931424,0.567,4/24/2022 12:00:00 AM,1443,1,1,0,1,CLEAR,DRY,False,COLLISION WITH FIXED OBJECT IN INTERSECTION - FIRST EVENT COLLISION 09 - 32,SINGLE VEHICLE,STRAIGHT & LEVEL,DAYLIGHT,,,4/25/2022 8:23:01 AM,False,7251,Accepted,
29979911,0568000,LOUISVILLE METRO POLICE DEPT,Accepted,JEFFERSON,,,HANCOCK,ST,S,,BURNETT,,,,,38.225733140,-85.746949439,1.591,4/24/2022 12:00:00 AM,1121,3,2,0,1,CLEAR,DRY,False,COLLISION WITH PARKED VEHICLE,HEAD ON,STRAIGHT & LEVEL,DAYLIGHT,,,4/25/2022 8:23:20 AM,False,5052,Accepted,
29979920,0568000,LOUISVILLE METRO POLICE DEPT,Accepted,JEFFERSON,KY1447,,WESTPORT,RD,,,,,,,,38.290229352,-85.566659216,5.561,4/24/2022 12:00:00 AM,1656,3,3,0,4,CLEAR,DRY,False,1 VEHICLE ENTERING/LEAVING ENTRANCE,ANGLE,STRAIGHT & LEVEL,DAWN,,,4/25/2022 8:23:42 AM,False,2346,Accepted,
29979921,0568000,LOUISVILLE METRO POLICE DEPT,Accepted,JEFFERSON,,,OMAR KHAYYAM,BLVD,,,,,COUNT FLEET,,SIR BARTON,38.115368035,-85.871983581,0.458,4/24/2022 12:00:00 AM,1742,1,1,0,1,CLEAR,DRY,False,COLLISION WITH FIXED OBJECT NON - INTERSECTION - FIRST EVENT COLLISION 09 - 32 EXCLUDING 16,SINGLE VEHICLE,STRAIGHT & LEVEL,DAYLIGHT,,,4/25/2022 8:23:47 AM,False,2457,Accepted,
29979927,0568000,LOUISVILLE METRO POLICE DEPT,Accepted,JEFFERSON,KY0022,,BALLARDSVILLE,RD,,,SILVER WING,,,,,38.316752976,-85.556741961,5.098,4/24/2022 12:00:00 AM,1927,2,2,0,1,CLEAR,DRY,False,OPPOSING LEFT TURN,OPPOSING LEFT TURN,STRAIGHT & LEVEL,DUSK,,,4/25/2022 8:24:13 AM,False,7408,Accepted,
29979928,0568000,LOUISVILLE METRO POLICE DEPT,Accepted,JEFFERSON,,,ZORN,AVE,,I 0071,I71 S EXIT2 ON RAMP FROM  ZORN AVE,,,,,38.275221850,-85.697687773,1.584,4/24/2022 12:00:00 AM,1947,2,1,0,1,CLEAR,DRY,False,COLLISION WITH BICYCLE IN INTERSECTION,SINGLE VEHICLE,STRAIGHT & LEVEL,DAYLIGHT,,,4/25/2022 8:24:18 AM,False,5029,Accepted,
29979929,0568000,LOUISVILLE METRO POLICE DEPT,Accepted,JEFFERSON,US0031W,,MARKET,ST,W,,5TH,,,,,38.255406740,-85.758396130,21.758,4/24/2022 12:00:00 AM,1920,2,2,0,0,CLEAR,DRY,True,COLLISION WITH PARKED VEHICLE,SIDESWIPE-SAME DIRECTION,STRAIGHT & LEVEL,DAYLIGHT,,,4/25/2022 8:24:22 AM,False,7862,Accepted,
29979878,0568000,LOUISVILLE METRO POLICE DEPT,Accepted,JEFFERSON,KY1865,,TAYLOR,BLVD,,,CAMDEN,,,,,38.193332585,-85.783195531,5.991,4/24/2022 12:00:00 AM,0045,1,1,0,0,CLEAR,DRY,False,COLLISION WITH FIXED OBJECT IN INTERSECTION - FIRST EVENT COLLISION 09 - 32,SINGLE VEHICLE,STRAIGHT & LEVEL,DARK-HWY LIGHTED/ON,,,4/25/2022 8:21:12 AM,False,7833,Accepted,
29979879,0568000,LOUISVILLE METRO POLICE DEPT,Accepted,JEFFERSON,KY1703,,BAXTER,AVE,,,HEPBURN,,,,,38.238655657,-85.723030463,5.557,4/24/2022 12:00:00 AM,0005,3,3,0,0,CLEAR,DRY,False,ANGLE COLLISION - OTHER,ANGLE,STRAIGHT & LEVEL,DARK-HWY LIGHTED/ON,,,4/25/2022 8:21:18 AM,True,5250,Accepted,
29979887,0568000,LOUISVILLE METRO POLICE DEPT,Accepted,JEFFERSON,US0031W,,DIXIE,HWY,,US0031W,US31W RAMP FROM KY841,,,,,38.093677353,-85.874918126,7.593,4/24/2022 12:00:00 AM,0248,2,2,0,3,CLEAR,DRY,False,ANGLE COLLISION - OTHER,ANGLE,STRAIGHT & LEVEL,DARK-HWY LIGHTED/ON,,,4/25/2022 8:22:14 AM,False,5121,Accepted,
29979888,0568000,LOUISVILLE METRO POLICE DEPT,Accepted,JEFFERSON,,5801,TEAKWOOD,LN,,,,,,,,38.134747926,-85.864188859,0.156,4/24/2022 12:00:00 AM,0347,1,1,0,0,CLEAR,DRY,True,OTHER COLLISIONS ON SHOULDER,SINGLE VEHICLE,CURVE & LEVEL,DARK-HWY NOT LIGHTED,,,4/25/2022 8:22:18 AM,False,5121,Accepted,
29979895,0568000,LOUISVILLE METRO POLICE DEPT,Accepted,JEFFERSON,US0031W,10411,DIXIE,HWY,,,,,,,,38.103170969,-85.868731849,8.322,4/24/2022 12:00:00 AM,1040,2,2,0,0,CLEAR,DRY,False,VEHICLE BACKING NON INTERSECTION,BACKING,STRAIGHT & LEVEL,DAYLIGHT,,,4/25/2022 8:22:37 AM,False,7244,Accepted,
29979918,0568000,LOUISVILLE METRO POLICE DEPT,Accepted,JEFFERSON,KY1631,4309,CRITTENDEN,DR,,,,,SIOUX,,CHICOPEE,38.193088713,-85.750924776,0.357,4/24/2022 12:00:00 AM,1643,1,1,0,0,CLEAR,DRY,False,COLLISION WITH FIXED OBJECT NON - INTERSECTION - FIRST EVENT COLLISION 09 - 32 EXCLUDING 16,SINGLE VEHICLE,STRAIGHT & LEVEL,DAYLIGHT,,,4/25/2022 8:23:34 AM,False,7257,Accepted,
29979704,0560300,ST. MATTHEWS POLICE DEPARTMENT,Accepted,JEFFERSON,US0060,5000,SHELBYVILLE,RD,,,,,,,,38.249662157,-85.615221881,5.760,4/24/2022 12:00:00 AM,0900,2,2,0,0,CLEAR,DRY,False,SIDESWIPE COLLISION - SAME DIRECTION,SIDESWIPE-SAME DIRECTION,CURVE & LEVEL,DAYLIGHT,,,4/25/2022 7:55:41 AM,False,9155,Accepted,
30012281,0561500,UNIV. OF LOUISVILLE POLICE,Accepted,JEFFERSON,,,FLOYD,ST,S,,BRANDEIS,,,,,38.218249542,-85.754289044,2.529,4/24/2022 12:00:00 AM,0106,1,1,0,0,CLEAR,DRY,True,COLLISION WITH FIXED OBJECT IN INTERSECTION - FIRST EVENT COLLISION 09 - 32,SINGLE VEHICLE,STRAIGHT & LEVEL,DARK-HWY LIGHTED/ON,,,5/3/2022 10:20:48 AM,False,5709,Accepted,
29979932,0568000,LOUISVILLE METRO POLICE DEPT,Accepted,JEFFERSON,US0150,,BROADWAY,,E,,CLAY,,,,,38.244869785,-85.741595805,3.300,4/24/2022 12:00:00 AM,0142,2,2,0,0,CLEAR,DRY,False,ANGLE COLLISION - OTHER,ANGLE,STRAIGHT & LEVEL,DARK-HWY NOT LIGHTED,,,4/25/2022 8:24:34 AM,True,5367,Accepted,
29979923,0568000,LOUISVILLE METRO POLICE DEPT,Accepted,JEFFERSON,,1104,6TH,ST,S,,,,,,,38.237324858,-85.763280435,1.341,4/24/2022 12:00:00 AM,1035,2,2,0,0,CLEAR,DRY,False,1 VEHICLE PARKED POSITION (NOT PARKING LOT/DRIVEWAY),ANGLE,STRAIGHT & LEVEL,DAYLIGHT,,,4/25/2022 8:23:55 AM,False,5413,Accepted,
29979924,0568000,LOUISVILLE METRO POLICE DEPT,Accepted,JEFFERSON,,33,DAVY CROCKETT,TRL,,,,,,,,38.204540464,-85.834862930,0.124,4/24/2022 12:00:00 AM,1849,2,1,0,1,CLEAR,DRY,False,COLLISION WITH PEDESTRIAN NON - INTERSECTION,SINGLE VEHICLE,STRAIGHT & LEVEL,DAYLIGHT,,,4/25/2022 8:23:58 AM,False,5208,Accepted,
29979925,0568000,LOUISVILLE METRO POLICE DEPT,Accepted,JEFFERSON,,,HUNSINGER,LN,,,EASTSIDE,,,,,38.204490014,-85.619792282,1.321,4/24/2022 12:00:00 AM,1114,2,2,0,0,CLEAR,DRY,False,HEAD-ON COLLISION,HEAD ON,STRAIGHT & LEVEL,DAYLIGHT,,,4/25/2022 8:24:02 AM,False,7200,Accepted,
29979926,0568000,LOUISVILLE METRO POLICE DEPT,Accepted,JEFFERSON,,,ARLING,AVE,,KY1865,TAYLOR,,,,,38.173469791,-85.782288105,0.006,4/24/2022 12:00:00 AM,1436,3,3,0,0,CLEAR,DRY,False,OPPOSING LEFT TURN,OPPOSING LEFT TURN,STRAIGHT & LEVEL,DAYLIGHT,,,4/25/2022 8:24:08 AM,False,5420,Accepted,
29979889,0568000,LOUISVILLE METRO POLICE DEPT,Accepted,JEFFERSON,,,STRADER,AVE,,,,KY1865,TAYLOR,,WOODRUFF,38.191243180,-85.784063048,0.042,4/24/2022 12:00:00 AM,0014,2,2,0,0,CLEAR,DRY,True,1 VEHICLE PARKED POSITION (NOT PARKING LOT/DRIVEWAY),SIDESWIPE-SAME DIRECTION,,DARK-HWY LIGHTED/ON,,,4/25/2022 8:22:22 AM,False,5372,Accepted,