IncidentID,AgencyORI,AgencyName,IncidentStatusDesc,County,RdwyNumber,Street,RoadwayName,StreetSfx,StreetDir,IntersectionRdwy,IntersectionRdwyName,BetweenStRdwy1,BetweenStRdwyName1,BetweenStRdwy2,BetweenStRdwyName2,Latitude,Longitude,Milepoint,CollisionDate,CollisionTime,UnitsInvolved,MotorVehiclesInvolved,NumberKilled,NumberInjured,Weather,RdwyConditionCode,HitandRun,DirAnalysisCode,MannerofCollision,RdwyCharacter,LightCondition,RampFromRdwyId,RampToRdwyId,AcceptedDate,IsSecondaryCollision,OwnerBadge,IncidentStatus,
29965340,0568000,LOUISVILLE METRO POLICE DEPT,Accepted,JEFFERSON,I 0264,,I264 E,,,,,I 0264,I264 E EXIT17A OFF RAMP TO KY155 S,I 0264,I264 E EXIT16 ON RAMP FROM US31E,38.214876878,-85.664098410,16.137,4/20/2022 12:00:00 AM,2145,2,2,0,0,CLOUDY,DRY,False,SIDESWIPE COLLISION - SAME DIRECTION,SIDESWIPE-SAME DIRECTION,STRAIGHT & LEVEL,DARK-HWY LIGHTED/ON,,,4/21/2022 8:18:39 AM,False,7049,Accepted,
29960533,0568000,LOUISVILLE METRO POLICE DEPT,Accepted,JEFFERSON,KY1447,,WESTPORT,RD,,KY1747,HURSTBOURNE,,,,,38.287575781,-85.572397848,5.234,4/20/2022 12:00:00 AM,0615,2,2,0,0,CLEAR,DRY,False,ANGLE COLLISION - OTHER,ANGLE,STRAIGHT & LEVEL,DARK (UNKNOWN ROADWAY LIGHTING),,,4/20/2022 8:21:51 AM,False,5228,Accepted,
29965314,0568000,LOUISVILLE METRO POLICE DEPT,Accepted,JEFFERSON,I 0065,,,,,,,,,,,38.157099108,-85.716769853,0.124,4/20/2022 12:00:00 AM,1627,2,2,0,2,CLEAR,DRY,False,OTHER RAMP RELATED COLLISIONS NOT LISTED ABOVE,REAR END,STRAIGHT & HILLCREST,DAYLIGHT,I 0065,KY1631,4/21/2022 8:17:17 AM,False,7669,Accepted,
29965331,0568000,LOUISVILLE METRO POLICE DEPT,Accepted,JEFFERSON,,,YORKTOWN,RD,,,,,,,,38.140542844,-85.755880666,0.082,4/20/2022 12:00:00 AM,1244,2,2,0,0,CLEAR,DRY,False,VEHICLE BACKING NON INTERSECTION,BACKING,STRAIGHT & LEVEL,DAYLIGHT,,,4/21/2022 8:18:04 AM,False,7234,Accepted,
29965337,0568000,LOUISVILLE METRO POLICE DEPT,Accepted,JEFFERSON,KY0061,,JACKSON,ST,S,KY0061,PRESTON,,,,,38.227797994,-85.750535408,10.956,4/20/2022 12:00:00 AM,1956,2,2,0,0,CLEAR,DRY,False,ANGLE COLLISION - OTHER,ANGLE,STRAIGHT & LEVEL,DUSK,,,4/21/2022 8:18:27 AM,False,5050,Accepted,
29965339,0568000,LOUISVILLE METRO POLICE DEPT,Accepted,JEFFERSON,KY1703,,NEWBURG,RD,,,,,SYLVAN,,DUNDEE,38.211142404,-85.695041666,3.025,4/20/2022 12:00:00 AM,2031,1,1,0,0,CLOUDY,DRY,True,COLLISION WITH FIXED OBJECT NON - INTERSECTION - FIRST EVENT COLLISION 09 - 32 EXCLUDING 16,SINGLE VEHICLE,CURVE & LEVEL,DARK-HWY LIGHTED/ON,,,4/21/2022 8:18:36 AM,False,7049,Accepted,
29965345,0568000,LOUISVILLE METRO POLICE DEPT,Accepted,JEFFERSON,,4110,SUNSET,DR,,,CRUMS,,,,,38.193306932,-85.834560265,0.095,4/20/2022 12:00:00 AM,1637,2,2,0,0,CLEAR,DRY,True,SIDESWIPE-SAME DIRECTION,SIDESWIPE-SAME DIRECTION,STRAIGHT & LEVEL,DAYLIGHT,,,4/21/2022 8:18:57 AM,False,5240,Accepted,
29960526,0568000,LOUISVILLE METRO POLICE DEPT,Accepted,JEFFERSON,,,ARCADE,AVE,,,UTAH,,,,,38.206308642,-85.784652003,0.336,4/20/2022 12:00:00 AM,0038,2,2,0,1,CLEAR,DRY,True,ANGLE COLLISION - OTHER,ANGLE,STRAIGHT & LEVEL,DARK-HWY LIGHTED/ON,,,4/20/2022 8:21:35 AM,False,5379,Accepted,
29965304,0568000,LOUISVILLE METRO POLICE DEPT,Accepted,JEFFERSON,,,STONY BROOK,DR,,,ST GABRIEL,,,,,38.171786343,-85.603234724,0.078,4/20/2022 12:00:00 AM,1355,3,3,0,1,CLEAR,DRY,False,OTHER INTERSECTION COLLISIONS,REAR END,STRAIGHT & GRADE,DAYLIGHT,,,4/21/2022 8:16:34 AM,False,2017,Accepted,
29965305,0568000,LOUISVILLE METRO POLICE DEPT,Accepted,JEFFERSON,I 0065,,I65 S,,,,,,,,,38.209500644,-85.752958501,132.717,4/20/2022 12:00:00 AM,1422,2,2,0,0,CLEAR,DRY,False,REAR END IN TRAFFIC LANES BOTH VEHICLES MOVING,REAR END,CURVE & LEVEL,DAYLIGHT,,,4/21/2022 8:16:38 AM,False,7872,Accepted,
29965313,0568000,LOUISVILLE METRO POLICE DEPT,Accepted,JEFFERSON,KY0146,,LA GRANGE,RD,,,,,,,,38.277741612,-85.518075900,6.727,4/20/2022 12:00:00 AM,1621,2,2,0,0,CLOUDY,DRY,False,1 VEHICLE ENTERING/LEAVING ENTRANCE,ANGLE,STRAIGHT & LEVEL,DAYLIGHT,,,4/21/2022 8:17:13 AM,False,2218,Accepted,
29965320,0568000,LOUISVILLE METRO POLICE DEPT,Accepted,JEFFERSON,KY1934,,CANE RUN,RD,,,POPLAR VIEW,,,,,38.186262719,-85.852696055,7.944,4/20/2022 12:00:00 AM,0847,5,5,0,0,CLEAR,DRY,False,OTHER INTERSECTION COLLISIONS,REAR END,STRAIGHT & LEVEL,DAYLIGHT,,,4/21/2022 8:17:40 AM,False,5240,Accepted,
29965303,0568000,LOUISVILLE METRO POLICE DEPT,Accepted,JEFFERSON,KY2052,,SHEPHERDSVILLE,RD,,,,,WHISPERING HILLS,,MILE OF SUNSHINE,38.149555513,-85.659872650,0.754,4/20/2022 12:00:00 AM,0842,2,2,0,1,CLEAR,DRY,False,OTHER ROADWAY OR MID-BLOCK COLLISION,REAR END,STRAIGHT & LEVEL,DAYLIGHT,,,4/21/2022 8:16:27 AM,False,2017,Accepted,
29979881,0568000,LOUISVILLE METRO POLICE DEPT,Accepted,JEFFERSON,KY1142,,PALATKA,RD,,,VENETIAN,,,,,38.154134802,-85.797010276,0.280,4/20/2022 12:00:00 AM,0644,2,2,0,2,CLEAR,DRY,False,HEAD-ON COLLISION,HEAD ON,STRAIGHT & LEVEL,DAYLIGHT,,,4/25/2022 8:21:37 AM,False,7115,Accepted,
29965317,0568000,LOUISVILLE METRO POLICE DEPT,Accepted,JEFFERSON,KY1747,,HURSTBOURNE,PKWY,,,,,HAMES,US0031E,BARDSTOWN,38.167492736,-85.605909521,7.380,4/20/2022 12:00:00 AM,1705,3,3,0,0,CLOUDY,DRY,False,1 VEHICLE ENTERING/LEAVING ENTRANCE,ANGLE,STRAIGHT & LEVEL,DAYLIGHT,,,4/21/2022 8:17:27 AM,False,7465,Accepted,
29965324,0568000,LOUISVILLE METRO POLICE DEPT,Accepted,JEFFERSON,US0031E,,MARKET,ST,W,,,,,,,38.254866957,-85.753503360,17.786,4/20/2022 12:00:00 AM,1800,2,2,0,0,CLEAR,DRY,False,REAR END IN TRAFFIC LANES BOTH VEHICLES MOVING,REAR END,STRAIGHT & GRADE,DAYLIGHT,,,4/21/2022 8:17:53 AM,False,6532,Accepted,
29965332,0568000,LOUISVILLE METRO POLICE DEPT,Accepted,JEFFERSON,KY1865,,NEW CUT,RD,,,,,,,,38.149983432,-85.776315487,2.903,4/20/2022 12:00:00 AM,1419,2,2,0,0,CLEAR,DRY,False,1 VEHICLE ENTERING/LEAVING ENTRANCE,ANGLE,STRAIGHT & LEVEL,DAYLIGHT,,,4/21/2022 8:18:08 AM,False,7234,Accepted,
29970099,0568000,LOUISVILLE METRO POLICE DEPT,Accepted,JEFFERSON,KY1934,,CANE RUN,RD,,,MELODY ACRES,,,,,38.186691580,-85.852438989,8.000,4/20/2022 12:00:00 AM,1751,4,4,0,3,CLEAR,DRY,False,OTHER INTERSECTION COLLISIONS,REAR END,STRAIGHT & LEVEL,DAYLIGHT,,,4/22/2022 8:26:48 AM,False,7879,Accepted,
29970097,0568000,LOUISVILLE METRO POLICE DEPT,Accepted,JEFFERSON,KY1020,,SOUTHERN,PKWY,,,LANSING,,,,,38.192538782,-85.766748328,8.579,4/20/2022 12:00:00 AM,1742,2,2,0,0,CLEAR,DRY,False,ANGLE COLLISION - OTHER,ANGLE,STRAIGHT & LEVEL,DAYLIGHT,,,4/22/2022 8:26:40 AM,False,2745,Accepted,
29970089,0568000,LOUISVILLE METRO POLICE DEPT,Accepted,JEFFERSON,I 0065,,,,,,,,,,,38.235210805,-85.750885158,0.104,4/20/2022 12:00:00 AM,1632,3,3,0,0,CLEAR,DRY,False,OTHER RAMP RELATED COLLISIONS NOT LISTED ABOVE,SIDESWIPE-SAME DIRECTION,STRAIGHT & LEVEL,DAYLIGHT,I 0065,E SAINT CATHERINE ST,4/22/2022 8:26:04 AM,False,7132,Accepted,
29970080,0568000,LOUISVILLE METRO POLICE DEPT,Accepted,JEFFERSON,I 0065,,I65 S,,,,,,,,,38.225952927,-85.751587519,133.863,4/20/2022 12:00:00 AM,1243,2,2,0,0,CLEAR,DRY,False,SIDESWIPE COLLISION - SAME DIRECTION,SIDESWIPE-SAME DIRECTION,STRAIGHT & LEVEL,DAYLIGHT,,,4/22/2022 8:25:23 AM,False,4903,Accepted,
29965319,0568000,LOUISVILLE METRO POLICE DEPT,Accepted,JEFFERSON,KY1865,,NEW CUT,RD,,KY0841,KY841 RAMP FROM KY1865,,,,,38.121567636,-85.776996818,0.924,4/20/2022 12:00:00 AM,1128,2,2,0,1,CLEAR,DRY,False,ANGLE COLLISION - ONE VEHICLE TURNING LEFT,ANGLE,STRAIGHT & LEVEL,DAYLIGHT,,,4/21/2022 8:17:36 AM,False,7751,Accepted,
29965326,0568000,LOUISVILLE METRO POLICE DEPT,Accepted,JEFFERSON,,,11TH,ST,S,,,,,,,38.255413621,-85.768570818,0.173,4/20/2022 12:00:00 AM,1714,2,1,0,1,CLEAR,DRY,False,COLLISION WITH PEDESTRIAN NON - INTERSECTION,SINGLE VEHICLE,STRAIGHT & LEVEL,DAYLIGHT,,,4/21/2022 8:17:56 AM,False,5168,Accepted,
29965301,0568000,LOUISVILLE METRO POLICE DEPT,Accepted,JEFFERSON,KY1065,,OUTER,LOOP,,,,,CANDLEWORTH,KY1865,NEW CUT,38.126633736,-85.780043566,0.812,4/20/2022 12:00:00 AM,1123,2,2,0,0,CLEAR,DRY,True,1 VEHICLE ENTERING/LEAVING ENTRANCE,ANGLE,STRAIGHT & LEVEL,DAYLIGHT,,,4/21/2022 8:16:17 AM,False,7202,Accepted,
29960528,0568000,LOUISVILLE METRO POLICE DEPT,Accepted,JEFFERSON,US0042,1200,MAIN,ST,E,,,,,,,38.253444200,-85.726589063,0.308,4/20/2022 12:00:00 AM,0236,1,1,0,1,CLEAR,DRY,False,COLLISION WITH FIXED OBJECT NON - INTERSECTION - FIRST EVENT COLLISION 09 - 32 EXCLUDING 16,SINGLE VEHICLE,CURVE & LEVEL,DARK-HWY LIGHTED/ON,,,4/20/2022 8:21:43 AM,False,5316,Accepted,
29965299,0568000,LOUISVILLE METRO POLICE DEPT,Accepted,JEFFERSON,KY1865,,TAYLOR,BLVD,,,LEHIGH,,,,,38.180538579,-85.783375202,5.095,4/20/2022 12:00:00 AM,0708,3,3,0,1,CLEAR,DRY,False,ANGLE COLLISION - OTHER,ANGLE,STRAIGHT & LEVEL,DAYLIGHT,,,4/21/2022 8:16:07 AM,False,5405,Accepted,
29965300,0568000,LOUISVILLE METRO POLICE DEPT,Accepted,JEFFERSON,KY0022,,BROWNSBORO,RD,,,,,LIME KILN,KY2050,HERR,38.284780387,-85.626521000,0.533,4/20/2022 12:00:00 AM,1035,2,2,0,0,CLEAR,DRY,False,OTHER ROADWAY OR MID-BLOCK COLLISION,OPPOSING LEFT TURN,STRAIGHT & LEVEL,DAYLIGHT,,,4/21/2022 8:16:12 AM,False,6406,Accepted,
29965307,0568000,LOUISVILLE METRO POLICE DEPT,Accepted,JEFFERSON,US0031E,,BARDSTOWN,RD,,,BROOKRIDGE VILLAGE,,,,,38.145194745,-85.584963212,5.191,4/20/2022 12:00:00 AM,1444,2,2,0,0,CLEAR,DRY,False,ANGLE COLLISION - OTHER,ANGLE,STRAIGHT & LEVEL,DAYLIGHT,,,4/21/2022 8:16:45 AM,False,7755,Accepted,
29965316,0568000,LOUISVILLE METRO POLICE DEPT,Accepted,JEFFERSON,,,32ND,ST,S,,BROADWAY,,,,,38.249827482,-85.805736030,1.603,4/20/2022 12:00:00 AM,1230,3,3,0,2,CLEAR,DRY,True,OTHER INTERSECTION COLLISIONS,REAR END,,DAYLIGHT,,,4/21/2022 8:17:22 AM,True,5257,Accepted,
29965311,0568000,LOUISVILLE METRO POLICE DEPT,Accepted,JEFFERSON,I 0265,,,,,,,,,,,38.139406649,-85.582315375,0.397,4/20/2022 12:00:00 AM,1629,2,2,0,0,CLEAR,DRY,False,OTHER RAMP RELATED COLLISIONS NOT LISTED ABOVE,REAR TO REAR,STRAIGHT & LEVEL,DAYLIGHT,I 0265,US31E,4/21/2022 8:17:08 AM,False,7698,Accepted,
29965335,0568000,LOUISVILLE METRO POLICE DEPT,Accepted,JEFFERSON,KY0061,,JACKSON,ST,S,,CALDWELL,,,,,38.239082742,-85.746649822,11.866,4/20/2022 12:00:00 AM,2101,2,2,0,1,CLOUDY,DRY,False,ANGLE COLLISION - OTHER,ANGLE,STRAIGHT & LEVEL,DARK-HWY LIGHTED/ON,,,4/21/2022 8:18:19 AM,False,5236,Accepted,
29965341,0568000,LOUISVILLE METRO POLICE DEPT,Accepted,JEFFERSON,US0031E,,BARDSTOWN,RD,,US0031E,US31E CROSSOVER,,,,,38.211212895,-85.671096053,12.045,4/20/2022 12:00:00 AM,2228,2,2,0,2,RAINING,WET,False,OTHER INTERSECTION COLLISIONS,REAR END,STRAIGHT & LEVEL,DARK-HWY LIGHTED/ON,,,4/21/2022 8:18:42 AM,False,7049,Accepted,
29979790,0568000,LOUISVILLE METRO POLICE DEPT,Accepted,JEFFERSON,KY0061,,PRESTON,HWY,,,TRIO,,,,,38.129851101,-85.682010178,3.321,4/20/2022 12:00:00 AM,0439,3,3,0,1,CLEAR,DRY,False,SIDESWIPE-SAME DIRECTION,SIDESWIPE-SAME DIRECTION,STRAIGHT & LEVEL,DARK-HWY NOT LIGHTED,,,4/25/2022 8:16:29 AM,False,2308,Accepted,
29979800,0568000,LOUISVILLE METRO POLICE DEPT,Accepted,JEFFERSON,,12812,ORELL,RD,E,,,,,,,38.068573881,-85.879602565,1.016,4/20/2022 12:00:00 AM,0650,1,1,0,0,CLEAR,DRY,False,OTHER COLLISIONS ON SHOULDER,SINGLE VEHICLE,STRAIGHT & LEVEL,DAWN,,,4/25/2022 8:17:02 AM,False,7264,Accepted,
29968442,0560300,ST. MATTHEWS POLICE DEPARTMENT,Accepted,JEFFERSON,US0060,5055,SHELBYVILLE,RD,,,,,,,,38.250337566,-85.623292537,5.319,4/19/2022 12:00:00 AM,1730,2,2,0,0,CLEAR,DRY,True,COLLISION IN PARKING LOT,SIDESWIPE-OPPOSITE DIRECTION,STRAIGHT & LEVEL,DAYLIGHT,,,4/21/2022 9:33:39 PM,False,9194,Accepted,
29970114,0568000,LOUISVILLE METRO POLICE DEPT,Accepted,JEFFERSON,US0060,,SHELBYVILLE,RD,,,ARTERBURN,,,,,38.249121261,-85.609830948,6.053,4/19/2022 12:00:00 AM,1634,2,2,0,0,CLEAR,DRY,False,ANGLE COLLISION - OTHER,ANGLE,STRAIGHT & LEVEL,DAYLIGHT,,,4/22/2022 8:27:55 AM,False,5002,Accepted,
29965318,0568000,LOUISVILLE METRO POLICE DEPT,Accepted,JEFFERSON,KY1931,2105,7TH ST,RD,,,,,,,,38.219224653,-85.777757215,10.408,4/19/2022 12:00:00 AM,1802,2,1,0,1,CLEAR,DRY,False,COLLISION IN PARKING LOT,SINGLE VEHICLE,STRAIGHT & LEVEL,DAYLIGHT,,,4/21/2022 8:17:32 AM,False,7751,Accepted,
29965310,0568000,LOUISVILLE METRO POLICE DEPT,Accepted,JEFFERSON,I 0265,12,I265 E,,,,,,,,,38.110183731,-85.683046360,11.302,4/19/2022 12:00:00 AM,1652,3,3,0,1,CLEAR,DRY,False,REAR END IN TRAFFIC LANES BOTH VEHICLES MOVING,REAR END,STRAIGHT & LEVEL,DAYLIGHT,,,4/21/2022 8:16:57 AM,False,7799,Accepted,
29960495,0568000,LOUISVILLE METRO POLICE DEPT,Accepted,JEFFERSON,I 0071,,I71 S,,,,,I 0071,I71 TURN AROUND8,I 0071,I71 TURN AROUND8,38.310106350,-85.591710673,8.463,4/19/2022 12:00:00 AM,0812,2,2,0,0,CLEAR,DRY,False,REAR END IN TRAFFIC LANES BOTH VEHICLES MOVING,REAR END,STRAIGHT & HILLCREST,DAYLIGHT,,,4/20/2022 8:19:29 AM,False,7876,Accepted,
29960519,0568000,LOUISVILLE METRO POLICE DEPT,Accepted,JEFFERSON,,4511,3RD,ST,S,,,,,,,38.187856940,-85.765006151,0.879,4/19/2022 12:00:00 AM,1445,3,3,0,1,CLEAR,DRY,False,OTHER ROADWAY OR MID-BLOCK COLLISION,REAR END,STRAIGHT & LEVEL,DAYLIGHT,,,4/20/2022 8:20:53 AM,False,5420,Accepted,
29960520,0568000,LOUISVILLE METRO POLICE DEPT,Accepted,JEFFERSON,US0060A,,TAYLOR,BLVD,,,,,,,,38.199615251,-85.782861559,1.702,4/19/2022 12:00:00 AM,1831,2,1,0,1,CLEAR,DRY,False,COLLISION WITH PEDESTRIAN NON - INTERSECTION,SINGLE VEHICLE,STRAIGHT & LEVEL,DAYLIGHT,,,4/20/2022 8:21:00 AM,False,5420,Accepted,
29960521,0568000,LOUISVILLE METRO POLICE DEPT,Accepted,JEFFERSON,,,ST ANTHONY GARDENS,DR,,,,,,,,38.146545218,-85.816336150,0.104,4/19/2022 12:00:00 AM,1823,1,1,0,0,CLEAR,DRY,False,COLLISION IN PARKING LOT,SINGLE VEHICLE,STRAIGHT & LEVEL,DAYLIGHT,,,4/20/2022 8:21:07 AM,False,7234,Accepted,
29970074,0568000,LOUISVILLE METRO POLICE DEPT,Accepted,JEFFERSON,US0031E,,BARDSTOWN,RD,,,,,,,,38.169169521,-85.605605855,7.279,4/19/2022 12:00:00 AM,1345,3,3,0,1,CLEAR,DRY,False,REAR END IN TRAFFIC LANES BOTH VEHICLES MOVING,REAR END,STRAIGHT & LEVEL,DAYLIGHT,,,4/22/2022 8:24:51 AM,False,4693,Accepted,
29979857,0568000,LOUISVILLE METRO POLICE DEPT,Accepted,JEFFERSON,,3400,MAIN,ST,W,,,,,,,38.262284260,-85.806732349,0.922,4/19/2022 12:00:00 AM,1338,3,3,0,0,CLEAR,DRY,False,1 VEHICLE ENTERING/LEAVING ENTRANCE,ANGLE,STRAIGHT & LEVEL,DAYLIGHT,,,4/25/2022 8:19:42 AM,False,7469,Accepted,
29979834,0568000,LOUISVILLE METRO POLICE DEPT,Accepted,JEFFERSON,,,CHESTNUT,ST,E,KY0061,JACKSON,,,,,38.247562932,-85.745113250,0.422,4/19/2022 12:00:00 AM,1900,2,2,0,0,CLEAR,DRY,False,ANGLE COLLISION - OTHER,ANGLE,STRAIGHT & LEVEL,DAYLIGHT,,,4/25/2022 8:18:51 AM,False,5335,Accepted,
29979850,0568000,LOUISVILLE METRO POLICE DEPT,Accepted,JEFFERSON,I 0264,,I264 W,,,,,I 0264,I264 W EXIT14 ON RAMP FROM KY864,I 0264,I264 W EXIT14 ON RAMP FROM KY864 N,38.193638625,-85.710990895,13.148,4/19/2022 12:00:00 AM,1043,3,3,0,0,CLEAR,DRY,False,REAR END IN TRAFFIC LANES BOTH VEHICLES MOVING,REAR END,STRAIGHT & LEVEL,DAYLIGHT,,,4/25/2022 8:19:18 AM,False,7383,Accepted,
29960487,0568000,LOUISVILLE METRO POLICE DEPT,Accepted,JEFFERSON,I 0065,,I65 S,,,,,,,,,38.196597364,-85.733755502,131.230,4/19/2022 12:00:00 AM,0747,2,2,0,0,CLEAR,DRY,False,1 VEHICLE ENTERING/LEAVING ENTRANCE,ANGLE,STRAIGHT & LEVEL,DAYLIGHT,,,4/20/2022 8:19:07 AM,False,4903,Accepted,
29960489,0568000,LOUISVILLE METRO POLICE DEPT,Accepted,JEFFERSON,I 0265,,I265 E,,,,,I 0265,I265 E EXIT12 OFF RAMP TO KY61,I 0065,I65 S EXIT10 ON RAMP FROM I65,38.110219520,-85.683085690,11.300,4/19/2022 12:00:00 AM,0803,2,2,0,0,CLEAR,DRY,False,OTHER ROADWAY OR MID-BLOCK COLLISION,REAR END,STRAIGHT & LEVEL,DAYLIGHT,,,4/20/2022 8:19:12 AM,False,2324,Accepted,
29960496,0568000,LOUISVILLE METRO POLICE DEPT,Accepted,JEFFERSON,,,7TH,ST,S,US0150,BROADWAY,,,,,38.246504871,-85.763345757,2.018,4/19/2022 12:00:00 AM,1113,2,2,0,0,CLEAR,DRY,False,SIDESWIPE-SAME DIRECTION,SIDESWIPE-SAME DIRECTION,STRAIGHT & LEVEL,DAYLIGHT,,,4/20/2022 8:19:32 AM,False,5421,Accepted,
29960504,0568000,LOUISVILLE METRO POLICE DEPT,Accepted,JEFFERSON,KY1747,,HURSTBOURNE,PKWY,N,KY1447,WESTPORT,,,,,38.285994255,-85.571183772,16.948,4/19/2022 12:00:00 AM,1650,2,2,0,0,CLEAR,DRY,False,HEAD-ON COLLISION,HEAD ON,STRAIGHT & LEVEL,DAYLIGHT,,,4/20/2022 8:20:04 AM,False,5113,Accepted,
29960505,0568000,LOUISVILLE METRO POLICE DEPT,Accepted,JEFFERSON,,,MAGAZINE,ST,,,27TH,,,,,38.251866941,-85.796202467,1.593,4/19/2022 12:00:00 AM,0849,2,2,0,1,CLEAR,DRY,False,ANGLE COLLISION - OTHER,ANGLE,CURVE & LEVEL,DAYLIGHT,,,4/20/2022 8:20:07 AM,False,5414,Accepted,
29960506,0568000,LOUISVILLE METRO POLICE DEPT,Accepted,JEFFERSON,KY0061,,PRESTON,HWY,,,BELMAR,,,,,38.194721099,-85.729652979,8.539,4/19/2022 12:00:00 AM,1604,2,2,0,3,CLEAR,DRY,False,ANGLE COLLISION - ONE VEHICLE TURNING LEFT,ANGLE,STRAIGHT & LEVEL,DAYLIGHT,,,4/20/2022 8:20:11 AM,False,7383,Accepted,
29960513,0568000,LOUISVILLE METRO POLICE DEPT,Accepted,JEFFERSON,,,GRINSTEAD,DR,,I 0064,I64 E EXIT8 OFF RAMP TO  GRINSTEAD DR,,,,,38.246375914,-85.701097275,0.190,4/19/2022 12:00:00 AM,1826,2,2,0,0,CLEAR,DRY,False,ANGLE COLLISION - ONE VEHICLE TURNING LEFT,ANGLE,STRAIGHT & LEVEL,DAYLIGHT,,,4/20/2022 8:20:30 AM,False,7900,Accepted,
29960514,0568000,LOUISVILLE METRO POLICE DEPT,Accepted,JEFFERSON,I 0265,,I265 N,,,,,,,,,38.300998982,-85.553688100,32.905,4/19/2022 12:00:00 AM,1755,1,1,0,0,CLEAR,DRY,False,OTHER ROADWAY OR MID-BLOCK COLLISION,SINGLE VEHICLE,STRAIGHT & LEVEL,DAYLIGHT,,,4/20/2022 8:20:34 AM,False,7483,Accepted,
29960522,0568000,LOUISVILLE METRO POLICE DEPT,Accepted,JEFFERSON,,,GRADE,LN,,I 0065,I65 S EXIT130 OFF RAMP TO  GRADE LN,,,,,38.178015436,-85.720473648,0.182,4/19/2022 12:00:00 AM,0635,2,2,0,2,CLEAR,DRY,False,ANGLE COLLISION - OTHER,ANGLE,STRAIGHT & LEVEL,DAYLIGHT,,,4/20/2022 8:21:13 AM,False,5375,Accepted,
29960530,0568000,LOUISVILLE METRO POLICE DEPT,Accepted,JEFFERSON,,,BROADWAY,,W,,38TH,,,,,38.250161455,-85.815040164,1.413,4/19/2022 12:00:00 AM,2134,3,3,0,3,CLEAR,DRY,False,OTHER INTERSECTION COLLISIONS,REAR END,STRAIGHT & LEVEL,DARK-HWY LIGHTED/ON,,,4/20/2022 8:21:47 AM,False,5181,Accepted,
30204179,0568000,LOUISVILLE METRO POLICE DEPT,Accepted,JEFFERSON,,,JEFFERSON,ST,W,,19TH,,,,,38.256573874,-85.781855267,1.635,4/19/2022 12:00:00 AM,0124,2,2,0,0,CLEAR,DRY,False,COLLISION WITH FIXED OBJECT IN INTERSECTION - FIRST EVENT COLLISION 09 - 32,ANGLE,STRAIGHT & LEVEL,DARK-HWY LIGHTED/ON,,,6/20/2022 10:19:48 AM,False,5374,Accepted,
29955785,0568000,LOUISVILLE METRO POLICE DEPT,Accepted,JEFFERSON,KY0864,,POPLAR LEVEL,RD,,,GILMORE,,,,,38.182703102,-85.698184894,10.285,4/19/2022 12:00:00 AM,0059,2,2,0,0,CLEAR,DRY,False,OTHER INTERSECTION COLLISIONS,REAR END,STRAIGHT & LEVEL,DARK-HWY LIGHTED/ON,,,4/19/2022 8:36:31 AM,False,5328,Accepted,
29955789,0568000,LOUISVILLE METRO POLICE DEPT,Accepted,JEFFERSON,I 0264,,I264 E,,,I 0264,I264 E EXIT2 OFF RAMP TO  MUHAMMAD ALI BLVD,,,,,38.257787346,-85.805362459,1.365,4/19/2022 12:00:00 AM,0355,2,2,0,1,CLEAR,DRY,True,OTHER INTERSECTION COLLISIONS,REAR END,STRAIGHT & LEVEL,DARK-HWY LIGHTED/ON,,,4/19/2022 8:36:35 AM,False,5331,Accepted,
29960490,0568000,LOUISVILLE METRO POLICE DEPT,Accepted,JEFFERSON,US0031W,,DIXIE,HWY,,,,,,,,38.017546693,-85.921831606,1.582,4/19/2022 12:00:00 AM,1055,2,2,0,0,CLEAR,DRY,False,1 VEHICLE ENTERING/LEAVING ENTRANCE,ANGLE,STRAIGHT & LEVEL,DAYLIGHT,,,4/20/2022 8:19:16 AM,False,2936,Accepted,
29960498,0568000,LOUISVILLE METRO POLICE DEPT,Accepted,JEFFERSON,,,DUMESNIL,ST,,,BEECH,,,,,38.237110098,-85.804407834,0.863,4/19/2022 12:00:00 AM,1200,2,2,0,3,CLEAR,DRY,False,ANGLE COLLISION - OTHER,ANGLE,STRAIGHT & LEVEL,DAYLIGHT,,,4/20/2022 8:19:41 AM,False,5164,Accepted,
29960515,0568000,LOUISVILLE METRO POLICE DEPT,Accepted,JEFFERSON,,,30TH,ST,S,,MARKET,,,,,38.260161821,-85.799908601,0.087,4/19/2022 12:00:00 AM,1840,2,2,0,0,CLEAR,DRY,True,ANGLE COLLISION - OTHER,ANGLE,STRAIGHT & LEVEL,DAYLIGHT,,,4/20/2022 8:20:38 AM,False,5187,Accepted,
29960523,0568000,LOUISVILLE METRO POLICE DEPT,Accepted,JEFFERSON,US0031W,9500,DIXIE,HWY,,,,,,,,38.117738936,-85.858714880,9.442,4/19/2022 12:00:00 AM,1531,2,2,0,0,CLEAR,DRY,False,COLLISION IN PARKING LOT,BACKING,STRAIGHT & LEVEL,DAYLIGHT,,,4/20/2022 8:21:18 AM,False,7485,Accepted,