IncidentID,AgencyORI,AgencyName,IncidentStatusDesc,County,RdwyNumber,Street,RoadwayName,StreetSfx,StreetDir,IntersectionRdwy,IntersectionRdwyName,BetweenStRdwy1,BetweenStRdwyName1,BetweenStRdwy2,BetweenStRdwyName2,Latitude,Longitude,Milepoint,CollisionDate,CollisionTime,UnitsInvolved,MotorVehiclesInvolved,NumberKilled,NumberInjured,Weather,RdwyConditionCode,HitandRun,DirAnalysisCode,MannerofCollision,RdwyCharacter,LightCondition,RampFromRdwyId,RampToRdwyId,AcceptedDate,IsSecondaryCollision,OwnerBadge,IncidentStatus,
29950683,0568000,LOUISVILLE METRO POLICE DEPT,Accepted,JEFFERSON,US0031W,,DIXIE,HWY,,,PAGES,,,,,38.130187229,-85.847934054,10.495,4/15/2022 12:00:00 AM,2043,3,3,0,0,RAINING,WET,False,ANGLE COLLISION - OTHER,ANGLE,STRAIGHT & LEVEL,DARK-HWY LIGHTED/ON,,,4/18/2022 8:22:46 AM,False,5212,Accepted,
29950649,0568000,LOUISVILLE METRO POLICE DEPT,Accepted,JEFFERSON,,9313,FERN CREEK,RD,,,,,,,,38.159562910,-85.586462532,1.095,4/15/2022 12:00:00 AM,0753,1,1,0,0,CLEAR,DRY,True,RAN OFF ROADWAY (1 VEHICLE WITH/EARTH EMBANKMENT/DITCH),SINGLE VEHICLE,STRAIGHT & LEVEL,DAYLIGHT,,,4/18/2022 8:20:52 AM,False,2017,Accepted,
29941463,0568000,LOUISVILLE METRO POLICE DEPT,Accepted,JEFFERSON,,3707,KAHLERT,AVE,,,,,,,,38.193504379,-85.787394989,0.154,4/15/2022 12:00:00 AM,0206,4,4,0,0,CLEAR,DRY,True,1 VEHICLE PARKED POSITION (NOT PARKING LOT/DRIVEWAY),REAR END,STRAIGHT & LEVEL,DARK-HWY LIGHTED/OFF,,,4/15/2022 7:49:54 AM,False,5401,Accepted,
29970083,0568000,LOUISVILLE METRO POLICE DEPT,Accepted,JEFFERSON,US0031W,,DIXIE,HWY,,US0031W,US31W RAMP TO KY1934,,,,,38.093677306,-85.875118075,7.590,4/15/2022 12:00:00 AM,2016,2,2,2,2,CLOUDY,DRY,False,ANGLE COLLISION - OTHER,ANGLE,STRAIGHT & LEVEL,DARK-HWY LIGHTED/ON,,,4/22/2022 8:25:37 AM,False,7720,Accepted,
29965321,0568000,LOUISVILLE METRO POLICE DEPT,Accepted,JEFFERSON,,1002,DIXON,AVE,,,,,,,,38.220637658,-85.732179682,0.199,4/15/2022 12:00:00 AM,1737,2,2,0,0,CLEAR,DRY,False,1 VEHICLE PARKED POSITION (NOT PARKING LOT/DRIVEWAY),ANGLE,STRAIGHT & LEVEL,DAYLIGHT,,,4/21/2022 8:17:44 AM,False,5152,Accepted,
29965338,0568000,LOUISVILLE METRO POLICE DEPT,Accepted,JEFFERSON,,,FLOYD,ST,S,,ST CATHERINE,,,,,38.236471999,-85.751199544,1.340,4/15/2022 12:00:00 AM,2114,2,2,0,0,CLEAR,DRY,False,SIDESWIPE-SAME DIRECTION,SIDESWIPE-SAME DIRECTION,STRAIGHT & LEVEL,DARK (UNKNOWN ROADWAY LIGHTING),,,4/21/2022 8:18:32 AM,False,5050,Accepted,
29950697,0568000,LOUISVILLE METRO POLICE DEPT,Accepted,JEFFERSON,,,SHEPHERDSVILLE,RD,,,ROBBS,,,,,38.134444198,-85.658905689,0.293,4/15/2022 12:00:00 AM,1815,3,3,0,0,CLOUDY,DRY,False,ANGLE COLLISION - OTHER,ANGLE,STRAIGHT & GRADE,DAYLIGHT,,,4/18/2022 8:23:35 AM,False,7354,Accepted,
29955737,0568000,LOUISVILLE METRO POLICE DEPT,Accepted,JEFFERSON,KY1065,4619,OUTER,LOOP,,,,,,,,38.138028854,-85.676465367,6.717,4/15/2022 12:00:00 AM,1606,2,2,0,0,CLEAR,DRY,False,COLLISION IN PARKING LOT,BACKING,STRAIGHT & LEVEL,DAYLIGHT,,,4/19/2022 8:34:20 AM,False,2324,Accepted,
29950665,0568000,LOUISVILLE METRO POLICE DEPT,Accepted,JEFFERSON,,,GAGEL,AVE,,,LONDON,,,,,38.173192326,-85.814372982,0.453,4/15/2022 12:00:00 AM,1639,2,2,0,0,CLEAR,DRY,False,ANGLE COLLISION - OTHER,ANGLE,STRAIGHT & HILLCREST,DAYLIGHT,,,4/18/2022 8:22:16 AM,False,7435,Accepted,
29950671,0568000,LOUISVILLE METRO POLICE DEPT,Accepted,JEFFERSON,KY0907,7427,3RD ST,RD,,,,,,,,38.145256237,-85.775981432,6.203,4/15/2022 12:00:00 AM,1158,2,2,0,0,CLEAR,DRY,False,SIDESWIPE COLLISION - SAME DIRECTION,SIDESWIPE-SAME DIRECTION,STRAIGHT & LEVEL,DAYLIGHT,,,4/18/2022 8:22:30 AM,False,7483,Accepted,
29950705,0568000,LOUISVILLE METRO POLICE DEPT,Accepted,JEFFERSON,,9800,MICHAEL EDWARD,DR,,,,,,,,38.171274409,-85.576784389,0.224,4/15/2022 12:00:00 AM,1729,2,2,0,0,CLEAR,DRY,True,COLLISION IN PARKING LOT,ANGLE,STRAIGHT & LEVEL,DAYLIGHT,,,4/18/2022 8:24:19 AM,False,7278,Accepted,
29950689,0568000,LOUISVILLE METRO POLICE DEPT,Accepted,JEFFERSON,KY1065,1920,OUTER,LOOP,,,,,,,,38.134898111,-85.719223618,4.227,4/14/2022 12:00:00 AM,1634,2,2,0,0,CLEAR,DRY,False,REAR END IN TRAFFIC LANES BOTH VEHICLES MOVING,REAR END,STRAIGHT & LEVEL,DAYLIGHT,,,4/18/2022 8:22:58 AM,False,7376,Accepted,
29950650,0568000,LOUISVILLE METRO POLICE DEPT,Accepted,JEFFERSON,KY0864,7818,BEULAH CHURCH,RD,,,,,,,,38.135858968,-85.613584736,4.129,4/14/2022 12:00:00 AM,1050,2,2,0,1,CLEAR,DRY,False,COLLISION IN PARKING LOT,SIDESWIPE-SAME DIRECTION,STRAIGHT & LEVEL,DAYLIGHT,,,4/18/2022 8:20:56 AM,False,2017,Accepted,
29950663,0568000,LOUISVILLE METRO POLICE DEPT,Accepted,JEFFERSON,,,RANCHO,DR,,,ASHBY,,,,,38.105118576,-85.875460606,0.075,4/14/2022 12:00:00 AM,2020,2,2,0,0,CLEAR,DRY,False,OPPOSING LEFT TURN,OPPOSING LEFT TURN,STRAIGHT & LEVEL,DAYLIGHT,,,4/18/2022 8:22:11 AM,False,7988,Accepted,
29955729,0568000,LOUISVILLE METRO POLICE DEPT,Accepted,JEFFERSON,US0031E,,BARDSTOWN,RD,,,,,HEATHER,,MEADOW,38.205014257,-85.666194539,11.521,4/14/2022 12:00:00 AM,1157,2,2,0,1,CLEAR,DRY,False,OTHER ROADWAY OR MID-BLOCK COLLISION,OPPOSING LEFT TURN,STRAIGHT & LEVEL,DAYLIGHT,,,4/19/2022 8:33:47 AM,False,5286,Accepted,
29955730,0568000,LOUISVILLE METRO POLICE DEPT,Accepted,JEFFERSON,KY1747,,HURSTBOURNE,PKWY,S,,BUNSEN,,,,,38.219069703,-85.583767063,11.483,4/14/2022 12:00:00 AM,1827,2,2,0,0,CLEAR,DRY,False,OPPOSING LEFT TURN,OPPOSING LEFT TURN,STRAIGHT & LEVEL,DAYLIGHT,,,4/19/2022 8:33:51 AM,False,5286,Accepted,
29955735,0568000,LOUISVILLE METRO POLICE DEPT,Accepted,JEFFERSON,US0031E,,MAIN,ST,W,,2ND,,,,,38.256252208,-85.753319805,17.886,4/14/2022 12:00:00 AM,0749,2,2,0,0,CLEAR,DRY,False,SIDESWIPE-SAME DIRECTION,SIDESWIPE-SAME DIRECTION,STRAIGHT & LEVEL,DAYLIGHT,,,4/19/2022 8:34:10 AM,False,5421,Accepted,
29941465,0568000,LOUISVILLE METRO POLICE DEPT,Accepted,JEFFERSON,KY1865,,TAYLOR,BLVD,,,,,BEECHER,,STRADER,38.191603912,-85.783332318,5.872,4/14/2022 12:00:00 AM,1945,1,1,0,1,CLEAR,DRY,False,COLLISION WITH FIXED OBJECT NON - INTERSECTION - FIRST EVENT COLLISION 09 - 32 EXCLUDING 16,SINGLE VEHICLE,STRAIGHT & LEVEL,DAYLIGHT,,,4/15/2022 7:50:02 AM,False,5372,Accepted,
29942775,0560600,WEST BUECHEL POLICE DEPT.,Accepted,JEFFERSON,US0031E,3600,BUECHEL,BYP,,,,,,,,38.198512189,-85.661323432,10.994,4/14/2022 12:00:00 AM,1533,2,2,0,0,CLEAR,DRY,False,1 VEHICLE ENTERING/LEAVING ENTRANCE,ANGLE,STRAIGHT & LEVEL,DAYLIGHT,,,4/15/2022 3:36:36 PM,False,1290,Accepted,
29941432,0568000,LOUISVILLE METRO POLICE DEPT,Accepted,JEFFERSON,KY0061,,PRESTON,HWY,,KY1065,OUTER,,,,,38.138657330,-85.686975657,3.975,4/14/2022 12:00:00 AM,0554,2,2,0,0,CLEAR,DRY,False,REAR END - ONE VEHICLE TURNING RIGHT,REAR END,STRAIGHT & LEVEL,DARK (UNKNOWN ROADWAY LIGHTING),,,4/15/2022 7:48:05 AM,False,4693,Accepted,
29941446,0568000,LOUISVILLE METRO POLICE DEPT,Accepted,JEFFERSON,KY0864,,GOSS,AVE,,,TEXAS,,,,,38.225957160,-85.733317582,13.934,4/14/2022 12:00:00 AM,1134,2,1,0,1,,,True,COLLISION WITH PEDESTRIAN IN INTERSECTION,SINGLE VEHICLE,STRAIGHT & LEVEL,,,,4/15/2022 7:48:44 AM,False,5409,Accepted,
29941447,0568000,LOUISVILLE METRO POLICE DEPT,Accepted,JEFFERSON,KY1447,,WESTPORT,RD,,,INDIAN LAKE,,,,,38.296142764,-85.553254848,6.388,4/14/2022 12:00:00 AM,1700,3,3,0,0,CLEAR,DRY,False,OTHER INTERSECTION COLLISIONS,REAR END,STRAIGHT & LEVEL,DAYLIGHT,,,4/15/2022 7:48:48 AM,False,7650,Accepted,
29941448,0568000,LOUISVILLE METRO POLICE DEPT,Accepted,JEFFERSON,I 0264,,I264 E,,,,,,,,,38.228933961,-85.634941425,18.000,4/14/2022 12:00:00 AM,1607,2,2,0,0,CLEAR,DRY,False,REAR END IN TRAFFIC LANES BOTH VEHICLES MOVING,REAR END,STRAIGHT & LEVEL,DAYLIGHT,,,4/15/2022 7:48:51 AM,False,7751,Accepted,
29941449,0568000,LOUISVILLE METRO POLICE DEPT,Accepted,JEFFERSON,I 0264,,I264 W,,,,,,,,,38.201090995,-85.694536438,14.200,4/14/2022 12:00:00 AM,1608,4,4,0,3,CLOUDY,DRY,False,REAR END IN TRAFFIC LANES BOTH VEHICLES MOVING,REAR END,STRAIGHT & LEVEL,DAYLIGHT,,,4/15/2022 7:48:55 AM,False,2217,Accepted,
29941455,0568000,LOUISVILLE METRO POLICE DEPT,Accepted,JEFFERSON,US0060A,,LEXINGTON,RD,,,OXFORD,,,,,38.250857463,-85.663323119,10.191,4/14/2022 12:00:00 AM,1900,2,2,0,0,CLEAR,DRY,True,ANGLE COLLISION - OTHER,ANGLE,STRAIGHT & LEVEL,DAYLIGHT,,,4/15/2022 7:49:21 AM,False,7544,Accepted,
29941458,0568000,LOUISVILLE METRO POLICE DEPT,Accepted,JEFFERSON,US0060,,SHELBYVILLE,RD,,,,,,,,38.236182376,-85.442951109,15.496,4/14/2022 12:00:00 AM,1739,2,2,0,1,CLEAR,DRY,False,REAR END IN TRAFFIC LANES BOTH VEHICLES MOVING,REAR END,STRAIGHT & GRADE,DAYLIGHT,,,4/15/2022 7:49:34 AM,False,6532,Accepted,
29941466,0568000,LOUISVILLE METRO POLICE DEPT,Accepted,JEFFERSON,KY0061,,JACKSON,ST,S,,,,,,,38.231743381,-85.747924228,11.355,4/14/2022 12:00:00 AM,1940,2,2,0,2,CLEAR,DRY,True,1 VEHICLE ENTERING/LEAVING ENTRANCE,ANGLE,STRAIGHT & LEVEL,DARK-HWY LIGHTED/ON,,,4/15/2022 7:50:05 AM,False,5349,Accepted,
29941457,0568000,LOUISVILLE METRO POLICE DEPT,Accepted,JEFFERSON,,,RIVER,RD,,,DOCK VIEW,,,,,38.263781075,-85.727843752,1.100,4/14/2022 12:00:00 AM,1929,2,2,0,0,CLEAR,DRY,False,OTHER INTERSECTION COLLISIONS,REAR END,STRAIGHT & LEVEL,DAYLIGHT,,,4/15/2022 7:49:31 AM,False,7220,Accepted,
29936717,0568000,LOUISVILLE METRO POLICE DEPT,Accepted,JEFFERSON,,,FEGENBUSH,LN,,,NORFOLK,,,,,38.183861874,-85.638365768,0.233,4/14/2022 12:00:00 AM,0558,2,2,0,0,CLEAR,WET,False,ANGLE COLLISION - OTHER,ANGLE,STRAIGHT & LEVEL,DARK-HWY LIGHTED/OFF,,,4/14/2022 8:36:10 AM,False,5375,Accepted,
29937846,0561000,JEFFERSONTOWN POLICE DEPT,Accepted,JEFFERSON,I 0064,,I64 E,,,I 0064,I64 E EXIT15 ON RAMP FROM KY1747,,,,,38.222782453,-85.575108053,15.265,4/14/2022 12:00:00 AM,1044,2,2,0,0,CLEAR,DRY,True,SIDESWIPE-SAME DIRECTION,SIDESWIPE-SAME DIRECTION,STRAIGHT & LEVEL,DAYLIGHT,,,4/14/2022 12:55:56 PM,False,8283,Accepted,
29941433,0568000,LOUISVILLE METRO POLICE DEPT,Accepted,JEFFERSON,KY0864,,POPLAR LEVEL,RD,,,,,,,,38.158664022,-85.652544002,6.994,4/14/2022 12:00:00 AM,0833,2,2,0,0,CLEAR,DRY,False,REAR END IN TRAFFIC LANES BOTH VEHICLES MOVING,REAR END,STRAIGHT & LEVEL,DAYLIGHT,,,4/15/2022 7:48:09 AM,False,4693,Accepted,
29995938,0560400,SHIVELY POLICE DEPARTMENT,Accepted,JEFFERSON,US0031W,,DIXIE,HWY,,,WATHEN,,,,,38.216463453,-85.795247299,17.157,4/14/2022 12:00:00 AM,2101,2,2,0,0,CLEAR,DRY,False,OTHER INTERSECTION COLLISIONS,REAR END,STRAIGHT & LEVEL,DARK-HWY LIGHTED/ON,,,4/28/2022 9:29:12 PM,False,7129,Accepted,
29997929,0568000,LOUISVILLE METRO POLICE DEPT,Accepted,JEFFERSON,KY0864,,POPLAR LEVEL,RD,,,,,,,,38.158664022,-85.652544002,6.994,4/14/2022 12:00:00 AM,0833,2,1,0,0,CLEAR,DRY,False,REAR END IN TRAFFIC LANES BOTH VEHICLES MOVING,REAR END,STRAIGHT & LEVEL,DAYLIGHT,,,4/29/2022 10:27:27 AM,False,4693,Accepted,
29941444,0568000,LOUISVILLE METRO POLICE DEPT,Accepted,JEFFERSON,,,JEFFERSON,BLVD,,,BATES,,,,,38.140202720,-85.674987179,0.158,4/14/2022 12:00:00 AM,1516,2,2,0,1,CLEAR,DRY,False,OPPOSING LEFT TURN,OPPOSING LEFT TURN,STRAIGHT & LEVEL,DAYLIGHT,,,4/15/2022 7:48:37 AM,False,2324,Accepted,
29941450,0568000,LOUISVILLE METRO POLICE DEPT,Accepted,JEFFERSON,,,COUNT FLEET,DR,,,,,,,,38.114926941,-85.872478281,0.182,4/14/2022 12:00:00 AM,1811,2,2,0,0,CLEAR,DRY,False,1 VEHICLE ENTERING/LEAVING ENTRANCE,ANGLE,STRAIGHT & LEVEL,DAYLIGHT,,,4/15/2022 7:49:00 AM,False,7244,Accepted,
29941451,0568000,LOUISVILLE METRO POLICE DEPT,Accepted,JEFFERSON,US0060A,,TAYLOR,BLVD,,,SALE,,,,,38.197672324,-85.782869939,1.560,4/14/2022 12:00:00 AM,1640,2,2,0,0,CLEAR,DRY,False,ANGLE COLLISION - OTHER,ANGLE,STRAIGHT & LEVEL,DAYLIGHT,,,4/15/2022 7:49:03 AM,False,7402,Accepted,
29941453,0568000,LOUISVILLE METRO POLICE DEPT,Accepted,JEFFERSON,,,MUHAMMAD ALI,BLVD,W,,18TH,,,,,38.253707976,-85.780669306,1.543,4/14/2022 12:00:00 AM,1633,2,2,0,0,CLEAR,DRY,False,ANGLE COLLISION - OTHER,ANGLE,STRAIGHT & LEVEL,DAYLIGHT,,,4/15/2022 7:49:11 AM,False,5414,Accepted,
29941445,0568000,LOUISVILLE METRO POLICE DEPT,Accepted,JEFFERSON,,,ARCADE,AVE,,,UTAH,,,,,38.206302691,-85.784637767,0.335,4/14/2022 12:00:00 AM,0959,2,2,0,0,CLEAR,DRY,True,ANGLE COLLISION - OTHER,ANGLE,,DAYLIGHT,,,4/15/2022 7:48:40 AM,False,2745,Accepted,
29950651,0568000,LOUISVILLE METRO POLICE DEPT,Accepted,JEFFERSON,,8205,GLASER,LN,,,,,,,,38.144004815,-85.607464905,0.965,4/14/2022 12:00:00 AM,1845,2,2,0,0,CLEAR,DRY,False,HEAD-ON COLLISION,HEAD ON,STRAIGHT & LEVEL,DAYLIGHT,,,4/18/2022 8:21:03 AM,False,7812,Accepted,
29941459,0568000,LOUISVILLE METRO POLICE DEPT,Accepted,JEFFERSON,I 0071,,I71 S,,,,,I 0071,I71 TURN AROUND6,I 0071,I71 S EXIT5 RAMP TO I264 W,38.297268398,-85.625006121,6.411,4/14/2022 12:00:00 AM,0416,2,2,0,1,RAINING,WET,False,OTHER COLLISIONS ON SHOULDER,ANGLE,STRAIGHT & GRADE,DARK-HWY NOT LIGHTED,,,4/15/2022 7:49:38 AM,False,5228,Accepted,
29941442,0568000,LOUISVILLE METRO POLICE DEPT,Accepted,JEFFERSON,,2008,GARLAND,AVE,,,,,,,,38.243879720,-85.787145490,1.107,4/14/2022 12:00:00 AM,1423,3,3,0,0,CLEAR,DRY,True,1 VEHICLE PARKED POSITION (NOT PARKING LOT/DRIVEWAY),SIDESWIPE-OPPOSITE DIRECTION,STRAIGHT & LEVEL,DAYLIGHT,,,4/15/2022 7:48:29 AM,False,5039,Accepted,
29936712,0568000,LOUISVILLE METRO POLICE DEPT,Accepted,JEFFERSON,,,6TH,ST,S,,OAK,,,,,38.235329066,-85.763693115,1.511,4/14/2022 12:00:00 AM,0047,2,2,0,0,RAINING,WET,False,ANGLE COLLISION - OTHER,ANGLE,STRAIGHT & LEVEL,DARK-HWY LIGHTED/ON,,,4/14/2022 8:35:48 AM,False,5267,Accepted,
29941443,0568000,LOUISVILLE METRO POLICE DEPT,Accepted,JEFFERSON,KY1865,,TAYLOR,BLVD,,,CAMDEN,,,,,38.192632723,-85.783206533,5.944,4/14/2022 12:00:00 AM,1446,2,2,0,1,CLEAR,DRY,False,OPPOSING LEFT TURN,OPPOSING LEFT TURN,STRAIGHT & LEVEL,DAYLIGHT,,,4/15/2022 7:48:33 AM,False,7746,Accepted,
29941454,0568000,LOUISVILLE METRO POLICE DEPT,Accepted,JEFFERSON,KY1020,5537,NATIONAL,TPKE,,,,,,,,38.151040395,-85.763343671,5.518,4/14/2022 12:00:00 AM,1648,2,2,0,3,CLEAR,DRY,False,OTHER ROADWAY OR MID-BLOCK COLLISION,OPPOSING LEFT TURN,STRAIGHT & LEVEL,DAYLIGHT,,,4/15/2022 7:49:16 AM,False,7427,Accepted,
29941462,0568000,LOUISVILLE METRO POLICE DEPT,Accepted,JEFFERSON,,,HIKES,LN,,,KLONDIKE,,,,,38.211164745,-85.640664612,2.214,4/14/2022 12:00:00 AM,1542,2,2,0,1,CLEAR,DRY,False,SIDESWIPE-SAME DIRECTION,SIDESWIPE-SAME DIRECTION,STRAIGHT & LEVEL,DAYLIGHT,,,4/15/2022 7:49:50 AM,False,5328,Accepted,
29939698,0560300,ST. MATTHEWS POLICE DEPARTMENT,Accepted,JEFFERSON,US0060,,SHELBYVILLE,RD,,,,,,,,38.250191669,-85.624255656,5.311,4/14/2022 12:00:00 AM,1559,2,2,0,0,CLEAR,DRY,False,1 VEHICLE PARKED POSITION (NOT PARKING LOT/DRIVEWAY),BACKING,STRAIGHT & LEVEL,DAWN,,,4/14/2022 8:50:38 PM,False,9151,Accepted,
30304777,0568000,LOUISVILLE METRO POLICE DEPT,Accepted,JEFFERSON,KY0061,,PRESTON,HWY,,,,I 0265,I265 E EXIT12 OFF RAMP TO KY61 S,KY0061,KY61 TURN LANE,38.103963190,-85.672944952,1.439,4/14/2022 12:00:00 AM,1314,2,2,0,0,CLEAR,DRY,True,SIDESWIPE COLLISION - SAME DIRECTION,SIDESWIPE-SAME DIRECTION,STRAIGHT & LEVEL,DAYLIGHT,,,7/15/2022 7:18:07 AM,False,2324,Accepted,
30185516,0568000,LOUISVILLE METRO POLICE DEPT,Accepted,JEFFERSON,,,9TH,ST,S,US0150,BROADWAY,,,,,38.246883758,-85.766434267,0.012,4/14/2022 12:00:00 AM,1651,2,2,0,1,CLEAR,DRY,False,ANGLE COLLISION - ONE VEHICLE TURNING LEFT,ANGLE,STRAIGHT & LEVEL,DAYLIGHT,,,6/15/2022 8:21:45 AM,False,5338,Accepted,
29992967,0568000,LOUISVILLE METRO POLICE DEPT,Accepted,JEFFERSON,US0150,,BROADWAY,,E,KY0864,SHELBY,,,,,38.244702678,-85.739568956,3.402,4/14/2022 12:00:00 AM,0802,2,1,0,0,CLEAR,DRY,False,COLLISION WITH PEDESTRIAN IN INTERSECTION,SINGLE VEHICLE,STRAIGHT & LEVEL,DAYLIGHT,,,4/28/2022 7:17:18 AM,False,5335,Accepted,
29988822,0568000,LOUISVILLE METRO POLICE DEPT,Accepted,JEFFERSON,I 0064,,I64 W,,,I 0064,I64 W EXIT1 RAMP TO I264 E,,,,,38.277233172,-85.807049580,1.138,4/14/2022 12:00:00 AM,2311,1,1,1,1,CLEAR,DRY,False,COLLISION WITH FIXED OBJECT IN INTERSECTION - FIRST EVENT COLLISION 09 - 32,SINGLE VEHICLE,CURVE & GRADE,DARK-HWY NOT LIGHTED,,,4/27/2022 8:19:23 AM,False,7772,Accepted,
29960494,0568000,LOUISVILLE METRO POLICE DEPT,Accepted,JEFFERSON,I 0264,,I264 W,,,,,,,,,38.201331078,-85.693257401,14.271,4/13/2022 12:00:00 AM,1530,3,3,0,0,CLEAR,DRY,False,REAR END IN TRAFFIC LANES BOTH VEHICLES MOVING,REAR END,STRAIGHT & GRADE,DAYLIGHT,,,4/20/2022 8:19:25 AM,False,8278,Accepted,
29979814,0568000,LOUISVILLE METRO POLICE DEPT,Accepted,JEFFERSON,,9798,PAGES,LN,E,KY0907,3RD ST,,,,,38.115225117,-85.835231580,1.299,4/13/2022 12:00:00 AM,0819,1,1,0,0,SEVERE CROSSWINDS,WATER (STANDING OR MOVING),False,OTHER INTERSECTION COLLISIONS,SINGLE VEHICLE,CURVE & LEVEL,DARK-HWY LIGHTED/ON,,,4/25/2022 8:18:05 AM,False,5263,Accepted,
29950687,0568000,LOUISVILLE METRO POLICE DEPT,Accepted,JEFFERSON,I 0265,,,,,,,,,,,38.145222057,-85.547720694,0.242,4/13/2022 12:00:00 AM,1034,1,1,0,0,RAINING,WET,False,COLLISION WITH FIXED OBJECT NOT IN GORE ,SINGLE VEHICLE,CURVE & GRADE,DAYLIGHT,I 0265,KY1819,4/18/2022 8:22:53 AM,False,7720,Accepted,
29941425,0568000,LOUISVILLE METRO POLICE DEPT,Accepted,JEFFERSON,,3001,CHAMBERLAIN,LN,,,,,,,,38.287785352,-85.522656886,0.642,4/13/2022 12:00:00 AM,1725,2,2,0,0,CLEAR,DRY,False,1 VEHICLE ENTERING/LEAVING ENTRANCE,ANGLE,STRAIGHT & LEVEL,DAYLIGHT,,,4/15/2022 7:47:32 AM,False,7483,Accepted,
29936714,0568000,LOUISVILLE METRO POLICE DEPT,Accepted,JEFFERSON,KY1703,,NEWBURG,RD,,,TREVILIAN,,,,,38.213566354,-85.700998244,3.399,4/13/2022 12:00:00 AM,1625,3,3,0,0,CLEAR,DRY,False,ANGLE COLLISION - OTHER,ANGLE,STRAIGHT & GRADE,DAYLIGHT,,,4/14/2022 8:35:57 AM,False,6813,Accepted,
29936715,0568000,LOUISVILLE METRO POLICE DEPT,Accepted,JEFFERSON,,,CRABBS,LN,,,,US0060A,LEXINGTON,,WENTWORTH,38.251339976,-85.673307053,0.244,4/13/2022 12:00:00 AM,0849,2,2,0,1,RAINING,WET,False,REAR END IN TRAFFIC LANES BOTH VEHICLES MOVING,REAR END,STRAIGHT & LEVEL,DAYLIGHT,,,4/14/2022 8:36:01 AM,False,7632,Accepted,
29941428,0568000,LOUISVILLE METRO POLICE DEPT,Accepted,JEFFERSON,,,3RD,ST,S,,WAMPUM,,,,,38.186439325,-85.765347189,0.979,4/13/2022 12:00:00 AM,1623,2,2,0,0,CLEAR,DRY,False,SIDESWIPE-SAME DIRECTION,SIDESWIPE-SAME DIRECTION,STRAIGHT & LEVEL,DAYLIGHT,,,4/15/2022 7:47:47 AM,False,7251,Accepted,
29936690,0568000,LOUISVILLE METRO POLICE DEPT,Accepted,JEFFERSON,KY1020,,SOUTHERN,PKWY,,,KENTON,,,,,38.198289325,-85.766887341,8.964,4/13/2022 12:00:00 AM,1124,2,2,0,0,RAINING,WET,False,ANGLE COLLISION - OTHER,ANGLE,STRAIGHT & LEVEL,DAYLIGHT,,,4/14/2022 8:34:12 AM,False,7402,Accepted,
29936696,0568000,LOUISVILLE METRO POLICE DEPT,Accepted,JEFFERSON,,1925,ROANOKE,AVE,,,,,,,,38.226284818,-85.702565943,0.174,4/13/2022 12:00:00 AM,1951,2,2,0,1,RAINING,WET,False,1 VEHICLE PARKED POSITION (NOT PARKING LOT/DRIVEWAY),REAR END,STRAIGHT & LEVEL,DARK-HWY LIGHTED/ON,,,4/14/2022 8:34:34 AM,False,5330,Accepted,
29936705,0568000,LOUISVILLE METRO POLICE DEPT,Accepted,JEFFERSON,,,JEFFERSON,ST,W,,,,10TH,,11TH,38.255066291,-85.768220669,0.888,4/13/2022 12:00:00 AM,2114,4,4,0,0,RAINING,WET,False,1 VEHICLE PARKED POSITION (NOT PARKING LOT/DRIVEWAY),SIDESWIPE-SAME DIRECTION,STRAIGHT & LEVEL,DARK-HWY NOT LIGHTED,,,4/14/2022 8:35:13 AM,False,5404,Accepted,
29936687,0568000,LOUISVILLE METRO POLICE DEPT,Accepted,JEFFERSON,KY0148,,TAYLORSVILLE,RD,,,ENGLISH STATION,,,,,38.191496437,-85.471844943,0.274,4/13/2022 12:00:00 AM,1745,2,2,0,0,CLEAR,DRY,False,ANGLE COLLISION - OTHER,ANGLE,STRAIGHT & LEVEL,DAYLIGHT,,,4/14/2022 8:33:59 AM,False,6878,Accepted,
29936704,0568000,LOUISVILLE METRO POLICE DEPT,Accepted,JEFFERSON,,,GREENWOOD,AVE,,,28TH,,,,,38.242229758,-85.799530449,1.761,4/13/2022 12:00:00 AM,2024,2,2,0,0,RAINING,WET,True,COLLISION WITH PARKED VEHICLE,REAR END,STRAIGHT & GRADE,DARK-HWY LIGHTED/ON,,,4/14/2022 8:35:09 AM,False,5353,Accepted,
29936713,0568000,LOUISVILLE METRO POLICE DEPT,Accepted,JEFFERSON,I 0264,,I264 W,,,,,,,,,38.201291545,-85.693377510,14.264,4/13/2022 12:00:00 AM,1518,2,2,0,1,CLEAR,DRY,False,OTHER ROADWAY OR MID-BLOCK COLLISION,REAR END,STRAIGHT & LEVEL,DAYLIGHT,,,4/14/2022 8:35:53 AM,False,6813,Accepted,
29941461,0568000,LOUISVILLE METRO POLICE DEPT,Accepted,JEFFERSON,KY1065,135,OUTER,LOOP,,,,,,,,38.126678572,-85.788447855,0.349,4/13/2022 12:00:00 AM,2048,1,1,0,1,CLEAR,DRY,False,OTHER ROADWAY OR MID-BLOCK COLLISION,SINGLE VEHICLE,STRAIGHT & LEVEL,DARK (UNKNOWN ROADWAY LIGHTING),,,4/15/2022 7:49:47 AM,False,5266,Accepted,