IncidentID,AgencyORI,AgencyName,IncidentStatusDesc,County,RdwyNumber,Street,RoadwayName,StreetSfx,StreetDir,IntersectionRdwy,IntersectionRdwyName,BetweenStRdwy1,BetweenStRdwyName1,BetweenStRdwy2,BetweenStRdwyName2,Latitude,Longitude,Milepoint,CollisionDate,CollisionTime,UnitsInvolved,MotorVehiclesInvolved,NumberKilled,NumberInjured,Weather,RdwyConditionCode,HitandRun,DirAnalysisCode,MannerofCollision,RdwyCharacter,LightCondition,RampFromRdwyId,RampToRdwyId,AcceptedDate,IsSecondaryCollision,OwnerBadge,IncidentStatus,
29936671,0568000,LOUISVILLE METRO POLICE DEPT,Accepted,JEFFERSON,,,CRUMS,LN,S,,POPPY,,,,,38.194651764,-85.836023680,0.320,4/13/2022 12:00:00 AM,0943,1,1,0,0,RAINING,WET,False,COLLISION WITH FIXED OBJECT IN INTERSECTION - FIRST EVENT COLLISION 09 - 32,SINGLE VEHICLE,CURVE & LEVEL,DAYLIGHT,,,4/14/2022 8:32:49 AM,False,5355,Accepted,
29936688,0568000,LOUISVILLE METRO POLICE DEPT,Accepted,JEFFERSON,,,ROBBS,LN,,,SHEPHERDSVILLE,,,,,38.134750967,-85.658974895,0.429,4/13/2022 12:00:00 AM,1720,2,2,0,0,CLEAR,DRY,True,COLLISION IN PARKING LOT,BACKING,STRAIGHT & LEVEL,DAYLIGHT,,,4/14/2022 8:34:04 AM,False,2321,Accepted,
29936689,0568000,LOUISVILLE METRO POLICE DEPT,Accepted,JEFFERSON,US0031W,,DIXIE,HWY,,,,,,,,38.102605431,-85.870225827,8.236,4/13/2022 12:00:00 AM,1718,2,2,0,0,CLEAR,DRY,False,SIDESWIPE COLLISION - SAME DIRECTION,SIDESWIPE-SAME DIRECTION,STRAIGHT & LEVEL,DAYLIGHT,,,4/14/2022 8:34:08 AM,False,7244,Accepted,
29936674,0568000,LOUISVILLE METRO POLICE DEPT,Accepted,JEFFERSON,I 0264,,I264 E,,,,,,,,,38.193979181,-85.709998854,13.205,4/13/2022 12:00:00 AM,0820,2,2,0,0,RAINING,WET,True,REAR END IN TRAFFIC LANES BOTH VEHICLES MOVING,REAR END,STRAIGHT & LEVEL,DAYLIGHT,,,4/14/2022 8:33:01 AM,False,4903,Accepted,
29936679,0568000,LOUISVILLE METRO POLICE DEPT,Accepted,JEFFERSON,I 0265,,I265 E,,,,,,,,,38.182223572,-85.508168423,22.670,4/13/2022 12:00:00 AM,1031,1,1,0,0,RAINING,WET,False,COLLISION WITH FIXED OBJECT NON - INTERSECTION - FIRST EVENT COLLISION 09 - 32 EXCLUDING 16,SINGLE VEHICLE,CURVE & LEVEL,DAYLIGHT,,,4/14/2022 8:33:23 AM,False,2017,Accepted,
29936680,0568000,LOUISVILLE METRO POLICE DEPT,Accepted,JEFFERSON,,,BASHFORD MANOR,LN,,KY1703,NEWBURG,,,,,38.195341696,-85.679173718,0.953,4/13/2022 12:00:00 AM,1215,2,2,0,1,CLOUDY,WET,False,ANGLE COLLISION - OTHER,ANGLE,STRAIGHT & LEVEL,DAYLIGHT,,,4/14/2022 8:33:27 AM,False,4693,Accepted,
29941441,0568000,LOUISVILLE METRO POLICE DEPT,Accepted,JEFFERSON,I 0071,,I71 N,,,,,,,,,38.314051609,-85.583246987,9.000,4/13/2022 12:00:00 AM,1152,1,1,0,1,RAINING,WET,False,COLLISION WITH FIXED OBJECT NON - INTERSECTION - FIRST EVENT COLLISION 09 - 32 EXCLUDING 16,SINGLE VEHICLE,STRAIGHT & LEVEL,DAYLIGHT,,,4/15/2022 7:48:25 AM,False,7751,Accepted,
29936709,0568000,LOUISVILLE METRO POLICE DEPT,Accepted,JEFFERSON,,8701,SHEPHERDSVILLE,RD,,,,,,,,38.124395425,-85.666211383,1.140,4/13/2022 12:00:00 AM,2234,1,1,0,0,RAINING,WET,False,COLLISION WITH FIXED OBJECT NON - INTERSECTION - FIRST EVENT COLLISION 09 - 32 EXCLUDING 16,SINGLE VEHICLE,STRAIGHT & LEVEL,DARK-HWY LIGHTED/ON,,,4/14/2022 8:35:33 AM,False,5314,Accepted,
29941456,0568000,LOUISVILLE METRO POLICE DEPT,Accepted,JEFFERSON,I 0065,,I65 S,,,,,,,,,38.220893658,-85.751564446,133.510,4/13/2022 12:00:00 AM,2320,2,2,0,0,RAINING,WET,False,SIDESWIPE COLLISION - SAME DIRECTION,SIDESWIPE-SAME DIRECTION,STRAIGHT & LEVEL,DARK-HWY LIGHTED/ON,,,4/15/2022 7:49:26 AM,False,5349,Accepted,
29941430,0568000,LOUISVILLE METRO POLICE DEPT,Accepted,JEFFERSON,,,7TH,ST,S,,,,DAVIES,,9TH,38.224295910,-85.771002503,0.453,4/13/2022 12:00:00 AM,1422,2,2,0,0,CLEAR,DRY,False,REAR END IN TRAFFIC LANES BOTH VEHICLES MOVING,REAR END,STRAIGHT & LEVEL,DAYLIGHT,,,4/15/2022 7:47:55 AM,False,5414,Accepted,
29941464,0568000,LOUISVILLE METRO POLICE DEPT,Accepted,JEFFERSON,KY1230,12501,LOWER RIVER,RD,,,,,,,,38.073598886,-85.903698223,0.801,4/13/2022 12:00:00 AM,2228,1,1,0,0,,,True,COLLISION WITH FIXED OBJECT NON - INTERSECTION - FIRST EVENT COLLISION 09 - 32 EXCLUDING 16,SINGLE VEHICLE,CURVE & GRADE,,,,4/15/2022 7:49:58 AM,False,7166,Accepted,
29936691,0568000,LOUISVILLE METRO POLICE DEPT,Accepted,JEFFERSON,US0031E,,BARDSTOWN,RD,,,,,,,,38.164071028,-85.597703235,6.715,4/13/2022 12:00:00 AM,1538,2,2,0,0,CLEAR,DRY,False,1 VEHICLE ENTERING/LEAVING ENTRANCE,ANGLE,STRAIGHT & LEVEL,DAYLIGHT,,,4/14/2022 8:34:16 AM,False,7755,Accepted,
29936700,0568000,LOUISVILLE METRO POLICE DEPT,Accepted,JEFFERSON,KY0061,,PRESTON,HWY,,,INDIAN,,,,,38.168720179,-85.706490832,6.334,4/13/2022 12:00:00 AM,2018,2,2,0,4,RAINING,WET,False,ANGLE COLLISION - OTHER,ANGLE,STRAIGHT & LEVEL,DARK (UNKNOWN ROADWAY LIGHTING),,,4/14/2022 8:34:47 AM,False,5326,Accepted,
29936708,0568000,LOUISVILLE METRO POLICE DEPT,Accepted,JEFFERSON,US0060A,2825,LEXINGTON,RD,,,,,,,,38.247189347,-85.683920955,9.017,4/13/2022 12:00:00 AM,2312,2,1,0,1,RAINING,WET,False,COLLISION WITH PEDESTRIAN NON - INTERSECTION,SINGLE VEHICLE,STRAIGHT & LEVEL,DARK-HWY LIGHTED/ON,,,4/14/2022 8:35:28 AM,False,5029,Accepted,
29936701,0568000,LOUISVILLE METRO POLICE DEPT,Accepted,JEFFERSON,,,GHEENS,AVE,,,MITSCHER,,,,,38.168420641,-85.769488446,0.260,4/13/2022 12:00:00 AM,1930,2,2,0,3,RAINING,WET,False,ANGLE COLLISION - ONE VEHICLE TURNING LEFT,ANGLE,STRAIGHT & LEVEL,DARK-HWY LIGHTED/OFF,,,4/14/2022 8:34:51 AM,False,7362,Accepted,
29932691,0568000,LOUISVILLE METRO POLICE DEPT,Accepted,JEFFERSON,KY1865,,NEW CUT,RD,,,KENWOOD,,,,,38.161649244,-85.779169451,3.773,4/13/2022 12:00:00 AM,0458,2,2,0,1,CLEAR,DRY,False,ANGLE COLLISION - ONE VEHICLE TURNING RIGHT,ANGLE,STRAIGHT & LEVEL,DARK-HWY LIGHTED/ON,,,4/13/2022 8:25:36 AM,False,5392,Accepted,
29932692,0568000,LOUISVILLE METRO POLICE DEPT,Accepted,JEFFERSON,I 0065,,I65 N,,,,,,,,,38.137957100,-85.707242808,126.801,4/13/2022 12:00:00 AM,0618,2,2,0,0,RAINING,WET,False,SIDESWIPE COLLISION - SAME DIRECTION,SIDESWIPE-SAME DIRECTION,STRAIGHT & LEVEL,DAWN,,,4/13/2022 8:25:48 AM,False,4903,Accepted,
29935522,0560300,ST. MATTHEWS POLICE DEPARTMENT,Accepted,JEFFERSON,I 0264,,I264 E,,,,,,,,,38.253208832,-85.619154069,19.999,4/13/2022 12:00:00 AM,0514,2,2,0,0,CLEAR,DRY,True,SIDESWIPE COLLISION - SAME DIRECTION,SIDESWIPE-SAME DIRECTION,CURVE & HILLCREST,DARK-HWY LIGHTED/OFF,,,4/13/2022 9:53:00 PM,False,9139,Accepted,
29936459,0566900,LOUISVILLE AIRPORT POLICE,Accepted,JEFFERSON,,600,TERMINAL,DR,,,,,,,,38.186498026,-85.746172537,0.033,4/13/2022 12:00:00 AM,1630,1,1,0,0,CLOUDY,DRY,False,OTHER COLLISIONS ON SHOULDER,SINGLE VEHICLE,CURVE & LEVEL,DAYLIGHT,,,4/14/2022 7:23:50 AM,False,5831,Accepted,
29936676,0568000,LOUISVILLE METRO POLICE DEPT,Accepted,JEFFERSON,US0031E,1400B,BARDSTOWN,RD,,,,,BARINGER,US0060A,EASTERN,38.232140310,-85.709568714,14.644,4/13/2022 12:00:00 AM,1321,2,2,0,0,CLOUDY,WET,False,1 VEHICLE ENTERING/LEAVING ENTRANCE,ANGLE,STRAIGHT & LEVEL,DAYLIGHT,,,4/14/2022 8:33:10 AM,False,7900,Accepted,
29936684,0568000,LOUISVILLE METRO POLICE DEPT,Accepted,JEFFERSON,,5300,3RD,ST,S,,,,,,,38.170276545,-85.768188200,2.013,4/13/2022 12:00:00 AM,1237,2,2,0,1,RAINING,WET,False,OTHER ROADWAY OR MID-BLOCK COLLISION,OPPOSING LEFT TURN,STRAIGHT & LEVEL,DAYLIGHT,,,4/14/2022 8:33:42 AM,False,7427,Accepted,
29936685,0568000,LOUISVILLE METRO POLICE DEPT,Accepted,JEFFERSON,I 0064,,I64 E,,,,,I 0064,I64 TURN AROUND9,I 0064,I64 E EXIT8 ON RAMP FROM  GRINSTEAD DR,38.241900751,-85.692251827,8.652,4/13/2022 12:00:00 AM,1655,4,4,0,0,CLOUDY,DRY,True,REAR END IN TRAFFIC LANES BOTH VEHICLES MOVING,REAR END,CURVE & LEVEL,DAYLIGHT,,,4/14/2022 8:33:47 AM,False,7900,Accepted,
29936686,0568000,LOUISVILLE METRO POLICE DEPT,Accepted,JEFFERSON,KY0864,,POPLAR LEVEL,RD,,,,,AUDUBON PLAZA,,THRUSTON,38.215834766,-85.724762413,13.056,4/13/2022 12:00:00 AM,1700,2,2,0,0,CLEAR,DRY,True,1 VEHICLE ENTERING/LEAVING ENTRANCE,ANGLE,STRAIGHT & GRADE,DAYLIGHT,,,4/14/2022 8:33:52 AM,False,7383,Accepted,
29936692,0568000,LOUISVILLE METRO POLICE DEPT,Accepted,JEFFERSON,,,15TH,ST,S,,GARLAND,,,,,38.242545164,-85.777477473,1.185,4/13/2022 12:00:00 AM,1701,3,3,0,0,CLEAR,DRY,False,COLLISION WITH PARKED VEHICLE,ANGLE,STRAIGHT & LEVEL,DAYLIGHT,,,4/14/2022 8:34:19 AM,False,5164,Accepted,
29936693,0568000,LOUISVILLE METRO POLICE DEPT,Accepted,JEFFERSON,KY1865,,TAYLOR,BLVD,,,MATHA,,,,,38.182417010,-85.783655344,5.237,4/13/2022 12:00:00 AM,1752,2,2,0,0,CLOUDY,DRY,True,ANGLE COLLISION - ONE VEHICLE TURNING RIGHT,ANGLE,STRAIGHT & LEVEL,DAYLIGHT,,,4/14/2022 8:34:23 AM,False,5413,Accepted,
29936694,0568000,LOUISVILLE METRO POLICE DEPT,Accepted,JEFFERSON,US0031E,1554,BARDSTOWN,RD,,,,,,,,38.231464727,-85.707388475,14.521,4/13/2022 12:00:00 AM,1713,2,2,0,0,CLOUDY,DRY,True,REAR END IN TRAFFIC LANES BOTH VEHICLES MOVING,REAR END,STRAIGHT & LEVEL,DAYLIGHT,,,4/14/2022 8:34:27 AM,False,2228,Accepted,
29936710,0568000,LOUISVILLE METRO POLICE DEPT,Accepted,JEFFERSON,KY0864,,SHELBY,ST,S,,OAK,,,,,38.233390390,-85.741459324,14.703,4/13/2022 12:00:00 AM,1954,2,1,0,0,RAINING,WET,False,OTHER INTERSECTION COLLISIONS,SINGLE VEHICLE,STRAIGHT & LEVEL,DARK-HWY LIGHTED/ON,,,4/14/2022 8:35:37 AM,False,5304,Accepted,
29936711,0568000,LOUISVILLE METRO POLICE DEPT,Accepted,JEFFERSON,US0031E,8565,BARDSTOWN,RD,,,,,,,,38.122218117,-85.573178421,3.477,4/13/2022 12:00:00 AM,2033,2,2,0,4,SEVERE CROSSWINDS,WET,False,REAR END IN TRAFFIC LANES BOTH VEHICLES MOVING,REAR END,STRAIGHT & LEVEL,DARK (UNKNOWN ROADWAY LIGHTING),,,4/14/2022 8:35:42 AM,False,7449,Accepted,
29941429,0568000,LOUISVILLE METRO POLICE DEPT,Accepted,JEFFERSON,US0031E,,BARDSTOWN,RD,,,,,SHERWOOD,,STEVENS,38.231652404,-85.708132785,14.537,4/13/2022 12:00:00 AM,1915,2,2,0,0,CLOUDY,DRY,True,OTHER ROADWAY OR MID-BLOCK COLLISION,REAR TO REAR,STRAIGHT & LEVEL,DUSK,,,4/15/2022 7:47:51 AM,False,2228,Accepted,
29960492,0568000,LOUISVILLE METRO POLICE DEPT,Accepted,JEFFERSON,,918,6TH,ST,S,,KENTUCKY,,,,,38.239933392,-85.762860528,1.187,4/13/2022 12:00:00 AM,1537,4,4,0,0,CLEAR,DRY,False,ANGLE COLLISION - OTHER,ANGLE,STRAIGHT & LEVEL,DAYLIGHT,,,4/20/2022 8:19:20 AM,False,5360,Accepted,
29960499,0568000,LOUISVILLE METRO POLICE DEPT,Accepted,JEFFERSON,,,CHESTNUT,ST,W,,17TH,,,,,38.251332709,-85.779460374,1.178,4/13/2022 12:00:00 AM,1559,2,2,0,2,CLEAR,DRY,False,ANGLE COLLISION - OTHER,ANGLE,STRAIGHT & LEVEL,DAYLIGHT,,,4/20/2022 8:19:46 AM,False,2142,Accepted,
29955728,0568000,LOUISVILLE METRO POLICE DEPT,Accepted,JEFFERSON,I 0264,,,,,,,,,,,38.224932377,-85.643077222,0.015,4/13/2022 12:00:00 AM,1822,2,2,0,0,CLEAR,DRY,False,OTHER RAMP RELATED COLLISIONS NOT LISTED ABOVE,SIDESWIPE-SAME DIRECTION,STRAIGHT & LEVEL,DAYLIGHT,I 0264,KY1932,4/19/2022 8:33:44 AM,False,5286,Accepted,
29960502,0568000,LOUISVILLE METRO POLICE DEPT,Accepted,JEFFERSON,,,CRITTENDEN,DR,,US0060A,EASTERN,,,,,38.211570757,-85.751261700,0.367,4/13/2022 12:00:00 AM,1023,2,2,0,0,RAINING,WET,False,ANGLE COLLISION - OTHER,ANGLE,STRAIGHT & LEVEL,DAYLIGHT,,,4/20/2022 8:19:55 AM,False,7900,Accepted,
29965298,0568000,LOUISVILLE METRO POLICE DEPT,Accepted,JEFFERSON,I 0265,,I265 N,,,,,,,,,38.310582567,-85.574007618,34.199,4/13/2022 12:00:00 AM,0803,4,4,0,2,RAINING,WET,False,SIDESWIPE COLLISION - SAME DIRECTION,SIDESWIPE-SAME DIRECTION,STRAIGHT & LEVEL,DAYLIGHT,,,4/21/2022 8:16:00 AM,False,7772,Accepted,
29950722,0568000,LOUISVILLE METRO POLICE DEPT,Accepted,JEFFERSON,,2303,MAGAZINE,ST,,,,,,,,38.248310101,-85.764201347,0.062,4/12/2022 12:00:00 AM,0930,2,2,0,0,CLEAR,DRY,True,1 VEHICLE PARKED POSITION (NOT PARKING LOT/DRIVEWAY),HEAD ON,STRAIGHT & LEVEL,DAYLIGHT,,,4/18/2022 8:25:26 AM,False,5340,Accepted,
29950747,0568000,LOUISVILLE METRO POLICE DEPT,Accepted,JEFFERSON,,712,41ST,ST,S,,,,,,,38.248532488,-85.819376072,0.891,4/12/2022 12:00:00 AM,1334,4,4,0,0,CLEAR,DRY,False,1 VEHICLE PARKED POSITION (NOT PARKING LOT/DRIVEWAY),SIDESWIPE-SAME DIRECTION,STRAIGHT & LEVEL,DAYLIGHT,,,4/18/2022 8:26:44 AM,False,5257,Accepted,
29932690,0568000,LOUISVILLE METRO POLICE DEPT,Accepted,JEFFERSON,,,HIGHLAND,AVE,,,,,EVERETT,,DUDLEY,38.242131720,-85.720929980,0.964,4/12/2022 12:00:00 AM,0325,1,1,0,0,RAINING,WET,False,COLLISION WITH FIXED OBJECT NON - INTERSECTION - FIRST EVENT COLLISION 09 - 32 EXCLUDING 16,SINGLE VEHICLE,STRAIGHT & LEVEL,DARK-HWY NOT LIGHTED,,,4/13/2022 8:25:31 AM,False,5250,Accepted,
29936677,0568000,LOUISVILLE METRO POLICE DEPT,Accepted,JEFFERSON,I 0065,,,,,,,,,,,38.188605707,-85.728355438,0.369,4/12/2022 12:00:00 AM,1726,3,3,0,3,RAINING,WET,False,OTHER RAMP RELATED COLLISIONS NOT LISTED ABOVE,REAR END,CURVE & GRADE,DAYLIGHT,I 0065,I 0264,4/14/2022 8:33:14 AM,False,8278,Accepted,
29936675,0568000,LOUISVILLE METRO POLICE DEPT,Accepted,JEFFERSON,I 0264,,I264 W,,,I 0065,I264 W EXIT12 OFF RAMP TO,,,,,38.191132475,-85.717977648,12.724,4/12/2022 12:00:00 AM,0849,1,1,0,0,RAINING,WET,False,OTHER INTERSECTION COLLISIONS,SINGLE VEHICLE,STRAIGHT & LEVEL,DAYLIGHT,,,4/14/2022 8:33:05 AM,False,7619,Accepted,
29932656,0568000,LOUISVILLE METRO POLICE DEPT,Accepted,JEFFERSON,I 0265,,I265 E,,,,,I 0265,I265 E EXIT19 ON RAMP FROM KY1819,I 0265,I265 E EXIT23 OFF RAMP TO KY155,38.171476135,-85.517590877,21.771,4/12/2022 12:00:00 AM,0746,2,2,0,0,RAINING,WET,False,OTHER ROADWAY OR MID-BLOCK COLLISION,REAR END,STRAIGHT & LEVEL,DAYLIGHT,,,4/13/2022 8:22:43 AM,False,2017,Accepted,
29932681,0568000,LOUISVILLE METRO POLICE DEPT,Accepted,JEFFERSON,,4401,SHASTA,TRL,,,,,,,,38.175385296,-85.678001125,0.102,4/12/2022 12:00:00 AM,2115,2,2,0,0,CLEAR,DRY,True,1 VEHICLE PARKED POSITION (NOT PARKING LOT/DRIVEWAY),REAR END,STRAIGHT & LEVEL,DARK (UNKNOWN ROADWAY LIGHTING),,,4/13/2022 8:24:58 AM,False,5322,Accepted,
29932689,0568000,LOUISVILLE METRO POLICE DEPT,Accepted,JEFFERSON,KY0907,,3RD ST,RD,,KY2055,MANSLICK,,,,,38.125997690,-85.796163577,4.471,4/12/2022 12:00:00 AM,2100,2,2,0,1,CLEAR,DRY,True,OPPOSITE DIRECTION - BOTH VEHICLES GOING STRAIGHT AHEAD,SIDESWIPE-OPPOSITE DIRECTION,STRAIGHT & LEVEL,DARK-HWY LIGHTED/ON,,,4/13/2022 8:25:24 AM,False,2905,Accepted,
29927536,0568000,LOUISVILLE METRO POLICE DEPT,Accepted,JEFFERSON,,,LUCAS,AVE,,,,,DURRETT,,CURTIS,38.192163738,-85.718784525,0.029,4/12/2022 12:00:00 AM,0029,1,1,0,0,CLOUDY,WET,False,OTHER ROADWAY OR MID-BLOCK COLLISION,SINGLE VEHICLE,STRAIGHT & LEVEL,DARK (UNKNOWN ROADWAY LIGHTING),,,4/12/2022 8:15:56 AM,False,5418,Accepted,
29927541,0568000,LOUISVILLE METRO POLICE DEPT,Accepted,JEFFERSON,KY0841,,GENE SNYDER,FWY,,,,,,,,38.118553530,-85.767023700,6.607,4/12/2022 12:00:00 AM,0546,1,1,0,0,CLOUDY,WET,True,OTHER ROADWAY OR MID-BLOCK COLLISION,SINGLE VEHICLE,STRAIGHT & LEVEL,DARK-HWY LIGHTED/ON,,,4/12/2022 8:16:05 AM,False,5392,Accepted,
29932649,0568000,LOUISVILLE METRO POLICE DEPT,Accepted,JEFFERSON,I 0065,,I65 S,,,,,,,,,38.264885302,-85.743712134,136.909,4/12/2022 12:00:00 AM,0737,2,2,0,0,FOG WITH RAIN,WET,False,OTHER ROADWAY OR MID-BLOCK COLLISION,REAR END,STRAIGHT & LEVEL,DAYLIGHT,,,4/13/2022 8:22:12 AM,False,4903,Accepted,
29932675,0568000,LOUISVILLE METRO POLICE DEPT,Accepted,JEFFERSON,,1479,4TH,ST,S,,,,,,,38.226320100,-85.761864110,2.111,4/12/2022 12:00:00 AM,1135,2,2,0,0,CLEAR,DRY,True,1 VEHICLE PARKED POSITION (NOT PARKING LOT/DRIVEWAY),SIDESWIPE-SAME DIRECTION,STRAIGHT & LEVEL,DAYLIGHT,,,4/13/2022 8:24:30 AM,False,7132,Accepted,
29932683,0568000,LOUISVILLE METRO POLICE DEPT,Accepted,JEFFERSON,,8408,MCNAIR,RD,,,,,,,,38.132295241,-85.792450467,0.064,4/12/2022 12:00:00 AM,0651,1,1,0,0,RAINING,WET,False,OTHER ROADWAY OR MID-BLOCK COLLISION,SINGLE VEHICLE,STRAIGHT & LEVEL,DAWN,,,4/13/2022 8:25:03 AM,False,5312,Accepted,
29932659,0568000,LOUISVILLE METRO POLICE DEPT,Accepted,JEFFERSON,,,OLIVERDA,DR,,,HELENJEAN,,,,,38.096417851,-85.881152413,0.105,4/12/2022 12:00:00 AM,0813,2,2,0,0,RAINING,WET,False,SIDESWIPE-SAME DIRECTION,SIDESWIPE-SAME DIRECTION,STRAIGHT & LEVEL,DAYLIGHT,,,4/13/2022 8:22:56 AM,False,7144,Accepted,
29932666,0568000,LOUISVILLE METRO POLICE DEPT,Accepted,JEFFERSON,I 0064,,I64 W,,,,,,,,,38.260804221,-85.769522774,3.614,4/12/2022 12:00:00 AM,1207,2,2,0,0,RAINING,WET,False,1 VEHICLE ENTERING/LEAVING ENTRANCE,ANGLE,STRAIGHT & LEVEL,DAYLIGHT,,,4/13/2022 8:23:39 AM,False,5408,Accepted,
29932667,0568000,LOUISVILLE METRO POLICE DEPT,Accepted,JEFFERSON,US0031E,,BARDSTOWN,RD,,,PRINCETON,,,,,38.225191114,-85.695187150,13.720,4/12/2022 12:00:00 AM,1630,2,2,0,0,CLOUDY,DRY,False,ANGLE COLLISION - OTHER,ANGLE,STRAIGHT & LEVEL,DAYLIGHT,,,4/13/2022 8:23:47 AM,False,7793,Accepted,
29932673,0568000,LOUISVILLE METRO POLICE DEPT,Accepted,JEFFERSON,KY1747,,FERN VALLEY,RD,,,FERN GRADE,,,,,38.157782551,-85.725756363,0.338,4/12/2022 12:00:00 AM,1729,3,3,0,1,CLOUDY,DRY,False,HEAD-ON COLLISION,HEAD ON,STRAIGHT & LEVEL,DAYLIGHT,,,4/13/2022 8:24:20 AM,False,2017,Accepted,
29950641,0568000,LOUISVILLE METRO POLICE DEPT,Accepted,JEFFERSON,I 0265,,I265 N,,,I 0265,I265 N EXIT30 OFF RAMP KY146 TO,,,,,38.285752144,-85.507363840,30.079,4/12/2022 12:00:00 AM,1730,4,4,0,1,CLOUDY,DRY,False,SIDESWIPE-SAME DIRECTION,SIDESWIPE-SAME DIRECTION,STRAIGHT & LEVEL,DAYLIGHT,,,4/18/2022 8:20:06 AM,False,6334,Accepted,
29941431,0568000,LOUISVILLE METRO POLICE DEPT,Accepted,JEFFERSON,KY0061,,PRESTON,HWY,,,MUD,,,,,38.093077759,-85.669339528,0.669,4/12/2022 12:00:00 AM,1330,2,2,0,0,RAINING,WET,False,OTHER INTERSECTION COLLISIONS,REAR END,STRAIGHT & LEVEL,DAYLIGHT,,,4/15/2022 7:48:00 AM,False,7040,Accepted,
29930465,0560400,SHIVELY POLICE DEPARTMENT,Accepted,JEFFERSON,I 0264,,I264 W,,,,,,,,,38.185923578,-85.803081467,8.124,4/12/2022 12:00:00 AM,1200,2,2,0,0,RAINING,WET,False,SIDESWIPE COLLISION - SAME DIRECTION,SIDESWIPE-SAME DIRECTION,STRAIGHT & HILLCREST,DAYLIGHT,,,4/12/2022 6:10:55 PM,False,7132,Accepted,
29932501,0566700,MIDDLETOWN POLICE DEPARTMENT,Accepted,JEFFERSON,US0060,,SHELBYVILLE,RD,,,,,WHITTINGTON,,EDEN,38.246691878,-85.580502207,7.664,4/12/2022 12:00:00 AM,1810,5,5,0,1,CLOUDY,DRY,True,OTHER ROADWAY OR MID-BLOCK COLLISION,REAR END,STRAIGHT & LEVEL,DAYLIGHT,,,4/13/2022 7:27:24 AM,False,2013,Accepted,
29932534,0566900,LOUISVILLE AIRPORT POLICE,Accepted,JEFFERSON,,,TERMINAL,DR,,,,,,,,38.186473581,-85.746203511,0.034,4/12/2022 12:00:00 AM,1545,1,1,0,0,CLEAR,DRY,False,COLLISION IN PARKING LOT,SINGLE VEHICLE,STRAIGHT & GRADE,DAYLIGHT,,,4/13/2022 7:43:41 AM,False,5887,Accepted,
29936681,0568000,LOUISVILLE METRO POLICE DEPT,Accepted,JEFFERSON,,,CRITTENDEN,DR,,,,,,,,38.153930021,-85.742403858,3.347,4/12/2022 12:00:00 AM,1746,2,2,0,0,CLOUDY,DRY,False,HEAD-ON COLLISION,HEAD ON,CURVE & LEVEL,DAYLIGHT,,,4/14/2022 8:33:31 AM,False,7269,Accepted,
29932669,0568000,LOUISVILLE METRO POLICE DEPT,Accepted,JEFFERSON,I 0071,,,,,,,,,,,38.290971345,-85.649232025,0.232,4/12/2022 12:00:00 AM,1116,1,1,0,1,CLOUDY,WET,False,COLLISION WITH FIXED OBJECT NOT IN GORE ,SINGLE VEHICLE,CURVE & LEVEL,DAYLIGHT,I 0264,I 0071,4/13/2022 8:24:04 AM,False,2308,Accepted,
29932688,0568000,LOUISVILLE METRO POLICE DEPT,Accepted,JEFFERSON,KY1020,,3RD,ST,S,,HILL,,,,,38.225825689,-85.760275777,10.699,4/12/2022 12:00:00 AM,1937,2,2,0,0,CLOUDY,DRY,True,ANGLE COLLISION - OTHER,ANGLE,STRAIGHT & LEVEL,DAYLIGHT,,,4/13/2022 8:25:17 AM,False,5316,Accepted,
29932662,0568000,LOUISVILLE METRO POLICE DEPT,Accepted,JEFFERSON,I 0065,,I65 S,,,,,I 0065,I65 S EXIT127 TRANSIT,I 0065,I65 S EXIT127 ON RAMP FROM KY1065,38.131580576,-85.703970976,126.317,4/12/2022 12:00:00 AM,1509,1,1,0,0,CLOUDY,DRY,False,OTHER ROADWAY OR MID-BLOCK COLLISION,SINGLE VEHICLE,STRAIGHT & LEVEL,DAYLIGHT,,,4/13/2022 8:23:12 AM,False,2324,Accepted,
29934643,0560300,ST. MATTHEWS POLICE DEPARTMENT,Accepted,JEFFERSON,US0060,,SHELBYVILLE,RD,,,,,,,,38.250124326,-85.621039951,5.442,4/12/2022 12:00:00 AM,1645,2,2,0,0,CLOUDY,DRY,False,SIDESWIPE COLLISION - SAME DIRECTION,SIDESWIPE-SAME DIRECTION,STRAIGHT & LEVEL,DAYLIGHT,,,4/13/2022 4:45:02 PM,False,9172,Accepted,