IncidentID,AgencyORI,AgencyName,IncidentStatusDesc,County,RdwyNumber,Street,RoadwayName,StreetSfx,StreetDir,IntersectionRdwy,IntersectionRdwyName,BetweenStRdwy1,BetweenStRdwyName1,BetweenStRdwy2,BetweenStRdwyName2,Latitude,Longitude,Milepoint,CollisionDate,CollisionTime,UnitsInvolved,MotorVehiclesInvolved,NumberKilled,NumberInjured,Weather,RdwyConditionCode,HitandRun,DirAnalysisCode,MannerofCollision,RdwyCharacter,LightCondition,RampFromRdwyId,RampToRdwyId,AcceptedDate,IsSecondaryCollision,OwnerBadge,IncidentStatus,
29932670,0568000,LOUISVILLE METRO POLICE DEPT,Accepted,JEFFERSON,I 0264,,,,,,,,,,,38.271001458,-85.808355630,0.214,4/12/2022 12:00:00 AM,1633,2,2,0,0,CLEAR,DRY,True,OTHER RAMP RELATED COLLISIONS NOT LISTED ABOVE,REAR END,STRAIGHT & LEVEL,DAYLIGHT,BANK ST,I 0264,4/13/2022 8:24:09 AM,False,5412,Accepted,
29932671,0568000,LOUISVILLE METRO POLICE DEPT,Accepted,JEFFERSON,US0031E,,BARDSTOWN,RD,,,,,,,,38.106405028,-85.566603747,2.345,4/12/2022 12:00:00 AM,1800,3,3,0,0,CLEAR,DRY,True,OTHER ROADWAY OR MID-BLOCK COLLISION,REAR END,STRAIGHT & LEVEL,DAYLIGHT,,,4/13/2022 8:24:14 AM,False,7486,Accepted,
29932678,0568000,LOUISVILLE METRO POLICE DEPT,Accepted,JEFFERSON,,,3RD,ST,S,KY2801,SOUTHERN HEIGHTS,,,,,38.189168631,-85.764887709,0.788,4/12/2022 12:00:00 AM,1845,2,2,0,0,CLEAR,DRY,False,ANGLE COLLISION - OTHER,ANGLE,STRAIGHT & LEVEL,DUSK,,,4/13/2022 8:24:46 AM,False,7291,Accepted,
29936672,0568000,LOUISVILLE METRO POLICE DEPT,Accepted,JEFFERSON,KY1447,,WESTPORT,RD,,KY1747,HURSTBOURNE,,,,,38.287580081,-85.572400781,5.234,4/12/2022 12:00:00 AM,2204,3,3,0,3,CLOUDY,WET,False,ANGLE COLLISION - ONE VEHICLE TURNING LEFT,ANGLE,STRAIGHT & LEVEL,DARK-HWY LIGHTED/ON,,,4/14/2022 8:32:53 AM,False,7631,Accepted,
29932651,0568000,LOUISVILLE METRO POLICE DEPT,Accepted,JEFFERSON,KY1020,,NATIONAL,TPKE,,,,KY0841,KY841 RAMP FROM KY1020,KY0841,KY841 CROSSOVER KY1020,38.119490121,-85.748257948,3.185,4/12/2022 12:00:00 AM,0737,2,2,0,0,RAINING,WET,False,1 VEHICLE ENTERING/LEAVING ENTRANCE,ANGLE,STRAIGHT & LEVEL,DAYLIGHT,,,4/13/2022 8:22:18 AM,False,7202,Accepted,
29932652,0568000,LOUISVILLE METRO POLICE DEPT,Accepted,JEFFERSON,I 0264,,I264 E,,,,,,,,,38.190037831,-85.759050431,10.469,4/12/2022 12:00:00 AM,0721,2,2,0,1,RAINING,WET,False,REAR END IN TRAFFIC LANES BOTH VEHICLES MOVING,REAR END,STRAIGHT & HILLCREST,DAYLIGHT,,,4/13/2022 8:22:25 AM,False,7872,Accepted,
29950644,0568000,LOUISVILLE METRO POLICE DEPT,Accepted,JEFFERSON,I 0264,,I264 W,,,,,I 0065,I264 W EXIT12 OFF RAMP TO,I 0264,I264 W EXIT14 ON RAMP FROM KY864,38.191126286,-85.718080457,12.719,4/12/2022 12:00:00 AM,1649,2,2,0,0,CLEAR,DRY,False,SIDESWIPE COLLISION - SAME DIRECTION,SIDESWIPE-SAME DIRECTION,STRAIGHT & LEVEL,DAYLIGHT,,,4/18/2022 8:20:23 AM,False,7448,Accepted,
29950737,0568000,LOUISVILLE METRO POLICE DEPT,Accepted,JEFFERSON,KY3064,,PORTLAND,AVE,,,26TH,,,,,38.271066178,-85.789963653,0.445,4/12/2022 12:00:00 AM,1948,1,1,0,0,CLEAR,DRY,False,COLLISION WITH FIXED OBJECT IN INTERSECTION - FIRST EVENT COLLISION 09 - 32,SINGLE VEHICLE,STRAIGHT & LEVEL,DAYLIGHT,,,4/18/2022 8:26:16 AM,True,5371,Accepted,
29950761,0568000,LOUISVILLE METRO POLICE DEPT,Accepted,JEFFERSON,KY1020,,2ND,ST,S,,MAGNOLIA,,,,,38.229884350,-85.757853305,10.990,4/12/2022 12:00:00 AM,2246,3,3,0,0,CLOUDY,DRY,False,SIDESWIPE-SAME DIRECTION,SIDESWIPE-SAME DIRECTION,STRAIGHT & LEVEL,DARK-HWY LIGHTED/ON,,,4/18/2022 8:27:50 AM,False,5373,Accepted,
29950654,0568000,LOUISVILLE METRO POLICE DEPT,Accepted,JEFFERSON,,,HANCOCK,ST,S,,,,,,,38.247931794,-85.743076756,0.493,4/12/2022 12:00:00 AM,1350,2,2,0,0,CLEAR,DRY,False,COLLISION IN PARKING LOT,REAR TO REAR,STRAIGHT & LEVEL,DAYLIGHT,,,4/18/2022 8:21:30 AM,False,5354,Accepted,
29973346,0560000,JEFFERSON COUNTY SHERIFF DEPT.,Accepted,JEFFERSON,KY0913,,BLANKENBAKER,PKWY,,,,KY0155,TAYLORSVILLE,,LANDHERR,38.187822650,-85.547959178,0.032,4/12/2022 12:00:00 AM,0620,1,1,0,0,RAINING,WET,False,COLLISION WITH FIXED OBJECT NON - INTERSECTION - FIRST EVENT COLLISION 09 - 32 EXCLUDING 16,SINGLE VEHICLE,STRAIGHT & GRADE,DARK-HWY NOT LIGHTED,,,4/23/2022 3:02:50 AM,False,3699,Accepted,
30038890,0568000,LOUISVILLE METRO POLICE DEPT,Accepted,JEFFERSON,I 0264,,,,,,,,,,,38.238146540,-85.815709635,0.206,4/11/2022 12:00:00 AM,1419,2,2,0,0,CLEAR,DRY,True,OTHER RAMP RELATED COLLISIONS NOT LISTED ABOVE,REAR END,STRAIGHT & GRADE,DAYLIGHT,I 0264,DUMESNIL ST,5/10/2022 8:17:27 AM,False,5160,Accepted,
29950742,0568000,LOUISVILLE METRO POLICE DEPT,Accepted,JEFFERSON,KY1932,,BRECKENRIDGE,LN,,US0031E,BARDSTOWN,,,,,38.181348098,-85.626753617,0.012,4/11/2022 12:00:00 AM,1513,2,2,0,1,RAINING,WET,False,ANGLE COLLISION - OTHER,ANGLE,STRAIGHT & LEVEL,DAYLIGHT,,,4/18/2022 8:26:27 AM,False,5276,Accepted,
29950703,0568000,LOUISVILLE METRO POLICE DEPT,Accepted,JEFFERSON,,,BLUEGRASS,AVE,,,HAZELWOOD,,,,,38.179469020,-85.788738495,0.554,4/11/2022 12:00:00 AM,1434,2,2,0,0,RAINING,WET,False,VEHICLE BACKING IN INTERSECTION,BACKING,STRAIGHT & LEVEL,DAYLIGHT,,,4/18/2022 8:24:08 AM,False,5123,Accepted,
29950744,0568000,LOUISVILLE METRO POLICE DEPT,Accepted,JEFFERSON,US0031E,,BARDSTOWN,RD,,,STORAGE,,,,,38.154171733,-85.589281800,5.863,4/11/2022 12:00:00 AM,1924,2,2,0,1,RAINING,WET,False,ANGLE COLLISION - OTHER,ANGLE,STRAIGHT & LEVEL,DAYLIGHT,,,4/18/2022 8:26:32 AM,False,5276,Accepted,
29950645,0568000,LOUISVILLE METRO POLICE DEPT,Accepted,JEFFERSON,,,INDIAN,TRL,E,,LEAMINGTON SPA,,,,,38.168653158,-85.701290065,0.287,4/11/2022 12:00:00 AM,1902,2,2,0,0,CLEAR,DRY,False,ANGLE COLLISION - OTHER,ANGLE,STRAIGHT & LEVEL,DAYLIGHT,,,4/18/2022 8:20:27 AM,False,5053,Accepted,
29936707,0568000,LOUISVILLE METRO POLICE DEPT,Accepted,JEFFERSON,US0150,,BROADWAY,,W,KY1020,2ND,,,,,38.245836312,-85.755023629,2.559,4/11/2022 12:00:00 AM,0324,2,2,0,1,CLEAR,DRY,False,ANGLE COLLISION - OTHER,ANGLE,STRAIGHT & LEVEL,DARK-HWY LIGHTED/ON,,,4/14/2022 8:35:23 AM,False,5403,Accepted,
29941436,0568000,LOUISVILLE METRO POLICE DEPT,Accepted,JEFFERSON,I 0065,,I65 N,,,,,,,,,38.184153129,-85.723304761,130.200,4/11/2022 12:00:00 AM,1535,2,2,0,0,RAINING,WET,True,SIDESWIPE COLLISION - SAME DIRECTION,SIDESWIPE-SAME DIRECTION,STRAIGHT & LEVEL,DAYLIGHT,,,4/15/2022 7:48:13 AM,False,7751,Accepted,
29932660,0568000,LOUISVILLE METRO POLICE DEPT,Accepted,JEFFERSON,I 0064,,I64 E,,,,,,,,,38.217731300,-85.415618633,23.803,4/11/2022 12:00:00 AM,1800,2,2,0,3,RAINING,WET,False,REAR END IN TRAFFIC LANES BOTH VEHICLES MOVING,REAR END,STRAIGHT & LEVEL,DAYLIGHT,,,4/13/2022 8:23:01 AM,False,6334,Accepted,
29932661,0568000,LOUISVILLE METRO POLICE DEPT,Accepted,JEFFERSON,,,28TH,ST,S,,MUHAMMAD ALI,,,,,38.255566822,-85.797252054,0.380,4/11/2022 12:00:00 AM,1422,2,2,0,0,RAINING,WET,False,SIDESWIPE-SAME DIRECTION,SIDESWIPE-SAME DIRECTION,STRAIGHT & LEVEL,DAYLIGHT,,,4/13/2022 8:23:06 AM,False,5407,Accepted,
29932668,0568000,LOUISVILLE METRO POLICE DEPT,Accepted,JEFFERSON,I 0265,,I265 W,,,,,,,,,38.130696600,-85.602936714,15.951,4/11/2022 12:00:00 AM,1554,2,2,0,1,RAINING,WET,False,REAR END IN TRAFFIC LANES BOTH VEHICLES MOVING,REAR END,STRAIGHT & GRADE,DAYLIGHT,,,4/13/2022 8:23:54 AM,False,2308,Accepted,
29936682,0568000,LOUISVILLE METRO POLICE DEPT,Accepted,JEFFERSON,US0031W,,MARKET,ST,W,,,,12TH,,13TH,38.256767939,-85.770634602,21.065,4/11/2022 12:00:00 AM,1721,2,2,0,2,CLOUDY,DRY,False,REAR END IN TRAFFIC LANES BOTH VEHICLES MOVING,REAR END,STRAIGHT & LEVEL,DAYLIGHT,,,4/14/2022 8:33:35 AM,False,5173,Accepted,
30038886,0568000,LOUISVILLE METRO POLICE DEPT,Accepted,JEFFERSON,,,STRADER,AVE,,,CRAIG,,,,,38.191420020,-85.789853252,0.357,4/11/2022 12:00:00 AM,1551,2,2,0,0,CLOUDY,WET,False,ANGLE COLLISION - OTHER,ANGLE,STRAIGHT & LEVEL,DAYLIGHT,,,5/10/2022 8:17:06 AM,False,7046,Accepted,
29927540,0568000,LOUISVILLE METRO POLICE DEPT,Accepted,JEFFERSON,US0150,,BROADWAY,,E,,CLAY,,,,,38.244838106,-85.741536473,3.304,4/11/2022 12:00:00 AM,2028,2,2,0,0,CLEAR,WET,False,ANGLE COLLISION - OTHER,ANGLE,STRAIGHT & LEVEL,DARK-HWY LIGHTED/ON,,,4/12/2022 8:16:02 AM,False,5385,Accepted,
29927522,0568000,LOUISVILLE METRO POLICE DEPT,Accepted,JEFFERSON,,,WILSON,AVE,,,WOODLAND,,,,,38.233767958,-85.797382155,1.244,4/11/2022 12:00:00 AM,1629,3,3,0,1,RAINING,WET,False,ANGLE COLLISION - OTHER,ANGLE,STRAIGHT & LEVEL,DAYLIGHT,,,4/12/2022 8:15:24 AM,False,5179,Accepted,
29927523,0568000,LOUISVILLE METRO POLICE DEPT,Accepted,JEFFERSON,US0031W,,22ND,ST,S,,,,WOODLAND,,STANDARD,38.232317934,-85.791471833,18.410,4/11/2022 12:00:00 AM,1654,1,1,0,0,RAINING,WET,False,COLLISION WITH FIXED OBJECT NON - INTERSECTION - FIRST EVENT COLLISION 09 - 32 EXCLUDING 16,SINGLE VEHICLE,STRAIGHT & GRADE,DAYLIGHT,,,4/12/2022 8:15:30 AM,False,5412,Accepted,
29927524,0568000,LOUISVILLE METRO POLICE DEPT,Accepted,JEFFERSON,US0060,,SHELBYVILLE,RD,,,,,,,,38.245112805,-85.559213434,8.829,4/11/2022 12:00:00 AM,1843,2,2,0,0,RAINING,WET,False,1 VEHICLE ENTERING/LEAVING ENTRANCE,ANGLE,STRAIGHT & LEVEL,DAYLIGHT,,,4/12/2022 8:15:35 AM,False,5148,Accepted,
29923010,0568000,LOUISVILLE METRO POLICE DEPT,Accepted,JEFFERSON,KY1020,433,2ND,ST,S,,,,,,,38.250176765,-85.754388063,12.397,4/11/2022 12:00:00 AM,0103,1,1,0,0,CLEAR,DRY,False,COLLISION WITH FIXED OBJECT NON - INTERSECTION - FIRST EVENT COLLISION 09 - 32 EXCLUDING 16,SINGLE VEHICLE,STRAIGHT & LEVEL,DARK-HWY LIGHTED/ON,,,4/11/2022 8:26:07 AM,False,7386,Accepted,
29923011,0568000,LOUISVILLE METRO POLICE DEPT,Accepted,JEFFERSON,I 0265,,I265 S,,,,,,,,,38.280037475,-85.500212762,29.434,4/11/2022 12:00:00 AM,0200,1,1,0,0,CLEAR,DRY,False,OTHER COLLISIONS ON SHOULDER,SINGLE VEHICLE,CURVE & LEVEL,DARK-HWY LIGHTED/OFF,,,4/11/2022 8:26:10 AM,False,5212,Accepted,
29923018,0568000,LOUISVILLE METRO POLICE DEPT,Accepted,JEFFERSON,I 0065,,I65 S,,,,,,,,,38.183102571,-85.722828797,130.115,4/11/2022 12:00:00 AM,0459,2,2,0,0,CLEAR,DRY,False,1 VEHICLE ENTERING/LEAVING ENTRANCE,ANGLE,CURVE & LEVEL,DARK-HWY LIGHTED/ON,,,4/11/2022 8:26:44 AM,False,5299,Accepted,
29927512,0568000,LOUISVILLE METRO POLICE DEPT,Accepted,JEFFERSON,I 0264,,I264 E,,,,,I 0264,I264 E EXIT18 OFF RAMP TO KY1932,I 0264,I264 E EXIT18 TRANSIT,38.226341825,-85.639610331,17.690,4/11/2022 12:00:00 AM,0800,2,2,0,0,RAINING,WET,False,OTHER ROADWAY OR MID-BLOCK COLLISION,REAR TO REAR,STRAIGHT & LEVEL,DAYLIGHT,,,4/12/2022 8:14:40 AM,False,7793,Accepted,
29927513,0568000,LOUISVILLE METRO POLICE DEPT,Accepted,JEFFERSON,I 0064,,I64 W,,,,,,,I 0064,I64 TURN AROUND9,38.237845767,-85.664486202,10.010,4/11/2022 12:00:00 AM,1000,2,2,0,0,CLOUDY,WET,False,SIDESWIPE COLLISION - SAME DIRECTION,SIDESWIPE-SAME DIRECTION,STRAIGHT & LEVEL,DAYLIGHT,,,4/12/2022 8:14:45 AM,False,7793,Accepted,
29927514,0568000,LOUISVILLE METRO POLICE DEPT,Accepted,JEFFERSON,KY1865,,NEW CUT,RD,,,,,,,,38.145805315,-85.775285246,2.670,4/11/2022 12:00:00 AM,0910,2,2,0,1,CLOUDY,WET,False,1 VEHICLE ENTERING/LEAVING ENTRANCE,ANGLE,STRAIGHT & LEVEL,DAYLIGHT,,,4/12/2022 8:14:49 AM,False,7331,Accepted,
29941440,0568000,LOUISVILLE METRO POLICE DEPT,Accepted,JEFFERSON,KY0841,,GENE SNYDER,FWY,,,,,,,,38.117919022,-85.740851061,7.940,4/11/2022 12:00:00 AM,1725,2,2,0,0,RAINING,WET,True,SIDESWIPE COLLISION - SAME DIRECTION,SIDESWIPE-SAME DIRECTION,STRAIGHT & LEVEL,DAYLIGHT,,,4/15/2022 7:48:22 AM,False,7751,Accepted,
29932674,0568000,LOUISVILLE METRO POLICE DEPT,Accepted,JEFFERSON,,300,KENWOOD,WAY,W,,,,,,,38.178801240,-85.766704767,0.001,4/11/2022 12:00:00 AM,1555,2,2,0,0,CLEAR,WET,True,REAR END IN TRAFFIC LANES BOTH VEHICLES MOVING,REAR END,STRAIGHT & LEVEL,DAYLIGHT,,,4/13/2022 8:24:26 AM,False,7132,Accepted,
29927528,0568000,LOUISVILLE METRO POLICE DEPT,Accepted,JEFFERSON,US0031E,,BARDSTOWN,RD,,,CEDAR SPRINGS,,,,,38.145526739,-85.585128378,5.217,4/11/2022 12:00:00 AM,2202,2,2,0,0,RAINING,WET,False,ANGLE COLLISION - ONE VEHICLE TURNING RIGHT,ANGLE,STRAIGHT & LEVEL,DARK-HWY NOT LIGHTED,,,4/12/2022 8:15:48 AM,False,6028,Accepted,
29927518,0568000,LOUISVILLE METRO POLICE DEPT,Accepted,JEFFERSON,I 0265,,,,,,,,,,,38.270626206,-85.499093132,0.351,4/11/2022 12:00:00 AM,0810,2,2,0,0,RAINING,WET,False,OTHER RAMP RELATED COLLISIONS NOT LISTED ABOVE,REAR END,STRAIGHT & GRADE,DAYLIGHT,I 0265,KY3084,4/12/2022 8:15:04 AM,False,7316,Accepted,
29927519,0568000,LOUISVILLE METRO POLICE DEPT,Accepted,JEFFERSON,US0031E,,BARDSTOWN,RD,,,HEATHER,,,,,38.205685144,-85.666576541,11.562,4/11/2022 12:00:00 AM,1153,2,2,0,2,RAINING,WET,False,OTHER INTERSECTION COLLISIONS,REAR END,STRAIGHT & LEVEL,DAYLIGHT,,,4/12/2022 8:15:07 AM,False,5288,Accepted,
29927520,0568000,LOUISVILLE METRO POLICE DEPT,Accepted,JEFFERSON,US0031W,,DIXIE,HWY,,,,,STEPHAN,,PAGES,38.127655822,-85.850049991,10.289,4/11/2022 12:00:00 AM,1548,2,2,0,6,RAINING,WET,False,OTHER ROADWAY OR MID-BLOCK COLLISION,OPPOSING LEFT TURN,STRAIGHT & LEVEL,DAYLIGHT,,,4/12/2022 8:15:11 AM,False,2098,Accepted,
29927525,0568000,LOUISVILLE METRO POLICE DEPT,Accepted,JEFFERSON,US0031E,,BARDSTOWN,RD,,KY1065,SEATONVILLE,,,,,38.149984513,-85.587237312,5.558,4/11/2022 12:00:00 AM,1909,2,2,0,0,CLOUDY,WET,False,SIDESWIPE-SAME DIRECTION,SIDESWIPE-SAME DIRECTION,STRAIGHT & LEVEL,DAYLIGHT,,,4/12/2022 8:15:40 AM,False,6028,Accepted,
29927918,0561500,UNIV. OF LOUISVILLE POLICE,Accepted,JEFFERSON,,2100,FLOYD,ST,S,,,,,,,38.217966201,-85.754314164,2.591,4/11/2022 12:00:00 AM,1001,2,2,0,0,RAINING,WET,True,1 VEHICLE PARKED POSITION (NOT PARKING LOT/DRIVEWAY),SIDESWIPE-SAME DIRECTION,STRAIGHT & GRADE,DAYLIGHT,,,4/12/2022 9:30:57 AM,False,5650,Accepted,
29932655,0568000,LOUISVILLE METRO POLICE DEPT,Accepted,JEFFERSON,,,CENTRAL,AVE,,,RODMAN,,,,,38.205704033,-85.770524310,0.715,4/11/2022 12:00:00 AM,0858,2,2,0,1,RAINING,WET,True,ANGLE COLLISION - ONE VEHICLE TURNING LEFT,ANGLE,STRAIGHT & LEVEL,DAYLIGHT,,,4/13/2022 8:22:39 AM,False,2745,Accepted,
29932665,0568000,LOUISVILLE METRO POLICE DEPT,Accepted,JEFFERSON,,,CEDAR,ST,,US0031W,DR W J HODGE,,,,,38.255591124,-85.785448239,0.634,4/11/2022 12:00:00 AM,1724,2,2,0,0,RAINING,WET,False,ANGLE COLLISION - OTHER,ANGLE,STRAIGHT & LEVEL,DAYLIGHT,,,4/13/2022 8:23:34 AM,False,5408,Accepted,
29955736,0568000,LOUISVILLE METRO POLICE DEPT,Accepted,JEFFERSON,KY1020,,SOUTHSIDE,DR,,,SENECA,,,,,38.159284956,-85.764769339,6.135,4/11/2022 12:00:00 AM,0920,2,2,0,2,CLOUDY,WET,False,ANGLE COLLISION - OTHER,ANGLE,STRAIGHT & LEVEL,DAYLIGHT,,,4/19/2022 8:34:14 AM,False,2936,Accepted,
29965306,0568000,LOUISVILLE METRO POLICE DEPT,Accepted,JEFFERSON,KY1703,970,BAXTER,AVE,,,,,,,,38.226239723,-85.713165306,4.549,4/11/2022 12:00:00 AM,0910,2,2,0,0,RAINING,WET,False,1 VEHICLE PARKED POSITION (NOT PARKING LOT/DRIVEWAY),BACKING,STRAIGHT & LEVEL,DAYLIGHT,,,4/21/2022 8:16:42 AM,False,2738,Accepted,
29922997,0568000,LOUISVILLE METRO POLICE DEPT,Accepted,JEFFERSON,US0031E,,BARDSTOWN,RD,,,BARDSTOWN BLUFF,,,,,38.095905362,-85.562539923,1.531,4/10/2022 12:00:00 AM,1145,2,2,0,1,CLEAR,DRY,False,ANGLE COLLISION - OTHER,ANGLE,CURVE & GRADE,DAYLIGHT,,,4/11/2022 8:25:18 AM,False,6878,Accepted,
29923004,0568000,LOUISVILLE METRO POLICE DEPT,Accepted,JEFFERSON,I 0264,,I264 E,,,,,,,,,38.186919203,-85.789059710,8.790,4/10/2022 12:00:00 AM,1910,1,1,0,1,CLEAR,DRY,False,OTHER ROADWAY OR MID-BLOCK COLLISION,SINGLE VEHICLE,CURVE & LEVEL,DUSK,,,4/11/2022 8:25:46 AM,False,5420,Accepted,
29923005,0568000,LOUISVILLE METRO POLICE DEPT,Accepted,JEFFERSON,,3940,NORTHWESTERN,PKWY,,,,,,,,38.273175155,-85.816180750,2.137,4/10/2022 12:00:00 AM,2105,2,2,0,0,CLEAR,DRY,False,1 VEHICLE PARKED POSITION (NOT PARKING LOT/DRIVEWAY),ANGLE,CURVE & LEVEL,DARK-HWY LIGHTED/ON,,,4/11/2022 8:25:50 AM,False,7343,Accepted,
29923012,0568000,LOUISVILLE METRO POLICE DEPT,Accepted,JEFFERSON,KY0864,,POPLAR LEVEL,RD,,,MCKINLEY,,,,,38.213961013,-85.723167091,12.903,4/10/2022 12:00:00 AM,2018,2,2,0,3,CLEAR,DRY,False,ANGLE COLLISION - OTHER,ANGLE,STRAIGHT & HILLCREST,DARK-HWY LIGHTED/ON,,,4/11/2022 8:26:15 AM,False,5415,Accepted,
29923015,0568000,LOUISVILLE METRO POLICE DEPT,Accepted,JEFFERSON,KY1020,1700,2ND,ST,S,,,,,,,38.222923908,-85.759102089,10.505,4/10/2022 12:00:00 AM,2020,2,2,0,0,CLEAR,DRY,True,1 VEHICLE PARKED POSITION (NOT PARKING LOT/DRIVEWAY),REAR END,,DUSK,,,4/11/2022 8:26:31 AM,False,5304,Accepted,
29923016,0568000,LOUISVILLE METRO POLICE DEPT,Accepted,JEFFERSON,US0031E,,BARDSTOWN,RD,,,,,,,,38.190260616,-85.643866811,9.779,4/10/2022 12:00:00 AM,0347,2,2,0,0,CLEAR,WET,False,REAR END IN TRAFFIC LANES BOTH VEHICLES MOVING,REAR END,CURVE & LEVEL,DARK-HWY LIGHTED/ON,,,4/11/2022 8:26:35 AM,False,5375,Accepted,
29922990,0568000,LOUISVILLE METRO POLICE DEPT,Accepted,JEFFERSON,US0031W,,DIXIE,HWY,,,JOHNSONTOWN,,,,,38.121201678,-85.855738230,9.746,4/10/2022 12:00:00 AM,0540,2,2,0,0,CLEAR,DRY,True,ANGLE COLLISION - OTHER,ANGLE,STRAIGHT & LEVEL,DARK-HWY LIGHTED/ON,,,4/11/2022 8:25:03 AM,False,7264,Accepted,
29922998,0568000,LOUISVILLE METRO POLICE DEPT,Accepted,JEFFERSON,,2300,LEXINGTON,RD,,,,US0060A,GRINSTEAD,,ETLEY,38.245390333,-85.703785588,1.783,4/10/2022 12:00:00 AM,1317,2,2,0,0,CLEAR,DRY,True,COLLISION IN PARKING LOT,SIDESWIPE-SAME DIRECTION,STRAIGHT & LEVEL,DAYLIGHT,,,4/11/2022 8:25:22 AM,False,7900,Accepted,
29922999,0568000,LOUISVILLE METRO POLICE DEPT,Accepted,JEFFERSON,US0031W,,DIXIE,HWY,,,,,,,,38.153273340,-85.835970733,12.267,4/10/2022 12:00:00 AM,1130,2,2,0,0,CLEAR,DRY,False,1 VEHICLE ENTERING/LEAVING ENTRANCE,ANGLE,STRAIGHT & LEVEL,DAYLIGHT,,,4/11/2022 8:25:26 AM,False,5170,Accepted,
29923006,0568000,LOUISVILLE METRO POLICE DEPT,Accepted,JEFFERSON,,,WENZEL,ST,S,US0031E,MARKET,,,,,38.252760663,-85.734073573,0.100,4/10/2022 12:00:00 AM,1645,2,2,0,0,CLEAR,DRY,False,ANGLE COLLISION - OTHER,ANGLE,STRAIGHT & LEVEL,DAYLIGHT,,,4/11/2022 8:25:54 AM,False,7862,Accepted,
29923007,0568000,LOUISVILLE METRO POLICE DEPT,Accepted,JEFFERSON,US0042,1622,STORY,AVE,,,,,,,,38.259342957,-85.720821006,0.724,4/10/2022 12:00:00 AM,2128,2,2,0,2,CLEAR,DRY,False,OTHER ROADWAY OR MID-BLOCK COLLISION,REAR END,STRAIGHT & LEVEL,DARK-HWY LIGHTED/ON,,,4/11/2022 8:25:58 AM,False,7862,Accepted,
29936702,0568000,LOUISVILLE METRO POLICE DEPT,Accepted,JEFFERSON,US0031W,5339,DIXIE,HWY,,,BLANTON,,,,,38.157402144,-85.834078908,12.532,4/10/2022 12:00:00 AM,2300,2,1,0,1,CLEAR,DRY,True,COLLISION WITH PEDESTRIAN IN INTERSECTION,SINGLE VEHICLE,STRAIGHT & LEVEL,DARK-HWY LIGHTED/ON,,,4/14/2022 8:34:56 AM,False,5395,Accepted,
29936695,0568000,LOUISVILLE METRO POLICE DEPT,Accepted,JEFFERSON,,1496,SHELBY,ST,S,,,,,,,38.224965531,-85.742206417,0.409,4/10/2022 12:00:00 AM,0609,1,1,0,0,CLEAR,DRY,True,OTHER ROADWAY OR MID-BLOCK COLLISION,SINGLE VEHICLE,STRAIGHT & LEVEL,DARK-HWY LIGHTED/ON,,,4/14/2022 8:34:30 AM,False,5349,Accepted,
29923008,0568000,LOUISVILLE METRO POLICE DEPT,Accepted,JEFFERSON,US0150,1420,BROADWAY,,W,,,,,,,38.248202229,-85.776554828,1.374,4/10/2022 12:00:00 AM,2200,2,2,0,0,CLEAR,DRY,True,1 VEHICLE PARKED POSITION (NOT PARKING LOT/DRIVEWAY),ANGLE,STRAIGHT & LEVEL,OTHER,,,4/11/2022 8:26:01 AM,False,5388,Accepted,
29923017,0568000,LOUISVILLE METRO POLICE DEPT,Accepted,JEFFERSON,,1926,PAYNE,ST,,,,,,,,38.252428857,-85.712014659,1.158,4/10/2022 12:00:00 AM,0245,2,2,0,0,CLOUDY,DRY,False,1 VEHICLE PARKED POSITION (NOT PARKING LOT/DRIVEWAY),SIDESWIPE-SAME DIRECTION,STRAIGHT & HILLCREST,DARK-HWY LIGHTED/ON,,,4/11/2022 8:26:39 AM,False,7304,Accepted,
29922995,0568000,LOUISVILLE METRO POLICE DEPT,Accepted,JEFFERSON,,,ARCADE,AVE,,,,,,,,38.206228008,-85.784665597,0.340,4/10/2022 12:00:00 AM,0058,2,2,0,1,CLEAR,DRY,False,1 VEHICLE ENTERING/LEAVING ENTRANCE,ANGLE,STRAIGHT & LEVEL,DARK-HWY LIGHTED/ON,,,4/11/2022 8:25:11 AM,False,5401,Accepted,
29923002,0568000,LOUISVILLE METRO POLICE DEPT,Accepted,JEFFERSON,KY0061,,PRESTON,HWY,,,OLD FERN VALLEY,,,,,38.155227946,-85.696035604,5.190,4/10/2022 12:00:00 AM,1800,2,2,0,0,CLEAR,DRY,False,ANGLE COLLISION - OTHER,ANGLE,STRAIGHT & LEVEL,DAYLIGHT,,,4/11/2022 8:25:38 AM,False,5101,Accepted,
30011773,0568000,LOUISVILLE METRO POLICE DEPT,Accepted,JEFFERSON,,17013,SHAKES CREEK,DR,,,,,,,,38.210896217,-85.440843354,0.377,4/10/2022 12:00:00 AM,2146,1,1,0,1,CLEAR,DRY,False,OTHER ROADWAY OR MID-BLOCK COLLISION,SINGLE VEHICLE,CURVE & HILLCREST,DARK-HWY LIGHTED/ON,,,5/3/2022 8:12:21 AM,False,5329,Accepted,