IncidentID,AgencyORI,AgencyName,IncidentStatusDesc,County,RdwyNumber,Street,RoadwayName,StreetSfx,StreetDir,IntersectionRdwy,IntersectionRdwyName,BetweenStRdwy1,BetweenStRdwyName1,BetweenStRdwy2,BetweenStRdwyName2,Latitude,Longitude,Milepoint,CollisionDate,CollisionTime,UnitsInvolved,MotorVehiclesInvolved,NumberKilled,NumberInjured,Weather,RdwyConditionCode,HitandRun,DirAnalysisCode,MannerofCollision,RdwyCharacter,LightCondition,RampFromRdwyId,RampToRdwyId,AcceptedDate,IsSecondaryCollision,OwnerBadge,IncidentStatus,
29923000,0568000,LOUISVILLE METRO POLICE DEPT,Accepted,JEFFERSON,I 0064,,,,,,,,,,,38.236031695,-85.621992583,0.379,4/10/2022 12:00:00 AM,0200,2,2,0,0,CLEAR,DRY,False,OTHER RAMP RELATED COLLISIONS NOT LISTED ABOVE,SIDESWIPE-SAME DIRECTION,CURVE & LEVEL,DARK (UNKNOWN ROADWAY LIGHTING),I 0064,I 0064,4/11/2022 8:25:30 AM,False,5102,Accepted,
29923001,0568000,LOUISVILLE METRO POLICE DEPT,Accepted,JEFFERSON,KY1865,5533,NEW CUT,RD,,,,,,,,38.147021633,-85.775410504,2.750,4/10/2022 12:00:00 AM,1437,2,2,0,0,CLEAR,DRY,False,1 VEHICLE ENTERING/LEAVING ENTRANCE,ANGLE,STRAIGHT & LEVEL,DAYLIGHT,,,4/11/2022 8:25:35 AM,False,7427,Accepted,
29922986,0568000,LOUISVILLE METRO POLICE DEPT,Accepted,JEFFERSON,US0031E,,BAXTER,AVE,,,LIBERTY,,,,,38.251230855,-85.732994198,16.537,4/10/2022 12:00:00 AM,0043,2,2,0,0,CLEAR,DRY,False,OPPOSING LEFT TURN,OPPOSING LEFT TURN,STRAIGHT & LEVEL,DARK-HWY LIGHTED/ON,,,4/11/2022 8:24:56 AM,False,5402,Accepted,
29936673,0568000,LOUISVILLE METRO POLICE DEPT,Accepted,JEFFERSON,,3301,INDIAN,TRL,E,,,,,,,38.168786168,-85.705940538,0.035,4/10/2022 12:00:00 AM,1838,2,2,0,3,CLEAR,DRY,False,REAR END IN TRAFFIC LANES BOTH VEHICLES MOVING,REAR END,STRAIGHT & LEVEL,DAYLIGHT,,,4/14/2022 8:32:57 AM,False,5269,Accepted,
29932654,0568000,LOUISVILLE METRO POLICE DEPT,Accepted,JEFFERSON,I 0064,,I64 W,,,,,,,,,38.260466375,-85.768684106,3.666,4/10/2022 12:00:00 AM,1609,3,3,0,5,CLEAR,DRY,False,REAR END IN TRAFFIC LANES BOTH VEHICLES MOVING,REAR END,STRAIGHT & LEVEL,DAYLIGHT,,,4/13/2022 8:22:33 AM,False,5354,Accepted,
29936706,0568000,LOUISVILLE METRO POLICE DEPT,Accepted,JEFFERSON,US0150,,BROADWAY,,W,,6TH,,,,,38.246280244,-85.761786023,2.169,4/10/2022 12:00:00 AM,2000,2,2,0,2,CLEAR,DRY,False,HEAD-ON COLLISION,HEAD ON,STRAIGHT & LEVEL,DARK-HWY LIGHTED/ON,,,4/14/2022 8:35:18 AM,False,5403,Accepted,
29955748,0568000,LOUISVILLE METRO POLICE DEPT,Accepted,JEFFERSON,I 0071,,I71 N,,,,,,,,,38.290798767,-85.649904908,4.823,4/10/2022 12:00:00 AM,1921,1,1,1,1,CLEAR,DRY,False,OTHER COLLISIONS ON SHOULDER,SINGLE VEHICLE,CURVE & GRADE,DAYLIGHT,,,4/19/2022 8:35:20 AM,False,6886,Accepted,
29955791,0568000,LOUISVILLE METRO POLICE DEPT,Accepted,JEFFERSON,I 0065,,I65 N,,,,,,,,,38.233765799,-85.750802235,134.408,4/9/2022 12:00:00 AM,1645,3,3,0,8,CLOUDY,DRY,False,SIDESWIPE COLLISION - SAME DIRECTION,SIDESWIPE-SAME DIRECTION,STRAIGHT & LEVEL,DAYLIGHT,,,4/19/2022 8:36:44 AM,False,5409,Accepted,
29932679,0568000,LOUISVILLE METRO POLICE DEPT,Accepted,JEFFERSON,KY1020,3800BLK,SOUTHERN,PKWY,,,,,,,,38.198950368,-85.766823796,9.008,4/9/2022 12:00:00 AM,0038,6,6,0,0,CLOUDY,WET,True,1 VEHICLE PARKED POSITION (NOT PARKING LOT/DRIVEWAY),HEAD ON,,DARK (UNKNOWN ROADWAY LIGHTING),,,4/13/2022 8:24:52 AM,False,7376,Accepted,
29932663,0568000,LOUISVILLE METRO POLICE DEPT,Accepted,JEFFERSON,KY1934,,CANE RUN,RD,,,RALPH,,,,,38.208374534,-85.825548969,10.094,4/9/2022 12:00:00 AM,2001,3,3,0,1,CLEAR,DRY,True,ANGLE COLLISION - OTHER,ANGLE,STRAIGHT & LEVEL,DAYLIGHT,,,4/13/2022 8:23:17 AM,False,7312,Accepted,
29922993,0568000,LOUISVILLE METRO POLICE DEPT,Accepted,JEFFERSON,,,SOUTHLAND,BLVD,W,,MITSCHER,,,,,38.171776021,-85.770537703,0.380,4/9/2022 12:00:00 AM,2345,2,2,0,1,CLEAR,DRY,True,ANGLE COLLISION - OTHER,ANGLE,STRAIGHT & LEVEL,DARK (UNKNOWN ROADWAY LIGHTING),,,4/11/2022 8:25:07 AM,False,5405,Accepted,
29922975,0568000,LOUISVILLE METRO POLICE DEPT,Accepted,JEFFERSON,,2823,LANGDON,DR,,,,,,,,38.285246857,-85.582407603,0.435,4/9/2022 12:00:00 AM,1236,1,1,0,0,CLEAR,DRY,False,COLLISION WITH FIXED OBJECT NON - INTERSECTION - FIRST EVENT COLLISION 09 - 32 EXCLUDING 16,SINGLE VEHICLE,STRAIGHT & LEVEL,DAYLIGHT,,,4/11/2022 8:24:11 AM,False,7365,Accepted,
29922976,0568000,LOUISVILLE METRO POLICE DEPT,Accepted,JEFFERSON,I 0071,,I71 N,,,,,,,,,38.328211712,-85.545438392,11.310,4/9/2022 12:00:00 AM,1352,2,2,0,1,CLOUDY,DRY,False,SIDESWIPE COLLISION - SAME DIRECTION,SIDESWIPE-SAME DIRECTION,STRAIGHT & LEVEL,DAYLIGHT,,,4/11/2022 8:24:15 AM,True,2346,Accepted,
29922983,0568000,LOUISVILLE METRO POLICE DEPT,Accepted,JEFFERSON,I 0265,,,,,,,,,,,38.311026145,-85.575600344,0.026,4/9/2022 12:00:00 AM,1945,1,1,0,0,CLEAR,DRY,False,OTHER RAMP RELATED COLLISIONS NOT LISTED ABOVE,SINGLE VEHICLE,CURVE & GRADE,DAYLIGHT,I 0265,KY0022,4/11/2022 8:24:43 AM,False,5212,Accepted,
29922969,0568000,LOUISVILLE METRO POLICE DEPT,Accepted,JEFFERSON,,,GRADE,LN,,KY1065,OUTER,,,,,38.130134437,-85.737200613,4.053,4/9/2022 12:00:00 AM,0207,2,2,0,0,CLEAR,DRY,False,OTHER INTERSECTION COLLISIONS,REAR END,STRAIGHT & LEVEL,DARK-HWY LIGHTED/ON,,,4/11/2022 8:23:41 AM,False,5264,Accepted,
29922970,0568000,LOUISVILLE METRO POLICE DEPT,Accepted,JEFFERSON,,,WOODLAWN,AVE,E,,1ST,,,,,38.181246808,-85.762970563,0.004,4/9/2022 12:00:00 AM,0029,2,1,0,0,OTHER,DRY,True,OTHER INTERSECTION COLLISIONS,SINGLE VEHICLE,STRAIGHT & LEVEL,DARK (UNKNOWN ROADWAY LIGHTING),,,4/11/2022 8:23:46 AM,False,5405,Accepted,
29922978,0568000,LOUISVILLE METRO POLICE DEPT,Accepted,JEFFERSON,KY1020,,NATIONAL,TPKE,,,,,,,,38.140845178,-85.754377116,4.655,4/9/2022 12:00:00 AM,1643,2,2,0,0,CLEAR,DRY,False,SIDESWIPE COLLISION - SAME DIRECTION,SIDESWIPE-SAME DIRECTION,STRAIGHT & LEVEL,DAYLIGHT,,,4/11/2022 8:24:22 AM,False,7252,Accepted,
29922966,0568000,LOUISVILLE METRO POLICE DEPT,Accepted,JEFFERSON,,5515,JOHNSONTOWN,RD,,,,,,,,38.121842113,-85.873059706,0.947,4/9/2022 12:00:00 AM,0023,1,1,0,0,CLOUDY,DRY,True,COLLISION WITH FIXED OBJECT NON - INTERSECTION - FIRST EVENT COLLISION 09 - 32 EXCLUDING 16,SINGLE VEHICLE,STRAIGHT & LEVEL,DARK-HWY NOT LIGHTED,,,4/11/2022 8:23:30 AM,False,5121,Accepted,
29923003,0568000,LOUISVILLE METRO POLICE DEPT,Accepted,JEFFERSON,KY0061,5311,PRESTON,HWY,,,,,,,,38.171487414,-85.709436499,6.583,4/9/2022 12:00:00 AM,1809,1,1,0,1,CLEAR,DRY,False,COLLISION WITH FIXED OBJECT NON - INTERSECTION - FIRST EVENT COLLISION 09 - 32 EXCLUDING 16,SINGLE VEHICLE,STRAIGHT & LEVEL,DAYLIGHT,,,4/11/2022 8:25:42 AM,False,5286,Accepted,
29923019,0568000,LOUISVILLE METRO POLICE DEPT,Accepted,JEFFERSON,,1605,BICKNELL,AVE,,,,,,,,38.183727093,-85.790446317,0.654,4/9/2022 12:00:00 AM,2343,2,2,0,0,CLEAR,DRY,True,1 VEHICLE PARKED POSITION (NOT PARKING LOT/DRIVEWAY),REAR END,STRAIGHT & LEVEL,DARK-HWY LIGHTED/ON,,,4/11/2022 8:26:48 AM,False,5372,Accepted,
29923152,0568000,LOUISVILLE METRO POLICE DEPT,Accepted,JEFFERSON,US0060,,SHELBYVILLE,RD,,,,KY0913,BLANKENBAKER,,MAIN,38.244118689,-85.546716196,9.493,4/9/2022 12:00:00 AM,1859,2,1,0,1,CLEAR,DRY,False,REAR END IN TRAFFIC LANES BOTH VEHICLES MOVING,REAR END,CURVE & LEVEL,DAYLIGHT,,,4/11/2022 8:24:47 AM,False,7633,Accepted,
29922989,0568000,LOUISVILLE METRO POLICE DEPT,Accepted,JEFFERSON,KY1020,,2ND,ST,S,,HILL,,,,,38.225844664,-85.758580050,10.683,4/9/2022 12:00:00 AM,2258,2,2,0,0,CLEAR,DRY,False,ANGLE COLLISION - OTHER,ANGLE,STRAIGHT & LEVEL,DARK-HWY LIGHTED/ON,,,4/11/2022 8:24:59 AM,False,5267,Accepted,
29922979,0568000,LOUISVILLE METRO POLICE DEPT,Accepted,JEFFERSON,US0031E,,BARDSTOWN,RD,,,,,BROAD RUN,,OAKLAND HILLS,38.086667607,-85.555732612,0.781,4/9/2022 12:00:00 AM,1715,3,3,0,0,CLEAR,DRY,False,REAR END IN TRAFFIC LANES BOTH VEHICLES MOVING,REAR END,STRAIGHT & LEVEL,DAYLIGHT,,,4/11/2022 8:24:28 AM,False,6878,Accepted,
29922980,0568000,LOUISVILLE METRO POLICE DEPT,Accepted,JEFFERSON,,1480,FLOYD,ST,S,,,,,,,38.225359383,-85.753193921,2.110,4/9/2022 12:00:00 AM,0903,1,1,0,1,RAINING,WET,False,OTHER ROADWAY OR MID-BLOCK COLLISION,SINGLE VEHICLE,STRAIGHT & LEVEL,DAWN,,,4/11/2022 8:24:33 AM,False,5409,Accepted,
29922996,0568000,LOUISVILLE METRO POLICE DEPT,Accepted,JEFFERSON,KY0061,,JACKSON,ST,S,US0150,BROADWAY,,,,,38.245242454,-85.745653819,12.296,4/8/2022 12:00:00 AM,2135,2,2,0,0,CLEAR,DRY,False,OTHER INTERSECTION COLLISIONS,REAR END,STRAIGHT & LEVEL,DARK-HWY LIGHTED/ON,,,4/11/2022 8:25:14 AM,False,5318,Accepted,
29923014,0568000,LOUISVILLE METRO POLICE DEPT,Accepted,JEFFERSON,KY0155,,TAYLORSVILLE,RD,,,LOWE,,,,,38.218986262,-85.606751953,12.302,4/8/2022 12:00:00 AM,1953,3,3,0,0,CLEAR,DRY,False,OTHER INTERSECTION COLLISIONS,REAR END,STRAIGHT & LEVEL,DARK-HWY LIGHTED/ON,,,4/11/2022 8:26:26 AM,False,5300,Accepted,
29950648,0568000,LOUISVILLE METRO POLICE DEPT,Accepted,JEFFERSON,KY0864,4520,POPLAR LEVEL,RD,,,,,,,,38.188333825,-85.702532367,10.741,4/8/2022 12:00:00 AM,2159,2,2,0,0,CLEAR,WET,True,1 VEHICLE PARKED POSITION (NOT PARKING LOT/DRIVEWAY),BACKING,STRAIGHT & LEVEL,DARK-HWY LIGHTED/ON,,,4/18/2022 8:20:46 AM,False,5144,Accepted,
29955738,0568000,LOUISVILLE METRO POLICE DEPT,Accepted,JEFFERSON,,,NOLTEMEYER WYNDE,,,,,KY1065,OUTER,,BATES,38.139206073,-85.680392470,0.074,4/8/2022 12:00:00 AM,1636,2,2,0,1,CLEAR,DRY,False,1 VEHICLE ENTERING/LEAVING ENTRANCE,ANGLE,STRAIGHT & LEVEL,DAYLIGHT,,,4/19/2022 8:34:27 AM,False,2324,Accepted,
29922959,0568000,LOUISVILLE METRO POLICE DEPT,Accepted,JEFFERSON,,2619,4TH,ST,S,,,,,,,38.211096131,-85.764565403,3.112,4/8/2022 12:00:00 AM,1239,1,1,0,0,RAINING,WET,False,COLLISION WITH FIXED OBJECT NON - INTERSECTION - FIRST EVENT COLLISION 09 - 32 EXCLUDING 16,SINGLE VEHICLE,STRAIGHT & LEVEL,DAYLIGHT,,,4/11/2022 8:23:00 AM,False,7462,Accepted,
29922941,0568000,LOUISVILLE METRO POLICE DEPT,Accepted,JEFFERSON,KY2860,,GRINSTEAD,DR,,,EVERETT,,,,,38.239916796,-85.718221013,0.182,4/8/2022 12:00:00 AM,0943,2,2,0,0,CLOUDY,DRY,False,ANGLE COLLISION - OTHER,ANGLE,STRAIGHT & LEVEL,DAYLIGHT,,,4/11/2022 8:21:40 AM,False,5020,Accepted,
29922942,0568000,LOUISVILLE METRO POLICE DEPT,Accepted,JEFFERSON,,,4TH,ST,S,,LEE,,,,,38.223390110,-85.762363251,2.316,4/8/2022 12:00:00 AM,1408,3,3,0,0,CLOUDY,DRY,False,ANGLE COLLISION - OTHER,ANGLE,STRAIGHT & LEVEL,DAYLIGHT,,,4/11/2022 8:21:44 AM,False,5120,Accepted,
29922950,0568000,LOUISVILLE METRO POLICE DEPT,Accepted,JEFFERSON,KY1931,,ST ANDREWS CHURCH,RD,,,BLANTON,,,,,38.152073001,-85.819090529,4.502,4/8/2022 12:00:00 AM,1314,2,2,0,0,RAINING,WET,False,OTHER INTERSECTION COLLISIONS,REAR END,STRAIGHT & LEVEL,DAYLIGHT,,,4/11/2022 8:22:16 AM,False,5100,Accepted,
29922951,0568000,LOUISVILLE METRO POLICE DEPT,Accepted,JEFFERSON,US0031W,,DIXIE,HWY,,,,,,,,38.099031943,-85.871976149,7.980,4/8/2022 12:00:00 AM,1121,2,2,0,0,RAINING,WET,False,HEAD-ON COLLISION,HEAD ON,STRAIGHT & LEVEL,DAYLIGHT,,,4/11/2022 8:22:20 AM,False,7234,Accepted,
29913960,0568000,LOUISVILLE METRO POLICE DEPT,Accepted,JEFFERSON,KY1230,12210,LOWER RIVER,RD,,,,,,,,38.078798751,-85.901151371,1.188,4/8/2022 12:00:00 AM,0458,2,2,0,0,CLOUDY,WET,True,SIDESWIPE COLLISION - OPPOSITE DIRECTION,SIDESWIPE-OPPOSITE DIRECTION,CURVE & LEVEL,DARK-HWY NOT LIGHTED,,,4/8/2022 8:32:35 AM,False,5033,Accepted,
29922943,0568000,LOUISVILLE METRO POLICE DEPT,Accepted,JEFFERSON,US0031E,,MAIN,ST,E,,,,SHELBY,,CLAY,38.254620441,-85.738466277,17.034,4/8/2022 12:00:00 AM,1443,2,2,0,0,CLOUDY,WET,False,SIDESWIPE COLLISION - SAME DIRECTION,SIDESWIPE-SAME DIRECTION,STRAIGHT & LEVEL,DAYLIGHT,,,4/11/2022 8:21:48 AM,False,7229,Accepted,
29922944,0568000,LOUISVILLE METRO POLICE DEPT,Accepted,JEFFERSON,US0150,,BROADWAY,,W,,4TH,,,,,38.246156518,-85.758636963,2.367,4/8/2022 12:00:00 AM,1400,2,2,0,1,CLOUDY,DRY,False,OTHER INTERSECTION COLLISIONS,REAR END,STRAIGHT & LEVEL,DAYLIGHT,,,4/11/2022 8:21:51 AM,False,7058,Accepted,
29922953,0568000,LOUISVILLE METRO POLICE DEPT,Accepted,JEFFERSON,KY2051,,ROCKFORD,LN,,,,,,,,38.180517042,-85.852718282,1.703,4/8/2022 12:00:00 AM,1504,1,1,0,0,RAINING,WET,False,COLLISION WITH FIXED OBJECT NON - INTERSECTION - FIRST EVENT COLLISION 09 - 32 EXCLUDING 16,SINGLE VEHICLE,CURVE & LEVEL,DAYLIGHT,,,4/11/2022 8:22:29 AM,False,7234,Accepted,
29922960,0568000,LOUISVILLE METRO POLICE DEPT,Accepted,JEFFERSON,I 0065,,I65 N,,,,,,,,,38.191832976,-85.730507917,130.860,4/8/2022 12:00:00 AM,1818,2,2,0,0,RAINING,WET,False,1 VEHICLE PARKED POSITION (NOT PARKING LOT/DRIVEWAY),SIDESWIPE-SAME DIRECTION,STRAIGHT & LEVEL,DAYLIGHT,,,4/11/2022 8:23:04 AM,False,7462,Accepted,
29922961,0568000,LOUISVILLE METRO POLICE DEPT,Accepted,JEFFERSON,KY0022,,BROWNSBORO,RD,,,LIME KILN,,,,,38.283758118,-85.628273156,0.452,4/8/2022 12:00:00 AM,1812,2,2,0,4,RAINING,WET,False,ANGLE COLLISION - OTHER,ANGLE,STRAIGHT & GRADE,DAYLIGHT,,,4/11/2022 8:23:08 AM,False,2346,Accepted,
29922968,0568000,LOUISVILLE METRO POLICE DEPT,Accepted,JEFFERSON,KY1020,,SOUTHERN,PKWY,,,LANSING,,,,,38.192572598,-85.766575679,8.571,4/8/2022 12:00:00 AM,1946,2,2,0,1,CLEAR,DRY,True,ANGLE COLLISION - OTHER,ANGLE,STRAIGHT & LEVEL,DAWN,,,4/11/2022 8:23:37 AM,False,5183,Accepted,
29916077,0561000,JEFFERSONTOWN POLICE DEPT,Accepted,JEFFERSON,,,WATTERSON,TRL,,,LOCHRIDGE,,,,,38.183363520,-85.590458423,1.966,4/8/2022 12:00:00 AM,1548,2,2,0,0,CLOUDY,WET,False,OTHER INTERSECTION COLLISIONS,REAR END,CURVE & LEVEL,DAYLIGHT,,,4/8/2022 9:58:49 PM,False,8310,Accepted,
29916079,0561000,JEFFERSONTOWN POLICE DEPT,Accepted,JEFFERSON,KY0913,,BLANKENBAKER,PKWY,,,,,LANDHERR,,LANDHERR,38.190969183,-85.547819492,0.254,4/8/2022 12:00:00 AM,1628,2,2,0,0,RAINING,WET,False,REAR END IN TRAFFIC LANES BOTH VEHICLES MOVING,REAR END,STRAIGHT & GRADE,DAYLIGHT,,,4/8/2022 9:58:57 PM,False,8312,Accepted,
29922946,0568000,LOUISVILLE METRO POLICE DEPT,Accepted,JEFFERSON,US0031E,,BARDSTOWN,RD,,,,,EMRICH,,CUMNOCK,38.167888750,-85.603516446,7.131,4/8/2022 12:00:00 AM,1237,2,2,0,0,RAINING,WET,False,1 VEHICLE ENTERING/LEAVING ENTRANCE,ANGLE,STRAIGHT & LEVEL,DAYLIGHT,,,4/11/2022 8:22:01 AM,False,2324,Accepted,
29922954,0568000,LOUISVILLE METRO POLICE DEPT,Accepted,JEFFERSON,KY2051,,ROCKFORD,LN,,,,,,,,38.181044896,-85.853205760,1.746,4/8/2022 12:00:00 AM,1504,1,1,0,0,RAINING,WET,False,COLLISION WITH FIXED OBJECT NON - INTERSECTION - FIRST EVENT COLLISION 09 - 32 EXCLUDING 16,SINGLE VEHICLE,CURVE & LEVEL,DAYLIGHT,,,4/11/2022 8:22:33 AM,False,7234,Accepted,
29922955,0568000,LOUISVILLE METRO POLICE DEPT,Accepted,JEFFERSON,,,HILL,ST,W,KY1020,2ND,,,,,38.225653305,-85.758623864,0.089,4/8/2022 12:00:00 AM,1313,2,2,0,0,RAINING,WET,False,OTHER INTERSECTION COLLISIONS,REAR END,STRAIGHT & LEVEL,DAYLIGHT,,,4/11/2022 8:22:38 AM,False,7495,Accepted,
29922962,0568000,LOUISVILLE METRO POLICE DEPT,Accepted,JEFFERSON,KY0841,,GENE SNYDER,FWY,,,,,,,,38.116166196,-85.729829191,8.663,4/8/2022 12:00:00 AM,1810,2,2,0,0,CLOUDY,WET,False,REAR END IN TRAFFIC LANES BOTH VEHICLES MOVING,REAR END,STRAIGHT & LEVEL,DAYLIGHT,,,4/11/2022 8:23:13 AM,False,7768,Accepted,
29922939,0568000,LOUISVILLE METRO POLICE DEPT,Accepted,JEFFERSON,KY1065,,OUTER,LOOP,,,AIR COMMERCE,,,,,38.134889217,-85.718808385,4.248,4/8/2022 12:00:00 AM,1242,2,2,0,0,RAINING,WET,False,OTHER INTERSECTION COLLISIONS,REAR END,STRAIGHT & LEVEL,DAYLIGHT,,,4/11/2022 8:21:32 AM,False,7269,Accepted,
29922940,0568000,LOUISVILLE METRO POLICE DEPT,Accepted,JEFFERSON,KY0061,8520,PRESTON,HWY,,,,,,,,38.128604241,-85.681314213,3.200,4/8/2022 12:00:00 AM,1300,2,2,0,0,CLOUDY,WET,False,REAR END IN TRAFFIC LANES BOTH VEHICLES MOVING,REAR END,STRAIGHT & LEVEL,DAYLIGHT,,,4/11/2022 8:21:37 AM,False,5101,Accepted,
29922947,0568000,LOUISVILLE METRO POLICE DEPT,Accepted,JEFFERSON,KY1065,4304,OUTER,LOOP,,,,,,,,38.138242218,-85.682657801,6.282,4/8/2022 12:00:00 AM,1550,2,2,0,0,CLOUDY,WET,False,COLLISION IN PARKING LOT,REAR END,STRAIGHT & LEVEL,DAYLIGHT,,,4/11/2022 8:22:05 AM,False,2324,Accepted,
29922949,0568000,LOUISVILLE METRO POLICE DEPT,Accepted,JEFFERSON,,,ORMSBY,AVE,W,,4TH,,,,,38.232889955,-85.760737984,0.270,4/8/2022 12:00:00 AM,1105,2,2,0,0,CLOUDY,WET,False,HEAD-ON COLLISION,HEAD ON,STRAIGHT & LEVEL,DAYLIGHT,,,4/11/2022 8:22:10 AM,False,7619,Accepted,
29922956,0568000,LOUISVILLE METRO POLICE DEPT,Accepted,JEFFERSON,,,1ST,ST,S,,ST CATHERINE,,,,,38.236814391,-85.754910065,1.333,4/8/2022 12:00:00 AM,1558,2,2,0,0,RAINING,WET,False,SIDESWIPE-SAME DIRECTION,SIDESWIPE-SAME DIRECTION,STRAIGHT & LEVEL,DAYLIGHT,,,4/11/2022 8:22:44 AM,False,7495,Accepted,
29922957,0568000,LOUISVILLE METRO POLICE DEPT,Accepted,JEFFERSON,,,1ST,ST,S,,ST CATHERINE,,,,,38.236870293,-85.755074046,1.330,4/8/2022 12:00:00 AM,1708,2,2,0,1,RAINING,WET,False,ANGLE COLLISION - OTHER,ANGLE,STRAIGHT & LEVEL,DAYLIGHT,,,4/11/2022 8:22:49 AM,False,7495,Accepted,
29922964,0568000,LOUISVILLE METRO POLICE DEPT,Accepted,JEFFERSON,KY1931,,ST ANDREWS CHURCH,RD,,,PENNACOOK,,,,,38.154956305,-85.802506638,5.443,4/8/2022 12:00:00 AM,2100,2,2,0,2,CLEAR,DRY,False,ANGLE COLLISION - ONE VEHICLE TURNING LEFT,ANGLE,STRAIGHT & LEVEL,DARK-HWY LIGHTED/ON,,,4/11/2022 8:23:21 AM,False,5224,Accepted,
29922973,0568000,LOUISVILLE METRO POLICE DEPT,Accepted,JEFFERSON,,5309,MITSCHER,AVE,,,,,,,,38.171703757,-85.770418021,0.013,4/8/2022 12:00:00 AM,1847,2,2,0,0,CLEAR,DRY,False,COLLISION IN PARKING LOT,BACKING,STRAIGHT & LEVEL,DAYLIGHT,,,4/11/2022 8:24:04 AM,False,7427,Accepted,
29922974,0568000,LOUISVILLE METRO POLICE DEPT,Accepted,JEFFERSON,,,9TH,ST,S,US0150,BROADWAY,,,,,38.246924551,-85.766361461,0.016,4/8/2022 12:00:00 AM,1430,3,3,0,0,RAINING,WET,False,ANGLE COLLISION - OTHER,ANGLE,STRAIGHT & LEVEL,DAYLIGHT,,,4/11/2022 8:24:07 AM,False,5335,Accepted,
29922972,0568000,LOUISVILLE METRO POLICE DEPT,Accepted,JEFFERSON,,,HOMEVIEW,DR,,US0060A,TAYLOR,,,,,38.204870300,-85.777979035,0.241,4/8/2022 12:00:00 AM,1229,2,2,0,0,RAINING,WET,True,VEHICLE BACKING IN INTERSECTION,BACKING,STRAIGHT & LEVEL,DAYLIGHT,,,4/11/2022 8:23:59 AM,False,7468,Accepted,
29990369,0560600,WEST BUECHEL POLICE DEPT.,Accepted,JEFFERSON,KY2052,3900,SHEPHERDSVILLE,RD,,,,,,,,38.193616044,-85.660966807,3.810,4/8/2022 12:00:00 AM,1325,2,2,0,0,SLEET HAIL FREEZING RAIN,WET,False,REAR END IN TRAFFIC LANES BOTH VEHICLES MOVING,REAR END,STRAIGHT & GRADE,DAYLIGHT,,,4/27/2022 3:15:52 PM,False,1262,Accepted,
29913957,0568000,LOUISVILLE METRO POLICE DEPT,Accepted,JEFFERSON,KY1703,1927,NEWBURG,RD,,,,,,,,38.220279067,-85.709795755,4.116,4/7/2022 12:00:00 AM,2223,1,1,0,0,CLOUDY,DRY,False,COLLISION WITH FIXED OBJECT NON - INTERSECTION - FIRST EVENT COLLISION 09 - 32 EXCLUDING 16,SINGLE VEHICLE,CURVE & GRADE,DARK-HWY LIGHTED/ON,,,4/8/2022 8:32:21 AM,False,5296,Accepted,
29913949,0568000,LOUISVILLE METRO POLICE DEPT,Accepted,JEFFERSON,,11413,FLOWERVALE,LN,,,,,,,,38.088460288,-85.872793357,0.654,4/7/2022 12:00:00 AM,0530,1,1,0,0,CLEAR,DRY,True,OTHER ROADWAY OR MID-BLOCK COLLISION,SINGLE VEHICLE,STRAIGHT & LEVEL,DARK-HWY LIGHTED/ON,,,4/8/2022 8:31:47 AM,False,5279,Accepted,
29913954,0568000,LOUISVILLE METRO POLICE DEPT,Accepted,JEFFERSON,US0060,,FRANKFORT,AVE,,,KEATS,,,,,38.253485708,-85.701954257,1.008,4/7/2022 12:00:00 AM,1837,2,2,0,1,CLEAR,DRY,False,ANGLE COLLISION - OTHER,ANGLE,STRAIGHT & LEVEL,DAYLIGHT,,,4/8/2022 8:32:09 AM,False,7049,Accepted,
29913955,0568000,LOUISVILLE METRO POLICE DEPT,Accepted,JEFFERSON,US0031W,,DIXIE,HWY,,,CRAWFORD,,,,,38.150118423,-85.837213388,12.076,4/7/2022 12:00:00 AM,2038,2,2,0,0,CLEAR,DRY,False,OTHER INTERSECTION COLLISIONS,REAR END,STRAIGHT & LEVEL,DARK-HWY LIGHTED/ON,,,4/8/2022 8:32:13 AM,False,5048,Accepted,
29913956,0568000,LOUISVILLE METRO POLICE DEPT,Accepted,JEFFERSON,KY1065,4801,OUTER,LOOP,,,,,,,,38.141089539,-85.670696995,6.733,4/7/2022 12:00:00 AM,2020,2,2,0,0,CLEAR,DRY,True,COLLISION IN PARKING LOT,BACKING,STRAIGHT & LEVEL,DUSK,,,4/8/2022 8:32:17 AM,False,5321,Accepted,
29909636,0568000,LOUISVILLE METRO POLICE DEPT,Accepted,JEFFERSON,KY1819,,BILLTOWN,RD,,,,KY1819,SEATONVILLE,KY6328,KENDRICK,38.137413438,-85.538566879,4.438,4/7/2022 12:00:00 AM,0100,1,1,0,0,CLOUDY,WET,False,COLLISION WITH ANIMAL NON INTERSECTION,SINGLE VEHICLE,STRAIGHT & LEVEL,DARK-HWY NOT LIGHTED,,,4/7/2022 8:22:40 AM,False,7804,Accepted,