IncidentID,AgencyORI,AgencyName,IncidentStatusDesc,County,RdwyNumber,Street,RoadwayName,StreetSfx,StreetDir,IntersectionRdwy,IntersectionRdwyName,BetweenStRdwy1,BetweenStRdwyName1,BetweenStRdwy2,BetweenStRdwyName2,Latitude,Longitude,Milepoint,CollisionDate,CollisionTime,UnitsInvolved,MotorVehiclesInvolved,NumberKilled,NumberInjured,Weather,RdwyConditionCode,HitandRun,DirAnalysisCode,MannerofCollision,RdwyCharacter,LightCondition,RampFromRdwyId,RampToRdwyId,AcceptedDate,IsSecondaryCollision,OwnerBadge,IncidentStatus,
29909637,0568000,LOUISVILLE METRO POLICE DEPT,Accepted,JEFFERSON,US0060,7900,SHELBYVILLE,RD,,,,,,,,38.249191525,-85.610320383,6.033,4/7/2022 12:00:00 AM,0045,2,2,0,0,CLEAR,DRY,True,REAR END IN TRAFFIC LANES BOTH VEHICLES MOVING,REAR END,STRAIGHT & LEVEL,DARK-HWY LIGHTED/OFF,,,4/7/2022 8:22:47 AM,False,7984,Accepted,
29913938,0568000,LOUISVILLE METRO POLICE DEPT,Accepted,JEFFERSON,,,SIMCOE,LN,,KY0022,BROWNSBORO,,,,,38.307977279,-85.574224846,0.003,4/7/2022 12:00:00 AM,1025,2,2,0,0,CLEAR,DRY,False,OPPOSING LEFT TURN,OPPOSING LEFT TURN,STRAIGHT & LEVEL,DAYLIGHT,,,4/8/2022 8:31:03 AM,False,7631,Accepted,
29913939,0568000,LOUISVILLE METRO POLICE DEPT,Accepted,JEFFERSON,KY1747,,HURSTBOURNE,PKWY,S,KY6159,BLUEGRASS PKWY ACCESS,,,,,38.220196848,-85.581461830,11.635,4/7/2022 12:00:00 AM,0820,2,2,0,1,CLEAR,DRY,False,ANGLE COLLISION - ONE VEHICLE TURNING LEFT,ANGLE,STRAIGHT & LEVEL,DAYLIGHT,,,4/8/2022 8:31:07 AM,False,4693,Accepted,
29913943,0568000,LOUISVILLE METRO POLICE DEPT,Accepted,JEFFERSON,KY1747,3912,FERN VALLEY,RD,,,,,,,,38.157728803,-85.689925804,2.336,4/7/2022 12:00:00 AM,1043,1,1,0,0,CLEAR,DRY,False,COLLISION WITH FIXED OBJECT NON - INTERSECTION - FIRST EVENT COLLISION 09 - 32 EXCLUDING 16,SINGLE VEHICLE,STRAIGHT & LEVEL,DAYLIGHT,,,4/8/2022 8:31:23 AM,False,2324,Accepted,
29913944,0568000,LOUISVILLE METRO POLICE DEPT,Accepted,JEFFERSON,KY2049,,CRUMS,LN,,KY1934,CANE RUN,,,,,38.199162623,-85.836964688,0.021,4/7/2022 12:00:00 AM,1430,2,2,0,2,CLOUDY,DRY,False,ANGLE COLLISION - OTHER,ANGLE,STRAIGHT & LEVEL,DAYLIGHT,,,4/8/2022 8:31:27 AM,False,5240,Accepted,
29913945,0568000,LOUISVILLE METRO POLICE DEPT,Accepted,JEFFERSON,,,34TH,ST,S,,HERMAN,,,,,38.258948111,-85.807321649,0.227,4/7/2022 12:00:00 AM,0831,2,2,0,0,CLEAR,DRY,False,ANGLE COLLISION - OTHER,ANGLE,STRAIGHT & LEVEL,DAYLIGHT,,,4/8/2022 8:31:31 AM,False,5282,Accepted,
29913951,0568000,LOUISVILLE METRO POLICE DEPT,Accepted,JEFFERSON,,1435,FRANKFORT,AVE,,,,,,,,38.263383742,-85.724784405,0.363,4/7/2022 12:00:00 AM,1240,2,2,0,2,CLEAR,DRY,False,REAR END IN TRAFFIC LANES BOTH VEHICLES MOVING,REAR END,STRAIGHT & LEVEL,DAYLIGHT,,,4/8/2022 8:31:57 AM,False,6360,Accepted,
29913952,0568000,LOUISVILLE METRO POLICE DEPT,Accepted,JEFFERSON,,,CLAY,ST,S,,MADISON,,,,,38.248233784,-85.740968473,0.472,4/7/2022 12:00:00 AM,1730,2,2,0,1,CLOUDY,DRY,False,ANGLE COLLISION - ONE VEHICLE TURNING LEFT,ANGLE,STRAIGHT & LEVEL,DAYLIGHT,,,4/8/2022 8:32:02 AM,False,6360,Accepted,
29913953,0568000,LOUISVILLE METRO POLICE DEPT,Accepted,JEFFERSON,,400,FAIRDALE,RD,,,,,,,,38.105321976,-85.758223275,0.028,4/7/2022 12:00:00 AM,1909,1,1,0,0,CLOUDY,DRY,False,COLLISION WITH FIXED OBJECT NON - INTERSECTION - FIRST EVENT COLLISION 09 - 32 EXCLUDING 16,SINGLE VEHICLE,STRAIGHT & LEVEL,DAYLIGHT,,,4/8/2022 8:32:06 AM,False,7331,Accepted,
29913958,0568000,LOUISVILLE METRO POLICE DEPT,Accepted,JEFFERSON,KY0022,,BROWNSBORO,RD,,,,,,,,38.306931419,-85.575401113,3.875,4/7/2022 12:00:00 AM,1949,2,2,0,0,CLEAR,DRY,False,SIDESWIPE COLLISION - OPPOSITE DIRECTION,SIDESWIPE-OPPOSITE DIRECTION,STRAIGHT & LEVEL,DAYLIGHT,,,4/8/2022 8:32:25 AM,False,5030,Accepted,
29913959,0568000,LOUISVILLE METRO POLICE DEPT,Accepted,JEFFERSON,,,BRENDA,DR,,,RANGELAND,,,,,38.166647928,-85.672971033,0.006,4/7/2022 12:00:00 AM,2140,2,2,0,0,CLOUDY,DRY,False,ANGLE COLLISION - OTHER,ANGLE,STRAIGHT & LEVEL,DARK (UNKNOWN ROADWAY LIGHTING),,,4/8/2022 8:32:28 AM,False,5418,Accepted,
29913935,0568000,LOUISVILLE METRO POLICE DEPT,Accepted,JEFFERSON,KY0907,9204,3RD ST,RD,,,,,,,,38.116150152,-85.820064228,2.936,4/7/2022 12:00:00 AM,0802,1,1,0,1,CLEAR,WET,False,OTHER ROADWAY OR MID-BLOCK COLLISION,SINGLE VEHICLE,CURVE & HILLCREST,DAYLIGHT,,,4/8/2022 8:30:56 AM,False,7496,Accepted,
29913942,0568000,LOUISVILLE METRO POLICE DEPT,Accepted,JEFFERSON,KY0061,,PRESTON,ST,S,,CALDWELL,,,,,38.239286204,-85.748567642,11.835,4/7/2022 12:00:00 AM,1330,2,2,0,3,CLOUDY,DRY,False,ANGLE COLLISION - OTHER,ANGLE,STRAIGHT & LEVEL,DAYLIGHT,,,4/8/2022 8:31:19 AM,False,5175,Accepted,
29913936,0568000,LOUISVILLE METRO POLICE DEPT,Accepted,JEFFERSON,,1617,CHICHESTER,AVE,,,,,,,,38.229513075,-85.700359444,0.043,4/7/2022 12:00:00 AM,0830,2,2,0,0,CLEAR,DRY,True,1 VEHICLE PARKED POSITION (NOT PARKING LOT/DRIVEWAY),SIDESWIPE-SAME DIRECTION,STRAIGHT & LEVEL,DAYLIGHT,,,4/8/2022 8:31:00 AM,False,7570,Accepted,
29922967,0568000,LOUISVILLE METRO POLICE DEPT,Accepted,JEFFERSON,,820,PHILLIPS,LN,,,,,,,,38.191731704,-85.742616130,0.549,4/7/2022 12:00:00 AM,0211,2,2,0,0,CLOUDY,DRY,True,COLLISION IN PARKING LOT,BACKING,STRAIGHT & LEVEL,DARK (UNKNOWN ROADWAY LIGHTING),,,4/11/2022 8:23:33 AM,False,7376,Accepted,
29927515,0568000,LOUISVILLE METRO POLICE DEPT,Accepted,JEFFERSON,US0031W,7400,DIXIE,HWY,,,,,,,,38.142663559,-85.839969855,11.622,4/7/2022 12:00:00 AM,2036,2,2,0,3,CLEAR,DRY,False,1 VEHICLE ENTERING/LEAVING ENTRANCE,ANGLE,STRAIGHT & LEVEL,DARK-HWY LIGHTED/ON,,,4/12/2022 8:14:52 AM,False,2905,Accepted,
29927531,0568000,LOUISVILLE METRO POLICE DEPT,Accepted,JEFFERSON,I 0264,,,,,,,,,,,38.254376659,-85.805422501,0.014,4/7/2022 12:00:00 AM,2245,2,2,0,2,CLEAR,DRY,True,OTHER RAMP RELATED COLLISIONS NOT LISTED ABOVE,SIDESWIPE-SAME DIRECTION,STRAIGHT & GRADE,DARK-HWY LIGHTED/ON,I 0264,MUHAMMAD ALI BLVD,4/12/2022 8:15:52 AM,False,5365,Accepted,
29984372,0568000,LOUISVILLE METRO POLICE DEPT,Accepted,JEFFERSON,US0031W,,22ND,ST,S,,GAULBERT,,,,,38.228002224,-85.793240031,18.091,4/7/2022 12:00:00 AM,1314,2,2,0,3,CLEAR,DRY,False,OPPOSING LEFT TURN,OPPOSING LEFT TURN,STRAIGHT & LEVEL,DAYLIGHT,,,4/26/2022 8:36:09 AM,False,5160,Accepted,
29984391,0568000,LOUISVILLE METRO POLICE DEPT,Accepted,JEFFERSON,US0150,,BROADWAY,,E,,HANCOCK,,,,,38.244982669,-85.743571118,3.189,4/7/2022 12:00:00 AM,1952,2,2,0,2,CLEAR,DRY,False,ANGLE COLLISION - OTHER,ANGLE,STRAIGHT & LEVEL,DARK-HWY LIGHTED/ON,,,4/26/2022 8:37:13 AM,False,5348,Accepted,
29950655,0568000,LOUISVILLE METRO POLICE DEPT,Accepted,JEFFERSON,,,GRAY,ST,E,KY0061,PRESTON,,,,,38.246498774,-85.747413869,0.203,4/7/2022 12:00:00 AM,1505,2,2,0,0,CLEAR,DRY,True,SIDESWIPE-SAME DIRECTION,SIDESWIPE-SAME DIRECTION,STRAIGHT & LEVEL,DAYLIGHT,,,4/18/2022 8:21:35 AM,False,5354,Accepted,
29932664,0568000,LOUISVILLE METRO POLICE DEPT,Accepted,JEFFERSON,,4401,FEGENBUSH,LN,,,,,,,,38.185986622,-85.638084057,0.088,4/7/2022 12:00:00 AM,1841,2,2,0,3,CLEAR,DRY,False,1 VEHICLE ENTERING/LEAVING ENTRANCE,ANGLE,STRAIGHT & LEVEL,DAYLIGHT,,,4/13/2022 8:23:25 AM,False,5247,Accepted,
29909635,0568000,LOUISVILLE METRO POLICE DEPT,Accepted,JEFFERSON,KY1934,,CANE RUN,RD,,I 0264,I264 E EXIT5 ON RAMP FROM KY1934 N,,,,,38.205131994,-85.829942167,9.754,4/6/2022 12:00:00 AM,2102,2,2,0,0,CLEAR,DRY,False,OTHER INTERSECTION COLLISIONS,REAR END,STRAIGHT & GRADE,DARK-HWY LIGHTED/ON,,,4/7/2022 8:22:35 AM,False,5387,Accepted,
29908455,0566900,LOUISVILLE AIRPORT POLICE,Accepted,JEFFERSON,,,ADMINISTRATION,DR,,,,,,,,38.188439872,-85.735894415,0.220,4/6/2022 12:00:00 AM,1617,1,1,0,0,CLOUDY,WET,False,COLLISION WITH FIXED OBJECT NON - INTERSECTION - FIRST EVENT COLLISION 09 - 32 EXCLUDING 16,SINGLE VEHICLE,STRAIGHT & LEVEL,DAYLIGHT,,,4/6/2022 11:40:33 PM,False,5862,Accepted,
29909516,0560300,ST. MATTHEWS POLICE DEPARTMENT,Accepted,JEFFERSON,KY1932,,BRECKENRIDGE,LN,,US0060,SHELBYVILLE,,,,,38.252884867,-85.655327411,5.519,4/6/2022 12:00:00 AM,1404,2,2,0,0,RAINING,WET,False,ANGLE COLLISION - OTHER,ANGLE,STRAIGHT & LEVEL,DAYLIGHT,,,4/7/2022 7:45:24 AM,False,9153,Accepted,
29909641,0568000,LOUISVILLE METRO POLICE DEPT,Accepted,JEFFERSON,US0060A,,BERRY,BLVD,,,POWELL,,,,,38.196552710,-85.790240464,1.062,4/6/2022 12:00:00 AM,2315,2,2,0,0,CLEAR,DRY,True,OTHER INTERSECTION COLLISIONS,REAR END,STRAIGHT & LEVEL,DARK-HWY LIGHTED/ON,,,4/7/2022 8:23:01 AM,False,5183,Accepted,
29905471,0568000,LOUISVILLE METRO POLICE DEPT,Accepted,JEFFERSON,,,MINOR,LN,,,SHADESWOOD,,,,,38.130826946,-85.710487725,0.306,4/6/2022 12:00:00 AM,0141,1,1,0,1,CLEAR,WET,False,COLLISION WITH FIXED OBJECT IN INTERSECTION - FIRST EVENT COLLISION 09 - 32,SINGLE VEHICLE,STRAIGHT & LEVEL,DARK-HWY NOT LIGHTED,,,4/6/2022 8:06:24 AM,False,5314,Accepted,
29909606,0568000,LOUISVILLE METRO POLICE DEPT,Accepted,JEFFERSON,I 0065,,I65 N,,,,,,,,,38.187157631,-85.726433568,130.467,4/6/2022 12:00:00 AM,0925,1,1,0,0,RAINING,WATER (STANDING OR MOVING),False,OTHER ROADWAY OR MID-BLOCK COLLISION,SINGLE VEHICLE,STRAIGHT & GRADE,DAYLIGHT,,,4/7/2022 8:20:18 AM,False,7072,Accepted,
29909615,0568000,LOUISVILLE METRO POLICE DEPT,Accepted,JEFFERSON,KY1065,,OUTER,LOOP,,,CEDAR BROOK,,,,,38.137732122,-85.666933402,7.142,4/6/2022 12:00:00 AM,1150,2,2,0,2,RAINING,WET,False,ANGLE COLLISION - OTHER,ANGLE,STRAIGHT & LEVEL,DAYLIGHT,,,4/7/2022 8:20:46 AM,False,5042,Accepted,
29909622,0568000,LOUISVILLE METRO POLICE DEPT,Accepted,JEFFERSON,I 0064,,I64 W,,,,,,,,,38.276317191,-85.819479651,0.392,4/6/2022 12:00:00 AM,0952,3,3,0,5,RAINING,WET,False,REAR END IN TRAFFIC LANES BOTH VEHICLES MOVING,REAR END,CURVE & LEVEL,DAYLIGHT,,,4/7/2022 8:21:27 AM,False,5282,Accepted,
29909623,0568000,LOUISVILLE METRO POLICE DEPT,Accepted,JEFFERSON,I 0065,,I65 N,,,,,I 0065,I65 N EXIT132 ON RAMP FROM  CRITTENDEN DR,I 0065,I65 N RAMP FROM I264,38.196306755,-85.733439618,131.218,4/6/2022 12:00:00 AM,1609,1,1,0,1,RAINING,WET,False,OTHER ROADWAY OR MID-BLOCK COLLISION,SINGLE VEHICLE,STRAIGHT & LEVEL,DAYLIGHT,,,4/7/2022 8:21:38 AM,False,7451,Accepted,
29909630,0568000,LOUISVILLE METRO POLICE DEPT,Accepted,JEFFERSON,US0031W,,DIXIE,HWY,,,,,,,,38.102225991,-85.870094203,8.219,4/6/2022 12:00:00 AM,1549,2,2,0,0,RAINING,WET,False,REAR END IN TRAFFIC LANES BOTH VEHICLES MOVING,REAR END,STRAIGHT & LEVEL,DAYLIGHT,,,4/7/2022 8:22:06 AM,False,7234,Accepted,
30007477,0568000,LOUISVILLE METRO POLICE DEPT,Accepted,JEFFERSON,I 0065,,I65 NB,,,I 0065,I65 NB EXIT136B OFF RAMP TOS BROOK ST,,,,,38.246628885,-85.752089534,135.327,4/6/2022 12:00:00 AM,1030,2,2,0,2,RAINING,WET,False,SIDESWIPE-SAME DIRECTION,SIDESWIPE-SAME DIRECTION,STRAIGHT & LEVEL,DAYLIGHT,,,5/2/2022 8:36:27 AM,False,6360,Accepted,
29926235,0565000,LYNDON POLICE DEPARTMENT,Accepted,JEFFERSON,KY1747,,HURSTBOURNE,PKWY,N,,WHIPPS MILL,,,,,38.274065727,-85.563588505,15.975,4/6/2022 12:00:00 AM,2111,2,2,0,0,CLOUDY,DRY,True,ANGLE COLLISION - OTHER,ANGLE,STRAIGHT & HILLCREST,DARK-HWY NOT LIGHTED,,,4/11/2022 8:47:58 PM,False,1394,Accepted,
29914485,0561500,UNIV. OF LOUISVILLE POLICE,Accepted,JEFFERSON,,,WARNOCK,ST,,,CRITTENDEN,,,,,38.214287184,-85.751082792,0.125,4/6/2022 12:00:00 AM,0030,1,1,0,0,CLOUDY,DRY,True,OTHER INTERSECTION COLLISIONS,SINGLE VEHICLE,STRAIGHT & LEVEL,DARK-HWY LIGHTED/ON,,,4/8/2022 12:02:02 PM,False,5692,Accepted,
29913961,0568000,LOUISVILLE METRO POLICE DEPT,Accepted,JEFFERSON,I 0264,,I264 E,,,,,,,,,38.223394645,-85.822696398,3.980,4/6/2022 12:00:00 AM,2256,3,3,0,0,CLEAR,DRY,True,REAR END IN TRAFFIC LANES BOTH VEHICLES MOVING,REAR END,STRAIGHT & LEVEL,DARK-HWY LIGHTED/ON,,,4/8/2022 8:32:39 AM,False,5360,Accepted,
29909638,0568000,LOUISVILLE METRO POLICE DEPT,Accepted,JEFFERSON,,,LOWER HUNTERS,TRCE,,,HESS,,,,,38.157043928,-85.843327633,0.389,4/6/2022 12:00:00 AM,1900,2,2,0,0,CLEAR,WET,True,ANGLE COLLISION - OTHER,ANGLE,STRAIGHT & LEVEL,DAWN,,,4/7/2022 8:22:52 AM,False,5211,Accepted,
29909639,0568000,LOUISVILLE METRO POLICE DEPT,Accepted,JEFFERSON,KY1747,2000,FERN VALLEY,RD,,,GRADE,,,,,38.157353491,-85.730570251,0.076,4/6/2022 12:00:00 AM,2319,2,2,0,0,CLEAR,DRY,False,COLLISION IN PARKING LOT,ANGLE,STRAIGHT & LEVEL,DARK-HWY LIGHTED/ON,,,4/7/2022 8:22:55 AM,False,5363,Accepted,
29909627,0568000,LOUISVILLE METRO POLICE DEPT,Accepted,JEFFERSON,KY1065,2200,OUTER,LOOP,,,,,,,,38.132726878,-85.725971909,3.830,4/6/2022 12:00:00 AM,1522,2,2,0,0,RAINING,WET,False,OTHER ROADWAY OR MID-BLOCK COLLISION,REAR END,STRAIGHT & LEVEL,DAYLIGHT,,,4/7/2022 8:21:52 AM,False,2324,Accepted,
29909628,0568000,LOUISVILLE METRO POLICE DEPT,Accepted,JEFFERSON,KY0061,10501,PRESTON,HWY,,,,,,,,38.085877348,-85.667413377,0.163,4/6/2022 12:00:00 AM,1659,1,1,0,0,CLOUDY,WET,False,COLLISION WITH FIXED OBJECT NON - INTERSECTION - FIRST EVENT COLLISION 09 - 32 EXCLUDING 16,SINGLE VEHICLE,STRAIGHT & LEVEL,DAYLIGHT,,,4/7/2022 8:21:57 AM,False,2324,Accepted,
29909617,0568000,LOUISVILLE METRO POLICE DEPT,Accepted,JEFFERSON,I 0065,,I65 N,,,,,I 0065,I65 N EXIT127 OFF RAMP TO KY1065,I 0065,I65 N EXIT127 OFF RAMP TO KY1065,38.133888158,-85.704879926,126.492,4/6/2022 12:00:00 AM,1023,2,2,0,0,RAINING,WET,False,1 VEHICLE ENTERING/LEAVING ENTRANCE,ANGLE,STRAIGHT & LEVEL,DAYLIGHT,,,4/7/2022 8:20:51 AM,False,7465,Accepted,
29909618,0568000,LOUISVILLE METRO POLICE DEPT,Accepted,JEFFERSON,KY2251,,BARDSTOWN,RD,,,SIX MILE,,,,,38.195041439,-85.652576838,0.564,4/6/2022 12:00:00 AM,1251,4,4,0,0,RAINING,WET,False,OPPOSING LEFT TURN,OPPOSING LEFT TURN,STRAIGHT & LEVEL,DAYLIGHT,,,4/7/2022 8:20:57 AM,False,7294,Accepted,
29909619,0568000,LOUISVILLE METRO POLICE DEPT,Accepted,JEFFERSON,US0031E,,BARDSTOWN,RD,,,,,,,,38.211216406,-85.671374718,12.050,4/6/2022 12:00:00 AM,1043,2,2,0,2,RAINING,WET,False,HEAD-ON COLLISION,HEAD ON,STRAIGHT & LEVEL,DAYLIGHT,,,4/7/2022 8:21:07 AM,False,7306,Accepted,
29909620,0568000,LOUISVILLE METRO POLICE DEPT,Accepted,JEFFERSON,,,CHESTNUT,ST,W,,19TH,,,,,38.251674436,-85.782715421,0.999,4/6/2022 12:00:00 AM,1547,2,2,0,4,RAINING,WET,False,ANGLE COLLISION - OTHER,ANGLE,STRAIGHT & LEVEL,DAYLIGHT,,,4/7/2022 8:21:15 AM,False,5408,Accepted,
29909626,0568000,LOUISVILLE METRO POLICE DEPT,Accepted,JEFFERSON,,,OLD BARDSTOWN,RD,,,BROADWOOD,,,,,38.127927673,-85.576451783,0.189,4/6/2022 12:00:00 AM,1050,2,2,0,1,RAINING,WET,False,ANGLE COLLISION - OTHER,ANGLE,STRAIGHT & LEVEL,DAYLIGHT,,,4/7/2022 8:21:49 AM,False,2324,Accepted,
29909603,0568000,LOUISVILLE METRO POLICE DEPT,Accepted,JEFFERSON,KY0061,,PRESTON,HWY,,,PARK,,,,,38.118064049,-85.677232930,2.451,4/6/2022 12:00:00 AM,0838,2,2,0,0,RAINING,WET,True,ANGLE COLLISION - ONE VEHICLE TURNING LEFT,ANGLE,STRAIGHT & LEVEL,DAYLIGHT,,,4/7/2022 8:20:00 AM,False,7269,Accepted,
29909642,0568000,LOUISVILLE METRO POLICE DEPT,Accepted,JEFFERSON,KY0841,,GENE SNYDER,FWY,,,,KY0841,KY841 RAMP FROM KY1020,,PARK,38.117824116,-85.739769661,8.106,4/6/2022 12:00:00 AM,2233,1,1,0,1,CLEAR,DRY,False,OTHER COLLISIONS ON SHOULDER,SINGLE VEHICLE,STRAIGHT & LEVEL,DARK-HWY LIGHTED/OFF,,,4/7/2022 8:23:05 AM,False,5220,Accepted,
29909646,0568000,LOUISVILLE METRO POLICE DEPT,Accepted,JEFFERSON,KY1865,,TAYLOR,BLVD,,,WOODLAWN,,,,,38.181394187,-85.783515957,5.160,4/6/2022 12:00:00 AM,1647,4,4,0,0,RAINING,WET,False,ANGLE COLLISION - OTHER,ANGLE,STRAIGHT & LEVEL,DAYLIGHT,,,4/7/2022 8:23:16 AM,False,7435,Accepted,
29913946,0568000,LOUISVILLE METRO POLICE DEPT,Accepted,JEFFERSON,KY1020,,3RD,ST,S,,,,,,,38.208843597,-85.763228038,9.771,4/6/2022 12:00:00 AM,1441,2,2,0,1,RAINING,WET,False,REAR END IN TRAFFIC LANES BOTH VEHICLES MOVING,REAR END,STRAIGHT & LEVEL,DAYLIGHT,,,4/8/2022 8:31:35 AM,False,7398,Accepted,
29913948,0568000,LOUISVILLE METRO POLICE DEPT,Accepted,JEFFERSON,KY1865,,TAYLOR,BLVD,,,LEHIGH,,,,,38.180517165,-85.783394950,5.097,4/6/2022 12:00:00 AM,1007,2,2,0,0,CLEAR,WET,False,ANGLE COLLISION - OTHER,ANGLE,STRAIGHT & LEVEL,DAYLIGHT,,,4/8/2022 8:31:42 AM,False,5123,Accepted,
29932677,0568000,LOUISVILLE METRO POLICE DEPT,Accepted,JEFFERSON,,,DIXIE,HWY,,,,,,,,38.234688283,-85.787918510,1.031,4/6/2022 12:00:00 AM,1132,2,2,0,0,CLEAR,WET,True,1 VEHICLE ENTERING/LEAVING ENTRANCE,ANGLE,STRAIGHT & LEVEL,DAYLIGHT,,,4/13/2022 8:24:41 AM,False,5114,Accepted,
29936698,0568000,LOUISVILLE METRO POLICE DEPT,Accepted,JEFFERSON,,,MAYNA,DR,,KY1727,TERRY,,,,,38.157962787,-85.867669817,0.002,4/6/2022 12:00:00 AM,1946,2,2,0,1,RAINING,WET,False,OPPOSING LEFT TURN,OPPOSING LEFT TURN,STRAIGHT & LEVEL,DARK-HWY LIGHTED/ON,,,4/14/2022 8:34:43 AM,False,5224,Accepted,
29950642,0568000,LOUISVILLE METRO POLICE DEPT,Accepted,JEFFERSON,US0031W,,DR W J HODGE,ST,,,,,,,,38.240124681,-85.788131105,19.034,4/6/2022 12:00:00 AM,1745,2,2,0,0,CLEAR,DRY,False,1 VEHICLE ENTERING/LEAVING ENTRANCE,ANGLE,STRAIGHT & LEVEL,DAYLIGHT,,,4/18/2022 8:20:12 AM,False,5114,Accepted,
29950652,0568000,LOUISVILLE METRO POLICE DEPT,Accepted,JEFFERSON,KY0061,2508,PRESTON,HWY,,,,,PARKWAY,,CLARKS,38.212267538,-85.741079903,9.901,4/6/2022 12:00:00 AM,1040,1,1,0,0,RAINING,WET,False,COLLISION WITH FIXED OBJECT NON - INTERSECTION - FIRST EVENT COLLISION 09 - 32 EXCLUDING 16,SINGLE VEHICLE,STRAIGHT & LEVEL,DAYLIGHT,,,4/18/2022 8:21:18 AM,False,7938,Accepted,
29960486,0568000,LOUISVILLE METRO POLICE DEPT,Accepted,JEFFERSON,US0031E,,MARKET,ST,E,KY0061,PRESTON,,,,,38.254066490,-85.746082066,17.374,4/5/2022 12:00:00 AM,1310,2,2,0,0,CLEAR,DRY,False,ANGLE COLLISION - OTHER,ANGLE,STRAIGHT & LEVEL,DAYLIGHT,,,4/20/2022 8:19:02 AM,False,7058,Accepted,
29922971,0568000,LOUISVILLE METRO POLICE DEPT,Accepted,JEFFERSON,KY1727,,TERRY,RD,,,,,,,,38.143752258,-85.872039744,1.526,4/5/2022 12:00:00 AM,1135,3,3,0,2,RAINING,WET,False,REAR END IN TRAFFIC LANES BOTH VEHICLES MOVING,REAR END,STRAIGHT & LEVEL,DAYLIGHT,,,4/11/2022 8:23:55 AM,False,5170,Accepted,
29922938,0568000,LOUISVILLE METRO POLICE DEPT,Accepted,JEFFERSON,US0031W,,2ND,ST,S,US0031E,MAIN,,,,,38.256285351,-85.753262067,22.132,4/5/2022 12:00:00 AM,1716,2,2,0,0,CLEAR,DRY,False,SIDESWIPE-SAME DIRECTION,SIDESWIPE-SAME DIRECTION,STRAIGHT & LEVEL,DAYLIGHT,,,4/11/2022 8:21:27 AM,False,5354,Accepted,
29913941,0568000,LOUISVILLE METRO POLICE DEPT,Accepted,JEFFERSON,,,TOPPILL,RD,,,,,BURNT KNOB,,BURNT KNOB,38.160971545,-85.785901433,0.119,4/5/2022 12:00:00 AM,1530,1,1,0,0,CLOUDY,WET,False,COLLISION WITH FIXED OBJECT NON - INTERSECTION - FIRST EVENT COLLISION 09 - 32 EXCLUDING 16,SINGLE VEHICLE,STRAIGHT & LEVEL,DAYLIGHT,,,4/8/2022 8:31:15 AM,False,7426,Accepted,
29909604,0568000,LOUISVILLE METRO POLICE DEPT,Accepted,JEFFERSON,US0031E,,MARKET,ST,E,,FLOYD,,,,,38.254255782,-85.748159126,17.485,4/5/2022 12:00:00 AM,1828,2,2,0,0,CLOUDY,WET,False,ANGLE COLLISION - ONE VEHICLE TURNING RIGHT,ANGLE,STRAIGHT & LEVEL,DAYLIGHT,,,4/7/2022 8:20:03 AM,False,7229,Accepted,
29909610,0568000,LOUISVILLE METRO POLICE DEPT,Accepted,JEFFERSON,KY2054,,ALGONQUIN,PKWY,,,16TH,,,,,38.222234185,-85.782877735,2.164,4/5/2022 12:00:00 AM,1120,2,2,0,0,CLOUDY,DRY,False,ANGLE COLLISION - OTHER,ANGLE,STRAIGHT & LEVEL,DAYLIGHT,,,4/7/2022 8:20:34 AM,False,2469,Accepted,
29905467,0568000,LOUISVILLE METRO POLICE DEPT,Accepted,JEFFERSON,I 0065,,I65 N,,,,,,,,,38.209208679,-85.752654363,132.695,4/5/2022 12:00:00 AM,0546,1,1,0,0,RAINING,WET,False,OTHER ROADWAY OR MID-BLOCK COLLISION,SINGLE VEHICLE,STRAIGHT & LEVEL,DARK-HWY LIGHTED/ON,,,4/6/2022 8:06:15 AM,False,5349,Accepted,
29905473,0568000,LOUISVILLE METRO POLICE DEPT,Accepted,JEFFERSON,I 0265,,I265 E,,,,,I 0265,I265 E EXIT15 ON RAMP FROM KY864,I 0265,I265 E EXIT17 OFF RAMP TO US31E,38.132076061,-85.600868618,16.114,4/5/2022 12:00:00 AM,1844,1,1,0,0,CLOUDY,WET,False,OTHER COLLISIONS ON SHOULDER,SINGLE VEHICLE,STRAIGHT & LEVEL,DAYLIGHT,,,4/6/2022 8:06:33 AM,False,5141,Accepted,
29905442,0568000,LOUISVILLE METRO POLICE DEPT,Accepted,JEFFERSON,,,PAYNE,ST,,,,,CLIFTON,,BELLAIRE,38.252468453,-85.708625412,1.342,4/5/2022 12:00:00 AM,1500,2,2,0,0,RAINING,WET,False,1 VEHICLE PARKED POSITION (NOT PARKING LOT/DRIVEWAY),REAR END,STRAIGHT & LEVEL,DAYLIGHT,,,4/6/2022 8:03:49 AM,False,7128,Accepted,