IncidentID,AgencyORI,AgencyName,IncidentStatusDesc,County,RdwyNumber,Street,RoadwayName,StreetSfx,StreetDir,IntersectionRdwy,IntersectionRdwyName,BetweenStRdwy1,BetweenStRdwyName1,BetweenStRdwy2,BetweenStRdwyName2,Latitude,Longitude,Milepoint,CollisionDate,CollisionTime,UnitsInvolved,MotorVehiclesInvolved,NumberKilled,NumberInjured,Weather,RdwyConditionCode,HitandRun,DirAnalysisCode,MannerofCollision,RdwyCharacter,LightCondition,RampFromRdwyId,RampToRdwyId,AcceptedDate,IsSecondaryCollision,OwnerBadge,IncidentStatus,
29905451,0568000,LOUISVILLE METRO POLICE DEPT,Accepted,JEFFERSON,KY2054,,ALGONQUIN,PKWY,,,WINGFIELD,,,,,38.222553921,-85.784411599,2.080,4/5/2022 12:00:00 AM,1734,2,2,0,0,RAINING,WET,False,OTHER INTERSECTION COLLISIONS,REAR END,STRAIGHT & LEVEL,DAYLIGHT,,,4/6/2022 8:04:40 AM,False,5416,Accepted,
29905459,0568000,LOUISVILLE METRO POLICE DEPT,Accepted,JEFFERSON,KY0907,,SOUTHSIDE,DR,,,WOODMORE,,,,,38.149677880,-85.770214360,6.694,4/5/2022 12:00:00 AM,1640,2,2,0,0,CLOUDY,WET,False,ANGLE COLLISION - OTHER,ANGLE,STRAIGHT & LEVEL,DAYLIGHT,,,4/6/2022 8:05:36 AM,False,7234,Accepted,
29905441,0568000,LOUISVILLE METRO POLICE DEPT,Accepted,JEFFERSON,,,TREVILIAN,WAY,,,,,,,,38.212728693,-85.702798358,1.864,4/5/2022 12:00:00 AM,1413,2,2,0,0,RAINING,WET,False,SIDESWIPE COLLISION - OPPOSITE DIRECTION,SIDESWIPE-OPPOSITE DIRECTION,CURVE & LEVEL,DAYLIGHT,,,4/6/2022 8:03:45 AM,False,7652,Accepted,
29905448,0568000,LOUISVILLE METRO POLICE DEPT,Accepted,JEFFERSON,I 0265,,I265 S,,,I 0064,I64 W EXIT19A RAMP TO I265 S,,,,,38.223158091,-85.505714659,25.475,4/5/2022 12:00:00 AM,1607,3,3,0,0,RAINING,WET,True,SIDESWIPE-SAME DIRECTION,SIDESWIPE-SAME DIRECTION,STRAIGHT & LEVEL,DAYLIGHT,,,4/6/2022 8:04:21 AM,False,7529,Accepted,
29905449,0568000,LOUISVILLE METRO POLICE DEPT,Accepted,JEFFERSON,,3605,CHENOWETH RUN,RD,,,,,,,,38.186786633,-85.552411551,0.944,4/5/2022 12:00:00 AM,1155,2,2,0,0,RAINING,WET,False,COLLISION IN PARKING LOT,BACKING,STRAIGHT & LEVEL,DAYLIGHT,,,4/6/2022 8:04:26 AM,False,2324,Accepted,
29905450,0568000,LOUISVILLE METRO POLICE DEPT,Accepted,JEFFERSON,KY0864,,FEGENBUSH,LN,,,OLD FEGENBUSH,,,,,38.152434377,-85.631492211,5.737,4/5/2022 12:00:00 AM,1605,2,2,0,1,RAINING,WET,False,ANGLE COLLISION - OTHER,ANGLE,STRAIGHT & HILLCREST,DAYLIGHT,,,4/6/2022 8:04:30 AM,False,2324,Accepted,
29905456,0568000,LOUISVILLE METRO POLICE DEPT,Accepted,JEFFERSON,,,6TH,ST,S,,ORMSBY,,,,,38.233208488,-85.764170662,1.651,4/5/2022 12:00:00 AM,1415,2,2,0,0,RAINING,WET,False,ANGLE COLLISION - OTHER,ANGLE,STRAIGHT & LEVEL,DAYLIGHT,,,4/6/2022 8:05:14 AM,False,7495,Accepted,
29905457,0568000,LOUISVILLE METRO POLICE DEPT,Accepted,JEFFERSON,,,CHENOWETH RUN,RD,,,,,,,,38.180670922,-85.549635167,1.388,4/5/2022 12:00:00 AM,1824,2,2,0,0,RAINING,WET,True,SIDESWIPE COLLISION - OPPOSITE DIRECTION,SIDESWIPE-OPPOSITE DIRECTION,CURVE & LEVEL,DAYLIGHT,,,4/6/2022 8:05:20 AM,False,7755,Accepted,
29905458,0568000,LOUISVILLE METRO POLICE DEPT,Accepted,JEFFERSON,KY1934,,GREENBELT,HWY,,KY1230,DOVER,,,,,38.175938107,-85.868668890,6.792,4/5/2022 12:00:00 AM,1342,3,3,0,2,RAINING,WET,False,ANGLE COLLISION - OTHER,ANGLE,STRAIGHT & LEVEL,DAYLIGHT,,,4/6/2022 8:05:26 AM,False,7234,Accepted,
29905464,0568000,LOUISVILLE METRO POLICE DEPT,Accepted,JEFFERSON,,,LOWER HUNTERS,TRCE,,,HESS,,,,,38.156959580,-85.843239983,0.476,4/5/2022 12:00:00 AM,2107,2,2,0,0,CLEAR,WET,False,HEAD-ON COLLISION,HEAD ON,STRAIGHT & LEVEL,DARK-HWY LIGHTED/ON,,,4/6/2022 8:06:04 AM,False,5224,Accepted,
29905465,0568000,LOUISVILLE METRO POLICE DEPT,Accepted,JEFFERSON,KY1703,2805,NEWBURG,RD,,,,,,,,38.209459849,-85.693743993,2.883,4/5/2022 12:00:00 AM,2127,2,2,0,2,CLOUDY,WET,False,HEAD-ON COLLISION,HEAD ON,STRAIGHT & LEVEL,DARK-HWY LIGHTED/ON,,,4/6/2022 8:06:08 AM,False,5402,Accepted,
29905466,0568000,LOUISVILLE METRO POLICE DEPT,Accepted,JEFFERSON,I 0264,,I264 W,,,,,I 0264,I264 W EXIT18B OFF RAMP TO KY1932 N,I 0064,I64 W EXIT19 RAMP TO I64,38.231179373,-85.631300034,18.230,4/5/2022 12:00:00 AM,0559,2,2,0,0,RAINING,WET,False,SIDESWIPE COLLISION - SAME DIRECTION,SIDESWIPE-SAME DIRECTION,STRAIGHT & LEVEL,DARK-HWY LIGHTED/ON,,,4/6/2022 8:06:12 AM,False,2816,Accepted,
29922958,0568000,LOUISVILLE METRO POLICE DEPT,Accepted,JEFFERSON,I 0065,,I65 S,,,,,,,,,38.224662922,-85.751269661,133.772,4/5/2022 12:00:00 AM,1641,3,3,0,0,RAINING,WET,False,OTHER ROADWAY OR MID-BLOCK COLLISION,REAR TO REAR,STRAIGHT & LEVEL,DAYLIGHT,,,4/11/2022 8:22:55 AM,False,5052,Accepted,
29909631,0568000,LOUISVILLE METRO POLICE DEPT,Accepted,JEFFERSON,I 0064,,I64 E,,,,,,,,,38.265356268,-85.777305760,3.201,4/5/2022 12:00:00 AM,1531,2,2,0,0,RAINING,WET,False,SIDESWIPE COLLISION - SAME DIRECTION,SIDESWIPE-SAME DIRECTION,STRAIGHT & LEVEL,DAYLIGHT,,,4/7/2022 8:22:13 AM,False,2142,Accepted,
29905472,0568000,LOUISVILLE METRO POLICE DEPT,Accepted,JEFFERSON,,,7TH,ST,S,,HILL,,,,,38.226778666,-85.769007766,0.657,4/5/2022 12:00:00 AM,1956,2,2,0,0,CLEAR,DRY,True,OPPOSITE DIRECTION - BOTH VEHICLES GOING STRAIGHT AHEAD,SIDESWIPE-OPPOSITE DIRECTION,STRAIGHT & LEVEL,DAYLIGHT,,,4/6/2022 8:06:28 AM,False,5378,Accepted,
29905461,0568000,LOUISVILLE METRO POLICE DEPT,Accepted,JEFFERSON,US0031E,3420,BARDSTOWN,RD,,,,,,,,38.204380577,-85.665687506,11.479,4/5/2022 12:00:00 AM,1609,2,2,0,0,RAINING,WET,False,COLLISION IN PARKING LOT,BACKING,STRAIGHT & LEVEL,DAYLIGHT,,,4/6/2022 8:05:53 AM,False,5286,Accepted,
29905462,0568000,LOUISVILLE METRO POLICE DEPT,Accepted,JEFFERSON,KY1931,,MANSLICK,RD,,,LANCE,,,,,38.183586121,-85.800202359,7.539,4/5/2022 12:00:00 AM,0744,2,2,0,3,RAINING,WET,False,ANGLE COLLISION - OTHER,ANGLE,STRAIGHT & GRADE,DAYLIGHT,,,4/6/2022 8:05:57 AM,False,7471,Accepted,
29905470,0568000,LOUISVILLE METRO POLICE DEPT,Accepted,JEFFERSON,KY0061,,PRESTON,HWY,,KY1450,BLUE LICK,,,,,38.133625398,-85.684108246,3.624,4/5/2022 12:00:00 AM,1910,2,2,0,0,CLEAR,WET,False,OTHER INTERSECTION COLLISIONS,REAR END,STRAIGHT & LEVEL,DAYLIGHT,,,4/6/2022 8:06:19 AM,False,5314,Accepted,
29905447,0568000,LOUISVILLE METRO POLICE DEPT,Accepted,JEFFERSON,I 0065,,I65 N,,,,,,,,,38.151686395,-85.714676803,127.832,4/5/2022 12:00:00 AM,0820,2,2,0,0,RAINING,WET,False,1 VEHICLE PARKED POSITION (NOT PARKING LOT/DRIVEWAY),REAR END,STRAIGHT & LEVEL,DAYLIGHT,,,4/6/2022 8:04:16 AM,False,7462,Accepted,
29905455,0568000,LOUISVILLE METRO POLICE DEPT,Accepted,JEFFERSON,KY1934,,GREENBELT,HWY,,,LOWER HUNTERS,,,,,38.170151571,-85.875988944,6.204,4/5/2022 12:00:00 AM,1750,2,2,0,0,RAINING,WET,True,OTHER INTERSECTION COLLISIONS,REAR END,STRAIGHT & LEVEL,DAYLIGHT,,,4/6/2022 8:05:10 AM,False,7336,Accepted,
29905463,0568000,LOUISVILLE METRO POLICE DEPT,Accepted,JEFFERSON,US0031W,,DIXIE,HWY,,,MARYMAN,,,,,38.132760191,-85.846222570,10.731,4/5/2022 12:00:00 AM,2018,3,3,0,0,CLEAR,WET,False,REAR END - ONE VEHICLE TURNING RIGHT,REAR END,STRAIGHT & LEVEL,DUSK,,,4/6/2022 8:06:00 AM,False,5121,Accepted,
29905443,0568000,LOUISVILLE METRO POLICE DEPT,Accepted,JEFFERSON,US0150,701,BROADWAY,,E,,,,,,,38.244869612,-85.741536710,3.301,4/5/2022 12:00:00 AM,1204,2,2,0,0,RAINING,WET,False,1 VEHICLE PARKED POSITION (NOT PARKING LOT/DRIVEWAY),SIDESWIPE-OPPOSITE DIRECTION,STRAIGHT & LEVEL,DAYLIGHT,,,4/6/2022 8:03:57 AM,False,7904,Accepted,
29905444,0568000,LOUISVILLE METRO POLICE DEPT,Accepted,JEFFERSON,KY0061,,PRESTON,HWY,,,MAPLE SPRING,,,,,38.099862676,-85.671206455,1.131,4/5/2022 12:00:00 AM,1220,2,2,0,1,RAINING,WET,False,ANGLE COLLISION - OTHER,ANGLE,STRAIGHT & LEVEL,DAYLIGHT,,,4/6/2022 8:04:01 AM,False,2583,Accepted,
29905460,0568000,LOUISVILLE METRO POLICE DEPT,Accepted,JEFFERSON,US0031W,,DIXIE,HWY,,,MARYMAN,,,,,38.132839087,-85.846181977,10.726,4/5/2022 12:00:00 AM,1853,2,2,0,1,CLOUDY,WET,False,HEAD-ON COLLISION,HEAD ON,STRAIGHT & LEVEL,DAYLIGHT,,,4/6/2022 8:05:48 AM,False,7234,Accepted,
29924361,0568000,LOUISVILLE METRO POLICE DEPT,Accepted,JEFFERSON,I 0065,,I65 N,,,,,,,,,38.182585792,-85.722158510,130.075,4/5/2022 12:00:00 AM,0728,1,1,0,1,RAINING,WET,False,OTHER ROADWAY OR MID-BLOCK COLLISION,SINGLE VEHICLE,STRAIGHT & LEVEL,DAWN,,,4/11/2022 11:57:45 AM,False,5173,Accepted,
29932658,0568000,LOUISVILLE METRO POLICE DEPT,Accepted,JEFFERSON,I 0065,,I65 S,,,,,,,,,38.173785274,-85.720267379,129.426,4/5/2022 12:00:00 AM,1626,3,3,0,0,RAINING,WET,True,SIDESWIPE COLLISION - SAME DIRECTION,SIDESWIPE-SAME DIRECTION,STRAIGHT & LEVEL,DAYLIGHT,,,4/13/2022 8:22:52 AM,False,7383,Accepted,
29932657,0568000,LOUISVILLE METRO POLICE DEPT,Accepted,JEFFERSON,,4945,QUAIL HOLLOW,RD,,,,,,,,38.179509884,-85.694456622,0.062,4/5/2022 12:00:00 AM,1300,2,2,0,0,RAINING,WET,True,COLLISION IN PARKING LOT,BACKING,STRAIGHT & LEVEL,DAYLIGHT,,,4/13/2022 8:22:48 AM,False,7383,Accepted,
29936703,0568000,LOUISVILLE METRO POLICE DEPT,Accepted,JEFFERSON,KY1931,7828,ST ANDREWS CHURCH,RD,,,ST ANTHONY CHURCH,,,,,38.150595371,-85.821706114,4.266,4/5/2022 12:00:00 AM,0438,1,1,0,1,CLOUDY,WET,False,COLLISION WITH FIXED OBJECT IN INTERSECTION - FIRST EVENT COLLISION 09 - 32,SINGLE VEHICLE,STRAIGHT & LEVEL,DARK (UNKNOWN ROADWAY LIGHTING),,,4/14/2022 8:35:02 AM,False,5223,Accepted,
29936460,0566900,LOUISVILLE AIRPORT POLICE,Accepted,JEFFERSON,,,TERMINAL,DR,,,,,,,,38.186253400,-85.742672639,0.252,4/4/2022 12:00:00 AM,0625,2,2,0,0,CLEAR,DRY,True,COLLISION IN PARKING LOT,SIDESWIPE-SAME DIRECTION,STRAIGHT & LEVEL,DARK-HWY LIGHTED/ON,,,4/14/2022 7:23:55 AM,False,5826,Accepted,
29905453,0568000,LOUISVILLE METRO POLICE DEPT,Accepted,JEFFERSON,KY0864,,POPLAR LEVEL,RD,,,HESS,,,,,38.212041953,-85.720930455,12.717,4/4/2022 12:00:00 AM,1545,2,2,0,0,CLOUDY,DRY,False,OPPOSING LEFT TURN,OPPOSING LEFT TURN,CURVE & HILLCREST,DAYLIGHT,,,4/6/2022 8:04:59 AM,False,7383,Accepted,
29905454,0568000,LOUISVILLE METRO POLICE DEPT,Accepted,JEFFERSON,,10726,MEETING,ST,,,,,,,,38.326201010,-85.566934329,0.367,4/4/2022 12:00:00 AM,1620,2,2,0,0,CLEAR,DRY,True,1 VEHICLE PARKED POSITION (NOT PARKING LOT/DRIVEWAY),HEAD ON,STRAIGHT & LEVEL,DAYLIGHT,,,4/6/2022 8:05:07 AM,False,7633,Accepted,
29905446,0568000,LOUISVILLE METRO POLICE DEPT,Accepted,JEFFERSON,,,MUHAMMAD ALI,BLVD,E,KY0061,PRESTON,,,,,38.250011959,-85.746791178,0.721,4/4/2022 12:00:00 AM,1341,2,2,0,1,CLOUDY,DRY,False,ANGLE COLLISION - OTHER,ANGLE,STRAIGHT & LEVEL,DAYLIGHT,,,4/6/2022 8:04:12 AM,False,5335,Accepted,
29901017,0568000,LOUISVILLE METRO POLICE DEPT,Accepted,JEFFERSON,,,GRINSTEAD,DR,,,GALT,,,,,38.248660124,-85.694731014,0.615,4/4/2022 12:00:00 AM,2141,1,1,0,0,CLEAR,DRY,False,COLLISION WITH FIXED OBJECT IN INTERSECTION - FIRST EVENT COLLISION 09 - 32,SINGLE VEHICLE,STRAIGHT & LEVEL,DARK-HWY LIGHTED/ON,,,4/5/2022 8:11:27 AM,False,5029,Accepted,
29901018,0568000,LOUISVILLE METRO POLICE DEPT,Accepted,JEFFERSON,KY0907,,3RD ST,RD,,,LAKERIDGE,,,,,38.116473452,-85.812141194,3.372,4/4/2022 12:00:00 AM,2247,2,2,0,2,RAINING,WET,False,ANGLE COLLISION - OTHER,ANGLE,STRAIGHT & LEVEL,DARK-HWY LIGHTED/ON,,,4/5/2022 8:11:31 AM,False,7115,Accepted,
29901015,0568000,LOUISVILLE METRO POLICE DEPT,Accepted,JEFFERSON,KY2052,,SHEPHERDSVILLE,RD,,KY1747,FERN VALLEY,,,,,38.156091787,-85.659786609,1.213,4/4/2022 12:00:00 AM,0026,3,3,0,4,CLEAR,DRY,False,HEAD-ON COLLISION,HEAD ON,STRAIGHT & LEVEL,DARK-HWY LIGHTED/ON,,,4/5/2022 8:11:19 AM,False,5341,Accepted,
29901016,0568000,LOUISVILLE METRO POLICE DEPT,Accepted,JEFFERSON,KY1065,,OUTER,LOOP,,,GRADE,,,,,38.129988406,-85.737112804,3.195,4/4/2022 12:00:00 AM,0635,4,4,0,0,CLEAR,DRY,False,ANGLE COLLISION - OTHER,ANGLE,STRAIGHT & LEVEL,DAWN,,,4/5/2022 8:11:23 AM,False,5341,Accepted,
29905920,0560600,WEST BUECHEL POLICE DEPT.,Accepted,JEFFERSON,,2100,BASHFORD MANOR,LN,,,,,,,,38.201028740,-85.668212997,0.242,4/4/2022 12:00:00 AM,1800,2,2,0,0,CLEAR,DRY,False,1 VEHICLE PARKED POSITION (NOT PARKING LOT/DRIVEWAY),ANGLE,STRAIGHT & LEVEL,DAYLIGHT,,,4/6/2022 10:34:08 AM,False,1300,Accepted,
29909633,0568000,LOUISVILLE METRO POLICE DEPT,Accepted,JEFFERSON,I 0264,,I264 E,,,I 0264,I264 E EXIT15 ON RAMP FROM KY1703,,,,,38.203340115,-85.684201645,14.782,4/4/2022 12:00:00 AM,0517,2,2,0,1,CLEAR,DRY,False,OTHER INTERSECTION COLLISIONS,REAR END,CURVE & LEVEL,DARK-HWY LIGHTED/ON,,,4/7/2022 8:22:26 AM,False,7049,Accepted,
29914479,0561500,UNIV. OF LOUISVILLE POLICE,Accepted,JEFFERSON,,,1ST,ST,S,,,,,,,38.219863067,-85.758011967,2.556,4/4/2022 12:00:00 AM,0920,1,1,0,0,CLEAR,DRY,False,COLLISION WITH FIXED OBJECT NON - INTERSECTION - FIRST EVENT COLLISION 09 - 32 EXCLUDING 16,SINGLE VEHICLE,STRAIGHT & LEVEL,DAYLIGHT,,,4/8/2022 12:01:50 PM,False,5712,Accepted,
29932653,0568000,LOUISVILLE METRO POLICE DEPT,Accepted,JEFFERSON,US0060A,,TAYLOR,BLVD,,,,,SOUTHGATE,,OLEANDA,38.201551044,-85.782170572,1.883,4/4/2022 12:00:00 AM,2157,2,1,1,0,CLOUDY,DRY,True,COLLISION WITH PEDESTRIAN NON - INTERSECTION,SINGLE VEHICLE,CURVE & LEVEL,DARK-HWY LIGHTED/ON,,,4/13/2022 8:22:29 AM,False,7720,Accepted,
29901013,0568000,LOUISVILLE METRO POLICE DEPT,Accepted,JEFFERSON,KY2053,,MT WASHINGTON,RD,,,STANDIFORD PLAZA,,,,,38.092616317,-85.667297519,0.114,4/4/2022 12:00:00 AM,1414,2,2,0,0,CLOUDY,DRY,False,ANGLE COLLISION - OTHER,ANGLE,STRAIGHT & LEVEL,DAYLIGHT,,,4/5/2022 8:11:09 AM,False,2324,Accepted,
29901014,0568000,LOUISVILLE METRO POLICE DEPT,Accepted,JEFFERSON,KY1747,2051,HURSTBOURNE,PKWY,S,,,,,,,38.217138938,-85.587772719,11.239,4/4/2022 12:00:00 AM,1830,2,2,0,0,CLEAR,DRY,True,SIDESWIPE COLLISION - SAME DIRECTION,SIDESWIPE-SAME DIRECTION,STRAIGHT & LEVEL,DAYLIGHT,,,4/5/2022 8:11:13 AM,False,5286,Accepted,
29901011,0568000,LOUISVILLE METRO POLICE DEPT,Accepted,JEFFERSON,KY1934,,CANE RUN,RD,,KY2051,LEES,,,,,38.183905057,-85.855214954,7.804,4/4/2022 12:00:00 AM,0906,2,2,0,0,CLOUDY,DRY,False,COLLISION WITH FIXED OBJECT IN INTERSECTION - FIRST EVENT COLLISION 09 - 32,ANGLE,STRAIGHT & LEVEL,DAYLIGHT,,,4/5/2022 8:11:02 AM,False,5100,Accepted,
29901012,0568000,LOUISVILLE METRO POLICE DEPT,Accepted,JEFFERSON,,,BROADWAY,,W,,28TH,,,,,38.249557696,-85.797400819,0.501,4/4/2022 12:00:00 AM,1035,2,2,0,0,CLEAR,WET,False,OPPOSING LEFT TURN,OPPOSING LEFT TURN,STRAIGHT & LEVEL,DAYLIGHT,,,4/5/2022 8:11:06 AM,False,5421,Accepted,
29901019,0568000,LOUISVILLE METRO POLICE DEPT,Accepted,JEFFERSON,,,OAK,ST,W,,7TH,,,,,38.235551137,-85.765796447,0.573,4/4/2022 12:00:00 AM,2010,2,2,0,1,CLEAR,DRY,True,HEAD-ON COLLISION,HEAD ON,STRAIGHT & LEVEL,DAYLIGHT,,,4/5/2022 8:11:36 AM,False,5267,Accepted,
29901021,0568000,LOUISVILLE METRO POLICE DEPT,Accepted,JEFFERSON,,434,OAK,ST,E,,,,,,,38.234249921,-85.748100597,0.400,4/4/2022 12:00:00 AM,0448,3,3,0,1,CLEAR,DRY,False,1 VEHICLE PARKED POSITION (NOT PARKING LOT/DRIVEWAY),REAR END,STRAIGHT & LEVEL,DARK (UNKNOWN ROADWAY LIGHTING),,,4/5/2022 8:11:42 AM,False,5050,Accepted,
29905440,0568000,LOUISVILLE METRO POLICE DEPT,Accepted,JEFFERSON,,1012,FLOYD,ST,S,,,,,,,38.237871489,-85.751008954,1.240,4/4/2022 12:00:00 AM,1722,2,2,0,0,CLEAR,DRY,False,1 VEHICLE ENTERING/LEAVING ENTRANCE,ANGLE,STRAIGHT & LEVEL,DAYLIGHT,,,4/6/2022 8:03:41 AM,False,5120,Accepted,
29909634,0568000,LOUISVILLE METRO POLICE DEPT,Accepted,JEFFERSON,,,CHESTNUT,ST,E,,FLOYD,,,,,38.248009526,-85.749241209,0.201,4/3/2022 12:00:00 AM,0652,2,2,0,0,CLEAR,DRY,False,ANGLE COLLISION - ONE VEHICLE TURNING LEFT,ANGLE,STRAIGHT & LEVEL,DAYLIGHT,,,4/7/2022 8:22:31 AM,False,5348,Accepted,
29901747,0561500,UNIV. OF LOUISVILLE POLICE,Accepted,JEFFERSON,,2550,FLOYD,ST,S,,,,,,,38.204735780,-85.756911609,3.515,4/3/2022 12:00:00 AM,1847,2,2,0,0,CLEAR,DRY,True,COLLISION IN PARKING LOT,SIDESWIPE-OPPOSITE DIRECTION,STRAIGHT & LEVEL,DAYLIGHT,,,4/5/2022 11:15:50 AM,False,5708,Accepted,
29909645,0568000,LOUISVILLE METRO POLICE DEPT,Accepted,JEFFERSON,,,CARRICO,AVE,,,,,,,,38.184926268,-85.785702708,0.283,4/3/2022 12:00:00 AM,0111,2,2,0,0,CLEAR,DRY,True,1 VEHICLE PARKED POSITION (NOT PARKING LOT/DRIVEWAY),REAR END,STRAIGHT & LEVEL,DARK-HWY LIGHTED/ON,,,4/7/2022 8:23:12 AM,False,7010,Accepted,
29913947,0568000,LOUISVILLE METRO POLICE DEPT,Accepted,JEFFERSON,KY1020,,3RD,ST,S,,S BROOK CONNECTOR,,,,,38.207524958,-85.763472237,9.676,4/3/2022 12:00:00 AM,1815,3,3,0,3,CLEAR,DRY,False,ANGLE COLLISION - OTHER,ANGLE,STRAIGHT & LEVEL,DAYLIGHT,,,4/8/2022 8:31:38 AM,False,7398,Accepted,
29896264,0568000,LOUISVILLE METRO POLICE DEPT,Accepted,JEFFERSON,KY1934,,CANE RUN,RD,,,SHANKS,,,,,38.195384082,-85.842645752,8.790,4/3/2022 12:00:00 AM,0238,2,2,0,0,CLEAR,DRY,True,OTHER INTERSECTION COLLISIONS,REAR END,STRAIGHT & LEVEL,DARK-HWY LIGHTED/ON,,,4/4/2022 8:32:10 AM,False,5212,Accepted,
29896272,0568000,LOUISVILLE METRO POLICE DEPT,Accepted,JEFFERSON,,,KLONDIKE,LN,,,MID DALE,,,,,38.209405933,-85.639112704,0.832,4/3/2022 12:00:00 AM,0452,1,1,0,0,CLEAR,DRY,False,COLLISION WITH FIXED OBJECT IN INTERSECTION - FIRST EVENT COLLISION 09 - 32,SINGLE VEHICLE,STRAIGHT & LEVEL,DARK-HWY LIGHTED/ON,,,4/4/2022 8:32:34 AM,False,5305,Accepted,
29896289,0568000,LOUISVILLE METRO POLICE DEPT,Accepted,JEFFERSON,,,24TH,ST,S,,ELLIOTT,,,,,38.250403435,-85.791422772,0.701,4/3/2022 12:00:00 AM,2123,2,2,0,0,CLEAR,DRY,False,ANGLE COLLISION - OTHER,ANGLE,STRAIGHT & LEVEL,DARK-HWY LIGHTED/ON,,,4/4/2022 8:33:47 AM,False,5135,Accepted,
29901004,0568000,LOUISVILLE METRO POLICE DEPT,Accepted,JEFFERSON,,,CHAMBERLAIN,LN,,KY1447,WESTPORT,,,,,38.299333119,-85.541742755,2.110,4/3/2022 12:00:00 AM,1000,3,3,0,2,CLEAR,DRY,False,ANGLE COLLISION - OTHER,ANGLE,STRAIGHT & LEVEL,DAYLIGHT,,,4/5/2022 8:10:28 AM,False,7631,Accepted,
29896267,0568000,LOUISVILLE METRO POLICE DEPT,Accepted,JEFFERSON,,,ELLISON,AVE,,,,,DANDRIDGE,,KRIEGER,38.232003055,-85.736466581,0.036,4/3/2022 12:00:00 AM,0209,3,3,0,0,CLEAR,DRY,False,1 VEHICLE PARKED POSITION (NOT PARKING LOT/DRIVEWAY),SIDESWIPE-SAME DIRECTION,STRAIGHT & GRADE,DARK-HWY LIGHTED/ON,,,4/4/2022 8:32:20 AM,False,7527,Accepted,
29896276,0568000,LOUISVILLE METRO POLICE DEPT,Accepted,JEFFERSON,,608,LANDIS RIDGE,DR,,,,,,,,38.234883880,-85.501180535,0.102,4/3/2022 12:00:00 AM,0314,2,2,0,0,CLEAR,DRY,True,COLLISION IN PARKING LOT,ANGLE,STRAIGHT & LEVEL,DARK-HWY LIGHTED/ON,,,4/4/2022 8:32:47 AM,False,5128,Accepted,
29896291,0568000,LOUISVILLE METRO POLICE DEPT,Accepted,JEFFERSON,,,6TH,ST,S,,CEDAR,,,,,38.252810362,-85.760602433,0.289,4/3/2022 12:00:00 AM,0530,2,2,0,1,CLEAR,DRY,False,COLLISION WITH PARKED VEHICLE,REAR END,STRAIGHT & LEVEL,DARK-HWY LIGHTED/ON,,,4/4/2022 8:33:56 AM,False,5268,Accepted,
29896300,0568000,LOUISVILLE METRO POLICE DEPT,Accepted,JEFFERSON,KY0061,,JACKSON,ST,S,,,,,,,38.228518357,-85.748652424,11.098,4/3/2022 12:00:00 AM,0146,2,2,0,0,CLEAR,DRY,False,1 VEHICLE PARKED POSITION (NOT PARKING LOT/DRIVEWAY),SIDESWIPE-SAME DIRECTION,STRAIGHT & LEVEL,DARK-HWY LIGHTED/ON,,,4/4/2022 8:34:42 AM,False,5385,Accepted,
29909605,0568000,LOUISVILLE METRO POLICE DEPT,Accepted,JEFFERSON,US0060A,,BERRY,BLVD,,,WHEELER,,,,,38.196491249,-85.788256065,1.174,4/3/2022 12:00:00 AM,1728,2,2,0,1,CLEAR,DRY,True,ANGLE COLLISION - OTHER,ANGLE,STRAIGHT & LEVEL,DAYLIGHT,,,4/7/2022 8:20:10 AM,False,5240,Accepted,
29896268,0568000,LOUISVILLE METRO POLICE DEPT,Accepted,JEFFERSON,,,4TH,ST,S,,HILL,,,,,38.226091150,-85.762024238,2.124,4/3/2022 12:00:00 AM,0044,2,2,0,3,CLEAR,DRY,True,ANGLE COLLISION - OTHER,ANGLE,STRAIGHT & LEVEL,DARK (UNKNOWN ROADWAY LIGHTING),,,4/4/2022 8:32:24 AM,False,5050,Accepted,
29896293,0568000,LOUISVILLE METRO POLICE DEPT,Accepted,JEFFERSON,KY0907,,3RD ST,RD,,,AUBURN PLACE,,,,,38.143324105,-85.778338397,6.068,4/3/2022 12:00:00 AM,2247,2,2,0,1,CLEAR,DRY,False,ANGLE COLLISION - ONE VEHICLE TURNING LEFT,ANGLE,CURVE & LEVEL,DARK (UNKNOWN ROADWAY LIGHTING),,,4/4/2022 8:34:06 AM,False,5312,Accepted,
29896294,0568000,LOUISVILLE METRO POLICE DEPT,Accepted,JEFFERSON,,4904,SADDLEBROOK,CT,,,,,,,,38.177775374,-85.850703961,0.007,4/3/2022 12:00:00 AM,2117,2,2,0,0,CLEAR,DRY,False,1 VEHICLE PARKED POSITION (NOT PARKING LOT/DRIVEWAY),BACKING,STRAIGHT & LEVEL,DARK-HWY LIGHTED/ON,,,4/4/2022 8:34:12 AM,False,5212,Accepted,