IncidentID,AgencyORI,AgencyName,IncidentStatusDesc,County,RdwyNumber,Street,RoadwayName,StreetSfx,StreetDir,IntersectionRdwy,IntersectionRdwyName,BetweenStRdwy1,BetweenStRdwyName1,BetweenStRdwy2,BetweenStRdwyName2,Latitude,Longitude,Milepoint,CollisionDate,CollisionTime,UnitsInvolved,MotorVehiclesInvolved,NumberKilled,NumberInjured,Weather,RdwyConditionCode,HitandRun,DirAnalysisCode,MannerofCollision,RdwyCharacter,LightCondition,RampFromRdwyId,RampToRdwyId,AcceptedDate,IsSecondaryCollision,OwnerBadge,IncidentStatus,
29896295,0568000,LOUISVILLE METRO POLICE DEPT,Accepted,JEFFERSON,,823,39TH,ST,S,,,,,,,38.248097741,-85.816516257,0.649,4/3/2022 12:00:00 AM,2007,4,4,0,4,CLEAR,DRY,False,1 VEHICLE PARKED POSITION (NOT PARKING LOT/DRIVEWAY),HEAD ON,STRAIGHT & LEVEL,DARK (UNKNOWN ROADWAY LIGHTING),,,4/4/2022 8:34:17 AM,False,5402,Accepted,
29896277,0568000,LOUISVILLE METRO POLICE DEPT,Accepted,JEFFERSON,I 0064,,I64 E,,,,,,,,,38.258894974,-85.749961943,4.926,4/3/2022 12:00:00 AM,0615,2,2,0,0,CLEAR,DRY,True,SIDESWIPE COLLISION - SAME DIRECTION,SIDESWIPE-SAME DIRECTION,STRAIGHT & LEVEL,DARK-HWY LIGHTED/ON,,,4/4/2022 8:32:52 AM,False,5356,Accepted,
29896285,0568000,LOUISVILLE METRO POLICE DEPT,Accepted,JEFFERSON,US0031W,,MARKET,ST,W,,15TH,,,,,38.257317424,-85.774868415,20.823,4/3/2022 12:00:00 AM,1135,2,2,0,0,CLEAR,DRY,False,ANGLE COLLISION - OTHER,ANGLE,STRAIGHT & LEVEL,DAYLIGHT,,,4/4/2022 8:33:26 AM,False,5408,Accepted,
29896287,0568000,LOUISVILLE METRO POLICE DEPT,Accepted,JEFFERSON,,,MUD,LN,,,ANTLE,,,,,38.088309358,-85.670034331,0.436,4/3/2022 12:00:00 AM,1900,2,2,0,1,CLEAR,DRY,False,OTHER INTERSECTION COLLISIONS,REAR END,STRAIGHT & LEVEL,DAYLIGHT,,,4/4/2022 8:33:39 AM,False,7486,Accepted,
29896263,0568000,LOUISVILLE METRO POLICE DEPT,Accepted,JEFFERSON,,,15TH,ST,S,,OAK,,,,,38.236655329,-85.778371095,0.781,4/3/2022 12:00:00 AM,0107,2,2,0,2,CLEAR,DRY,True,ANGLE COLLISION - OTHER,ANGLE,STRAIGHT & LEVEL,DARK-HWY LIGHTED/ON,,,4/4/2022 8:32:06 AM,False,5303,Accepted,
29893577,0561000,JEFFERSONTOWN POLICE DEPT,Accepted,JEFFERSON,I 0064,,I64 W,,,,,,,,,38.223301791,-85.558219223,16.000,4/3/2022 12:00:00 AM,0433,2,2,0,0,CLEAR,DRY,False,REAR END IN TRAFFIC LANES BOTH VEHICLES MOVING,REAR END,STRAIGHT & GRADE,DARK-HWY NOT LIGHTED,,,4/3/2022 1:52:07 PM,False,8320,Accepted,
30077732,0568000,LOUISVILLE METRO POLICE DEPT,Accepted,JEFFERSON,KY1065,,OUTER,LOOP,,,NOLTEMEYER WYNDE,,,,,38.138299567,-85.680480814,6.415,4/3/2022 12:00:00 AM,2134,2,1,0,0,CLEAR,DRY,False,SIDESWIPE-SAME DIRECTION,SIDESWIPE-SAME DIRECTION,STRAIGHT & LEVEL,DARK-HWY LIGHTED/ON,,,5/19/2022 9:13:24 AM,False,7100,Accepted,
30287401,0568000,LOUISVILLE METRO POLICE DEPT,Accepted,JEFFERSON,,3601,RUDD,AVE,,,,,,,,38.276008229,-85.806879672,0.472,4/3/2022 12:00:00 AM,2255,4,4,0,1,CLEAR,DRY,False,1 VEHICLE PARKED POSITION (NOT PARKING LOT/DRIVEWAY),REAR END,STRAIGHT & LEVEL,DARK-HWY LIGHTED/ON,,,7/11/2022 8:19:52 AM,False,5365,Accepted,
29896270,0568000,LOUISVILLE METRO POLICE DEPT,Accepted,JEFFERSON,,911,PHILLIPS,LN,,,,,,,,38.192768527,-85.740815940,0.663,4/2/2022 12:00:00 AM,2026,2,2,0,0,CLOUDY,DRY,True,HEAD-ON COLLISION,HEAD ON,STRAIGHT & LEVEL,DARK-HWY LIGHTED/ON,,,4/4/2022 8:32:29 AM,False,5316,Accepted,
29896246,0568000,LOUISVILLE METRO POLICE DEPT,Accepted,JEFFERSON,US0060A,2536,3RD,ST,S,,,US0060A,WINKLER,US0060A,EASTERN,38.211992577,-85.762637782,3.286,4/2/2022 12:00:00 AM,0656,1,1,0,1,CLEAR,DRY,False,COLLISION WITH FIXED OBJECT NON - INTERSECTION - FIRST EVENT COLLISION 09 - 32 EXCLUDING 16,SINGLE VEHICLE,STRAIGHT & GRADE,DAWN,,,4/4/2022 8:30:59 AM,True,7872,Accepted,
29896252,0568000,LOUISVILLE METRO POLICE DEPT,Accepted,JEFFERSON,,,ANTLE,DR,,,PYRAMID,,,,,38.086807327,-85.663115699,0.416,4/2/2022 12:00:00 AM,1427,2,2,0,0,CLOUDY,DRY,False,HEAD-ON COLLISION,HEAD ON,STRAIGHT & LEVEL,DAYLIGHT,,,4/4/2022 8:31:32 AM,False,7484,Accepted,
29896254,0568000,LOUISVILLE METRO POLICE DEPT,Accepted,JEFFERSON,,4803,HANEY,WAY,,,,,DESHANE,,GRECIAN,38.097678434,-85.852358640,0.115,4/2/2022 12:00:00 AM,1455,1,1,0,0,CLOUDY,DRY,False,OTHER ROADWAY OR MID-BLOCK COLLISION,SINGLE VEHICLE,CURVE & LEVEL,DAYLIGHT,,,4/4/2022 8:31:36 AM,False,6318,Accepted,
29896260,0568000,LOUISVILLE METRO POLICE DEPT,Accepted,JEFFERSON,KY1931,,GREENWOOD,RD,,KY1934,GREENBELT,,,,,38.147049085,-85.886476120,0.525,4/2/2022 12:00:00 AM,2133,2,2,0,0,CLEAR,DRY,False,ANGLE COLLISION - ONE VEHICLE TURNING LEFT,ANGLE,STRAIGHT & LEVEL,DARK-HWY LIGHTED/ON,,,4/4/2022 8:31:56 AM,False,5212,Accepted,
29896261,0568000,LOUISVILLE METRO POLICE DEPT,Accepted,JEFFERSON,I 0265,,,,,,,,,,,38.299352591,-85.547841178,0.220,4/2/2022 12:00:00 AM,2056,2,2,0,0,CLEAR,DRY,False,OTHER RAMP RELATED COLLISIONS NOT LISTED ABOVE,HEAD ON,STRAIGHT & HILLCREST,DARK-HWY NOT LIGHTED,I 0265,KY1447,4/4/2022 8:31:59 AM,False,7369,Accepted,
29896262,0568000,LOUISVILLE METRO POLICE DEPT,Accepted,JEFFERSON,KY1447,,WESTPORT,RD,,KY1747,HURSTBOURNE,,,,,38.287102321,-85.573447310,5.165,4/2/2022 12:00:00 AM,1945,2,2,0,0,CLEAR,DRY,False,ANGLE COLLISION - OTHER,ANGLE,STRAIGHT & LEVEL,DAYLIGHT,,,4/4/2022 8:32:03 AM,False,5030,Accepted,
29891298,0566900,LOUISVILLE AIRPORT POLICE,Accepted,JEFFERSON,,1131,STANDIFORD,AVE,,,,,,,,38.185055657,-85.726163039,0.336,4/2/2022 12:00:00 AM,1435,2,2,0,0,CLEAR,DRY,False,COLLISION IN PARKING LOT,BACKING,STRAIGHT & LEVEL,DAYLIGHT,,,4/2/2022 4:46:56 PM,False,5874,Accepted,
29896243,0568000,LOUISVILLE METRO POLICE DEPT,Accepted,JEFFERSON,,,LEXINGTON,RD,,,,,PAYNE,,COOPER,38.251181686,-85.723110752,0.594,4/2/2022 12:00:00 AM,0431,1,1,0,0,CLEAR,DRY,False,COLLISION WITH FIXED OBJECT NON - INTERSECTION - FIRST EVENT COLLISION 09 - 32 EXCLUDING 16,SINGLE VEHICLE,CURVE & LEVEL,DARK-HWY LIGHTED/ON,,,4/4/2022 8:30:08 AM,False,5274,Accepted,
29896251,0568000,LOUISVILLE METRO POLICE DEPT,Accepted,JEFFERSON,KY1020,,2ND,ST,S,,BRECKINRIDGE,,,,,38.241541234,-85.755805550,11.799,4/2/2022 12:00:00 AM,1009,2,2,0,0,CLEAR,DRY,False,SIDESWIPE-SAME DIRECTION,SIDESWIPE-SAME DIRECTION,STRAIGHT & LEVEL,DAYLIGHT,,,4/4/2022 8:31:27 AM,False,7132,Accepted,
29909625,0568000,LOUISVILLE METRO POLICE DEPT,Accepted,JEFFERSON,,,MEADOW,DR,,,BON AIR,,,,,38.209111972,-85.657575863,0.565,4/2/2022 12:00:00 AM,0542,2,2,0,1,CLEAR,DRY,False,COLLISION WITH PARKED VEHICLE,REAR END,STRAIGHT & LEVEL,DAWN,,,4/7/2022 8:21:44 AM,False,5247,Accepted,
29896282,0568000,LOUISVILLE METRO POLICE DEPT,Accepted,JEFFERSON,KY1065,,OUTER,LOOP,,,,,LONE OAK,,LONE OAK,38.136256748,-85.696171717,5.521,4/2/2022 12:00:00 AM,1249,1,1,0,1,CLEAR,DRY,False,COLLISION WITH FIXED OBJECT NON - INTERSECTION - FIRST EVENT COLLISION 09 - 32 EXCLUDING 16,SINGLE VEHICLE,CURVE & LEVEL,DAYLIGHT,,,4/4/2022 8:33:11 AM,False,5042,Accepted,
29896284,0568000,LOUISVILLE METRO POLICE DEPT,Accepted,JEFFERSON,,,MARSHALL,CT,,,,,CLAY,,HANCOCK GREEN,38.250118394,-85.741753977,0.161,4/2/2022 12:00:00 AM,1800,4,4,0,0,CLOUDY,DRY,False,1 VEHICLE PARKED POSITION (NOT PARKING LOT/DRIVEWAY),SIDESWIPE-SAME DIRECTION,STRAIGHT & LEVEL,DAYLIGHT,,,4/4/2022 8:33:21 AM,False,6360,Accepted,
29896290,0568000,LOUISVILLE METRO POLICE DEPT,Accepted,JEFFERSON,US0150,,BROADWAY,,W,KY1020,2ND,,,,,38.245819559,-85.755211745,2.552,4/2/2022 12:00:00 AM,0815,2,2,0,1,CLEAR,DRY,False,ANGLE COLLISION - OTHER,ANGLE,STRAIGHT & LEVEL,DUSK,,,4/4/2022 8:33:52 AM,False,5268,Accepted,
29896275,0568000,LOUISVILLE METRO POLICE DEPT,Accepted,JEFFERSON,,,SHEPHERDSVILLE,RD,,,MARY LAYNE,,,,,38.137348257,-85.657796991,0.113,4/2/2022 12:00:00 AM,2306,2,2,0,0,CLEAR,DRY,False,SIDESWIPE-SAME DIRECTION,SIDESWIPE-SAME DIRECTION,STRAIGHT & LEVEL,DARK-HWY NOT LIGHTED,,,4/4/2022 8:32:42 AM,False,5341,Accepted,
29896259,0568000,LOUISVILLE METRO POLICE DEPT,Accepted,JEFFERSON,KY1865,,NEW CUT,RD,,,IROQUOIS GARDENS,,,,,38.154327694,-85.777204316,3.265,4/2/2022 12:00:00 AM,2050,2,2,0,0,CLEAR,DRY,True,OTHER INTERSECTION COLLISIONS,REAR END,STRAIGHT & LEVEL,DARK-HWY LIGHTED/ON,,,4/4/2022 8:31:52 AM,False,5293,Accepted,
29896256,0568000,LOUISVILLE METRO POLICE DEPT,Accepted,JEFFERSON,KY0061,,PRESTON,HWY,,,PARK,,,,,38.118059222,-85.677248319,2.450,4/2/2022 12:00:00 AM,1627,3,3,0,1,CLEAR,DRY,True,OPPOSING LEFT TURN,OPPOSING LEFT TURN,STRAIGHT & LEVEL,DAYLIGHT,,,4/4/2022 8:31:40 AM,False,7669,Accepted,
29892173,0560300,ST. MATTHEWS POLICE DEPARTMENT,Accepted,JEFFERSON,US0060,5000,SHELBYVILLE,RD,,,,,,,,38.250214837,-85.623124269,5.348,4/2/2022 12:00:00 AM,1724,2,2,0,0,CLEAR,DRY,False,VEHICLE BACKING NON INTERSECTION,BACKING,STRAIGHT & LEVEL,DAYLIGHT,,,4/2/2022 11:57:29 PM,False,9151,Accepted,
29892169,0560300,ST. MATTHEWS POLICE DEPARTMENT,Accepted,JEFFERSON,US0060,,SHELBYVILLE,RD,,I 0264,I264 W EXIT20B OFF RAMP TO US60,,,,,38.250095276,-85.620548411,5.477,4/2/2022 12:00:00 AM,1642,2,2,0,0,CLEAR,DRY,False,OTHER INTERSECTION COLLISIONS,REAR END,STRAIGHT & LEVEL,DAYLIGHT,,,4/2/2022 11:57:22 PM,False,9187,Accepted,
29901741,0561500,UNIV. OF LOUISVILLE POLICE,Accepted,JEFFERSON,KY1020,1900,3RD,ST,S,,,,,,,38.219622521,-85.761408331,10.258,4/2/2022 12:00:00 AM,1344,2,2,0,0,CLOUDY,DRY,False,COLLISION IN PARKING LOT,ANGLE,STRAIGHT & LEVEL,DAYLIGHT,,,4/5/2022 11:15:27 AM,False,5714,Accepted,
29909629,0568000,LOUISVILLE METRO POLICE DEPT,Accepted,JEFFERSON,US0060,14101,SHELBYVILLE,RD,,,,,,,,38.238809909,-85.487952600,12.916,4/2/2022 12:00:00 AM,0207,1,1,0,1,CLEAR,DRY,False,COLLISION WITH FIXED OBJECT NON - INTERSECTION - FIRST EVENT COLLISION 09 - 32 EXCLUDING 16,SINGLE VEHICLE,STRAIGHT & LEVEL,DARK-HWY NOT LIGHTED,,,4/7/2022 8:22:01 AM,False,5289,Accepted,
29909612,0568000,LOUISVILLE METRO POLICE DEPT,Accepted,JEFFERSON,,,ORMSBY,AVE,W,,,,,,,38.232854461,-85.760542948,0.264,4/1/2022 12:00:00 AM,1718,2,2,0,0,CLEAR,DRY,False,OTHER ROADWAY OR MID-BLOCK COLLISION,OPPOSING LEFT TURN,STRAIGHT & LEVEL,DAYLIGHT,,,4/7/2022 8:20:38 AM,False,5258,Accepted,
29896231,0568000,LOUISVILLE METRO POLICE DEPT,Accepted,JEFFERSON,,,FEGENBUSH,LN,,,,,,,,38.186054611,-85.638134847,0.083,4/1/2022 12:00:00 AM,0847,2,2,0,1,CLOUDY,WET,False,OTHER ROADWAY OR MID-BLOCK COLLISION,OPPOSING LEFT TURN,STRAIGHT & LEVEL,DAYLIGHT,,,4/4/2022 8:28:51 AM,False,4693,Accepted,
29896232,0568000,LOUISVILLE METRO POLICE DEPT,Accepted,JEFFERSON,KY0155,,TAYLORSVILLE,RD,,,,,,,,38.220868655,-85.643878774,14.311,4/1/2022 12:00:00 AM,1206,2,2,0,0,CLOUDY,DRY,False,1 VEHICLE ENTERING/LEAVING ENTRANCE,ANGLE,STRAIGHT & LEVEL,DAYLIGHT,,,4/4/2022 8:28:56 AM,False,4693,Accepted,
29896233,0568000,LOUISVILLE METRO POLICE DEPT,Accepted,JEFFERSON,US0060,,SHELBYVILLE,RD,,,ARLINGTON MEADOWS,,,,,38.236247848,-85.430553682,16.189,4/1/2022 12:00:00 AM,1026,2,2,0,1,CLOUDY,DRY,False,ANGLE COLLISION - OTHER,ANGLE,STRAIGHT & GRADE,DAYLIGHT,,,4/4/2022 8:29:00 AM,False,7316,Accepted,
29896242,0568000,LOUISVILLE METRO POLICE DEPT,Accepted,JEFFERSON,KY0907,9619,3RD ST,RD,,,,,,,,38.115195855,-85.824991402,2.654,4/1/2022 12:00:00 AM,2331,1,1,0,1,CLEAR,DRY,False,OTHER ROADWAY OR MID-BLOCK COLLISION,SINGLE VEHICLE,STRAIGHT & LEVEL,DARK (UNKNOWN ROADWAY LIGHTING),,,4/4/2022 8:29:58 AM,False,5048,Accepted,
29896249,0568000,LOUISVILLE METRO POLICE DEPT,Accepted,JEFFERSON,,,38TH,ST,S,,MAIN,,,,,38.263239006,-85.811615156,0.001,4/1/2022 12:00:00 AM,1630,2,2,0,0,CLEAR,DRY,False,ANGLE COLLISION - OTHER,ANGLE,STRAIGHT & LEVEL,DAYLIGHT,,,4/4/2022 8:31:14 AM,False,7363,Accepted,
29896250,0568000,LOUISVILLE METRO POLICE DEPT,Accepted,JEFFERSON,KY0864,,POPLAR LEVEL,RD,,,BELMAR,,,,,38.205359322,-85.713036699,12.072,4/1/2022 12:00:00 AM,1423,3,3,0,1,CLEAR,DRY,False,ANGLE COLLISION - OTHER,ANGLE,STRAIGHT & LEVEL,DAYLIGHT,,,4/4/2022 8:31:21 AM,False,7448,Accepted,
29896234,0568000,LOUISVILLE METRO POLICE DEPT,Accepted,JEFFERSON,US0031E,,BARDSTOWN,RD,,,,,SHERWOOD,,SHERWOOD,38.231596871,-85.708017591,14.554,4/1/2022 12:00:00 AM,1641,2,2,0,0,CLEAR,DRY,True,SIDESWIPE COLLISION - SAME DIRECTION,SIDESWIPE-SAME DIRECTION,STRAIGHT & LEVEL,DAYLIGHT,,,4/4/2022 8:29:06 AM,False,7570,Accepted,
29896247,0568000,LOUISVILLE METRO POLICE DEPT,Accepted,JEFFERSON,KY1447,4500,WESTPORT,RD,,,,,,,,38.281389904,-85.588165635,4.255,4/1/2022 12:00:00 AM,0917,2,2,0,1,CLOUDY,WET,False,SIDESWIPE COLLISION - SAME DIRECTION,SIDESWIPE-SAME DIRECTION,STRAIGHT & LEVEL,DAYLIGHT,,,4/4/2022 8:31:05 AM,False,2738,Accepted,
29896257,0568000,LOUISVILLE METRO POLICE DEPT,Accepted,JEFFERSON,,2106,BUECHEL BANK,RD,,,,,,,,38.189552068,-85.647810199,0.195,4/1/2022 12:00:00 AM,2316,1,1,0,0,CLEAR,DRY,False,COLLISION IN PARKING LOT,SINGLE VEHICLE,STRAIGHT & LEVEL,UNKNOWN,,,4/4/2022 8:31:44 AM,False,5153,Accepted,
29896297,0568000,LOUISVILLE METRO POLICE DEPT,Accepted,JEFFERSON,I 0065,,I65 S,,,,,,,,,38.201282794,-85.735654977,131.575,4/1/2022 12:00:00 AM,2120,2,2,0,0,CLEAR,DRY,False,SIDESWIPE COLLISION - SAME DIRECTION,SIDESWIPE-SAME DIRECTION,STRAIGHT & LEVEL,DARK-HWY LIGHTED/ON,,,4/4/2022 8:34:27 AM,True,7291,Accepted,
29896266,0568000,LOUISVILLE METRO POLICE DEPT,Accepted,JEFFERSON,US0031E,,MAIN,ST,W,,,,,,,38.256160695,-85.752544727,17.844,4/1/2022 12:00:00 AM,2341,3,3,0,0,CLEAR,DRY,True,OTHER ROADWAY OR MID-BLOCK COLLISION,REAR END,STRAIGHT & LEVEL,DARK-HWY LIGHTED/ON,,,4/4/2022 8:32:17 AM,False,5122,Accepted,
29886741,0568000,LOUISVILLE METRO POLICE DEPT,Accepted,JEFFERSON,,,CRUMS,LN,S,,SUNFLOWER,,,,,38.194553139,-85.834043319,0.189,4/1/2022 12:00:00 AM,0252,1,1,0,0,RAINING,WET,True,COLLISION WITH FIXED OBJECT IN INTERSECTION - FIRST EVENT COLLISION 09 - 32,SINGLE VEHICLE,STRAIGHT & LEVEL,DARK-HWY LIGHTED/ON,,,4/1/2022 8:06:54 AM,False,5325,Accepted,
29886747,0568000,LOUISVILLE METRO POLICE DEPT,Accepted,JEFFERSON,KY0146,,LA GRANGE,RD,,I 0265,I265 N EXIT30 ON RAMP FROM KY146,,,,,38.288227108,-85.513158914,7.464,4/1/2022 12:00:00 AM,0449,2,2,0,1,SNOWING,WET,False,ANGLE COLLISION - OTHER,ANGLE,STRAIGHT & LEVEL,DARK-HWY LIGHTED/ON,,,4/1/2022 8:07:17 AM,False,5228,Accepted,
29889641,0560300,ST. MATTHEWS POLICE DEPARTMENT,Accepted,JEFFERSON,I 0264,,I264 W,,,,,I 0264,I264 W EXIT20 OFF RAMP US60,I 0264,I264 W EXIT21 ON RAMP FROM KY1447,38.260103964,-85.623282366,20.494,4/1/2022 12:00:00 AM,1845,2,2,0,0,CLEAR,DRY,False,SIDESWIPE COLLISION - SAME DIRECTION,SIDESWIPE-SAME DIRECTION,STRAIGHT & LEVEL,DAYLIGHT,,,4/1/2022 11:37:56 PM,False,9151,Accepted,
29901006,0568000,LOUISVILLE METRO POLICE DEPT,Accepted,JEFFERSON,I 0264,,I264 W,,,,,,,,,38.195520916,-85.707863268,13.362,4/1/2022 12:00:00 AM,1417,3,3,0,2,CLEAR,DRY,False,REAR END IN TRAFFIC LANES BOTH VEHICLES MOVING,REAR END,STRAIGHT & LEVEL,DAYLIGHT,,,4/5/2022 8:10:38 AM,False,8278,Accepted,
29896288,0568000,LOUISVILLE METRO POLICE DEPT,Accepted,JEFFERSON,,,BRECKINRIDGE,ST,E,KY0864,LOGAN,,,,,38.239797307,-85.739068443,0.768,4/1/2022 12:00:00 AM,1446,2,2,0,3,CLEAR,DRY,False,ANGLE COLLISION - OTHER,ANGLE,STRAIGHT & LEVEL,DAYLIGHT,,,4/4/2022 8:33:43 AM,False,5152,Accepted,
29896278,0568000,LOUISVILLE METRO POLICE DEPT,Accepted,JEFFERSON,I 0065,,I65 N,,,,,,,,,38.189806382,-85.728755297,130.691,4/1/2022 12:00:00 AM,1910,2,2,0,1,CLEAR,DRY,False,SIDESWIPE COLLISION - SAME DIRECTION,SIDESWIPE-SAME DIRECTION,STRAIGHT & LEVEL,DUSK,,,4/4/2022 8:32:56 AM,False,5342,Accepted,
29901009,0568000,LOUISVILLE METRO POLICE DEPT,Accepted,JEFFERSON,I 0264,,I264 W,,,,,,,,,38.185965950,-85.804782577,8.032,4/1/2022 12:00:00 AM,1607,2,2,0,0,CLEAR,DRY,False,REAR END IN TRAFFIC LANES BOTH VEHICLES MOVING,REAR END,STRAIGHT & GRADE,DAYLIGHT,,,4/5/2022 8:10:52 AM,False,8278,Accepted,
29896230,0568000,LOUISVILLE METRO POLICE DEPT,Accepted,JEFFERSON,,,CAWTHON,ST,,,8TH,,,,,38.244135946,-85.765474798,0.089,4/1/2022 12:00:00 AM,0933,2,2,0,1,CLEAR,WET,False,ANGLE COLLISION - OTHER,ANGLE,STRAIGHT & LEVEL,DAYLIGHT,,,4/4/2022 8:28:45 AM,False,7132,Accepted,
29891975,0560300,ST. MATTHEWS POLICE DEPARTMENT,Accepted,JEFFERSON,US0060,,SHELBYVILLE,RD,,I 0264,I264 W EXIT20B OFF RAMP TO US60,,,,,38.250126549,-85.620601136,5.479,4/1/2022 12:00:00 AM,1635,2,2,0,0,CLEAR,DRY,False,OTHER INTERSECTION COLLISIONS,REAR END,STRAIGHT & LEVEL,DAYLIGHT,,,4/2/2022 9:22:34 PM,False,9187,Accepted,
29886745,0568000,LOUISVILLE METRO POLICE DEPT,Accepted,JEFFERSON,,1951,DEERWOOD,AVE,,,,,,,,38.229456100,-85.703099798,0.598,4/1/2022 12:00:00 AM,0256,2,2,0,0,CLEAR,WET,True,1 VEHICLE PARKED POSITION (NOT PARKING LOT/DRIVEWAY),HEAD ON,STRAIGHT & LEVEL,DARK-HWY LIGHTED/ON,,,4/1/2022 8:07:10 AM,False,5104,Accepted,
29886743,0568000,LOUISVILLE METRO POLICE DEPT,Accepted,JEFFERSON,,,CHESTNUT,ST,W,US0031W,22ND,,,,,38.252268079,-85.787685855,0.726,4/1/2022 12:00:00 AM,0015,2,2,0,1,RAINING,WET,False,ANGLE COLLISION - OTHER,ANGLE,STRAIGHT & LEVEL,DARK-HWY LIGHTED/ON,,,4/1/2022 8:07:01 AM,False,5388,Accepted,
29886744,0568000,LOUISVILLE METRO POLICE DEPT,Accepted,JEFFERSON,KY1703,,NEWBURG,RD,,,TREVILIAN,,,,,38.213564662,-85.700998084,3.399,4/1/2022 12:00:00 AM,0440,2,2,0,2,RAINING,WET,False,ANGLE COLLISION - OTHER,ANGLE,STRAIGHT & LEVEL,DARK-HWY NOT LIGHTED,,,4/1/2022 8:07:06 AM,False,2816,Accepted,
29896244,0568000,LOUISVILLE METRO POLICE DEPT,Accepted,JEFFERSON,,,RICHLAND,AVE,,,BERKSHIRE,,,,,38.224250989,-85.629138921,0.316,4/1/2022 12:00:00 AM,2015,2,1,0,1,CLEAR,DRY,True,COLLISION WITH BICYCLE IN INTERSECTION,SINGLE VEHICLE,STRAIGHT & LEVEL,DUSK,,,4/4/2022 8:30:38 AM,False,5332,Accepted,
29896245,0568000,LOUISVILLE METRO POLICE DEPT,Accepted,JEFFERSON,I 0265,,I265 W,,,,,,,,,38.114572494,-85.663545563,12.420,4/1/2022 12:00:00 AM,2108,2,2,0,0,CLEAR,DRY,False,SIDESWIPE COLLISION - SAME DIRECTION,SIDESWIPE-SAME DIRECTION,STRAIGHT & LEVEL,DARK-HWY NOT LIGHTED,,,4/4/2022 8:30:49 AM,False,5138,Accepted,
29896235,0568000,LOUISVILLE METRO POLICE DEPT,Accepted,JEFFERSON,KY1065,,OUTER,LOOP,,,,,APPLE VALLEY,KY6161,KY6161,38.137503129,-85.619912781,9.740,4/1/2022 12:00:00 AM,1419,2,2,0,2,CLOUDY,DRY,False,HEAD-ON COLLISION,HEAD ON,STRAIGHT & LEVEL,DAYLIGHT,,,4/4/2022 8:29:12 AM,False,2324,Accepted,
29896237,0568000,LOUISVILLE METRO POLICE DEPT,Accepted,JEFFERSON,KY1865,,NEW CUT,RD,,,,,,,,38.145067530,-85.775089103,2.616,4/1/2022 12:00:00 AM,1445,2,2,0,0,CLEAR,DRY,False,REAR END IN TRAFFIC LANES BOTH VEHICLES MOVING,REAR END,STRAIGHT & LEVEL,DAYLIGHT,,,4/4/2022 8:29:23 AM,False,7234,Accepted,
29889650,0561000,JEFFERSONTOWN POLICE DEPT,Accepted,JEFFERSON,I 0064,,I64 W,,,,,I 0064,I64 W EXIT17 ON RAMP FROM KY913 S,I 0064,I64 W EXIT15 OFF RAMP FROM KY1747,38.223976256,-85.544737920,16.735,4/1/2022 12:00:00 AM,1520,2,2,0,1,CLEAR,DRY,False,SIDESWIPE COLLISION - SAME DIRECTION,SIDESWIPE-SAME DIRECTION,STRAIGHT & LEVEL,DAYLIGHT,,,4/1/2022 11:40:32 PM,False,8321,Accepted,
29927511,0568000,LOUISVILLE METRO POLICE DEPT,Accepted,JEFFERSON,KY1703,1520,BAXTER,AVE,,,,,,,,38.228207131,-85.714705501,4.706,4/1/2022 12:00:00 AM,1758,2,2,0,0,CLOUDY,DRY,False,OTHER ROADWAY OR MID-BLOCK COLLISION,REAR END,STRAIGHT & LEVEL,DAYLIGHT,,,4/12/2022 8:14:35 AM,False,7570,Accepted,
30024705,0568000,LOUISVILLE METRO POLICE DEPT,Accepted,JEFFERSON,,,ROY WILKINS,AVE,,,,,MUHAMMAD ALI,,CHESTNUT,38.250934037,-85.765647980,0.461,4/1/2022 12:00:00 AM,1505,2,2,0,0,CLEAR,DRY,True,SIDESWIPE COLLISION - SAME DIRECTION,SIDESWIPE-SAME DIRECTION,STRAIGHT & LEVEL,DAYLIGHT,,,5/6/2022 7:18:44 AM,False,5187,Accepted,
29941426,0568000,LOUISVILLE METRO POLICE DEPT,Accepted,JEFFERSON,KY1747,,HURSTBOURNE,PKWY,N,,,,,,,38.247383013,-85.577062411,13.572,4/1/2022 12:00:00 AM,0339,1,1,1,0,RAINING,WET,False,COLLISION WITH FIXED OBJECT NON - INTERSECTION - FIRST EVENT COLLISION 09 - 32 EXCLUDING 16,SINGLE VEHICLE,CURVE & LEVEL,DARK-HWY LIGHTED/ON,,,4/15/2022 7:47:36 AM,False,7628,Accepted,
29932676,0568000,LOUISVILLE METRO POLICE DEPT,Accepted,JEFFERSON,,4022,LARKWOOD,AVE,,,,,,,,38.258874499,-85.817598590,0.348,4/1/2022 12:00:00 AM,1945,2,2,0,0,CLEAR,DRY,False,1 VEHICLE PARKED POSITION (NOT PARKING LOT/DRIVEWAY),SIDESWIPE-OPPOSITE DIRECTION,STRAIGHT & LEVEL,DAYLIGHT,,,4/13/2022 8:24:36 AM,False,7309,Accepted,