IncidentID,AgencyORI,AgencyName,IncidentStatusDesc,County,RdwyNumber,Street,RoadwayName,StreetSfx,StreetDir,IntersectionRdwy,IntersectionRdwyName,BetweenStRdwy1,BetweenStRdwyName1,BetweenStRdwy2,BetweenStRdwyName2,Latitude,Longitude,Milepoint,CollisionDate,CollisionTime,UnitsInvolved,MotorVehiclesInvolved,NumberKilled,NumberInjured,Weather,RdwyConditionCode,HitandRun,DirAnalysisCode,MannerofCollision,RdwyCharacter,LightCondition,RampFromRdwyId,RampToRdwyId,AcceptedDate,IsSecondaryCollision,OwnerBadge,IncidentStatus,
29979815,0568000,LOUISVILLE METRO POLICE DEPT,Accepted,JEFFERSON,KY0864,4904,POPLAR LEVEL,RD,,,,,,,,38.168333490,-85.682623245,8.965,3/31/2022 12:00:00 AM,2310,2,2,0,0,CLOUDY,DRY,False,1 VEHICLE PARKED POSITION (NOT PARKING LOT/DRIVEWAY),REAR END,STRAIGHT & LEVEL,OTHER,,,4/25/2022 8:18:10 AM,False,7828,Accepted,
29882375,0568000,LOUISVILLE METRO POLICE DEPT,Accepted,JEFFERSON,I 0264,,,,,,,,,,,38.238056272,-85.815754648,0.204,3/31/2022 12:00:00 AM,0500,2,2,0,0,CLOUDY,WET,False,OTHER RAMP RELATED COLLISIONS NOT LISTED ABOVE,REAR END,STRAIGHT & LEVEL,DARK-HWY LIGHTED/ON,I 0264,DUMESNIL ST,3/31/2022 8:23:05 AM,False,5181,Accepted,
29886702,0568000,LOUISVILLE METRO POLICE DEPT,Accepted,JEFFERSON,KY1934,,GREENBELT,HWY,,,TRADE PORT,,,,,38.125454550,-85.893097983,2.885,3/31/2022 12:00:00 AM,0723,2,2,0,2,CLOUDY,WET,False,OPPOSING LEFT TURN,OPPOSING LEFT TURN,STRAIGHT & LEVEL,DAWN,,,4/1/2022 8:05:23 AM,False,6877,Accepted,
29886712,0568000,LOUISVILLE METRO POLICE DEPT,Accepted,JEFFERSON,I 0265,,I265 N,,,,,,,,,38.272103337,-85.500656649,28.898,3/31/2022 12:00:00 AM,0955,2,2,0,2,CLOUDY,WET,False,SIDESWIPE COLLISION - SAME DIRECTION,SIDESWIPE-SAME DIRECTION,STRAIGHT & LEVEL,DAYLIGHT,,,4/1/2022 8:05:50 AM,False,7316,Accepted,
29886729,0568000,LOUISVILLE METRO POLICE DEPT,Accepted,JEFFERSON,KY0061,,PRESTON,HWY,,,,I 0265,I265 E EXIT12 OFF RAMP TO KY61 S,KY0061,KY61 TURN LANE,38.107227428,-85.674113747,1.682,3/31/2022 12:00:00 AM,1725,2,2,0,0,CLOUDY,DRY,False,SIDESWIPE COLLISION - SAME DIRECTION,SIDESWIPE-SAME DIRECTION,STRAIGHT & LEVEL,DAYLIGHT,,,4/1/2022 8:06:20 AM,False,2324,Accepted,
29886709,0568000,LOUISVILLE METRO POLICE DEPT,Accepted,JEFFERSON,KY1065,,OUTER,LOOP,,,,,,,,38.136643922,-85.713443412,4.564,3/31/2022 12:00:00 AM,1028,2,2,0,0,CLOUDY,DRY,False,1 VEHICLE ENTERING/LEAVING ENTRANCE,ANGLE,STRAIGHT & LEVEL,DAYLIGHT,,,4/1/2022 8:05:46 AM,False,7768,Accepted,
29886726,0568000,LOUISVILLE METRO POLICE DEPT,Accepted,JEFFERSON,US0150,,BROADWAY,,E,,,,RUBEL,,RUBEL,38.243960473,-85.729161417,3.978,3/31/2022 12:00:00 AM,1639,2,2,0,0,CLOUDY,DRY,False,SIDESWIPE COLLISION - SAME DIRECTION,SIDESWIPE-SAME DIRECTION,STRAIGHT & LEVEL,DAYLIGHT,,,4/1/2022 8:06:12 AM,False,7900,Accepted,
29886727,0568000,LOUISVILLE METRO POLICE DEPT,Accepted,JEFFERSON,KY0061,,PRESTON,HWY,,,GLEN ROSE,,,,,38.113956598,-85.675981862,2.126,3/31/2022 12:00:00 AM,1409,2,2,0,0,CLOUDY,DRY,False,ANGLE COLLISION - OTHER,ANGLE,STRAIGHT & LEVEL,DAYLIGHT,,,4/1/2022 8:06:16 AM,False,2324,Accepted,
29886734,0568000,LOUISVILLE METRO POLICE DEPT,Accepted,JEFFERSON,,,HANCOCK,ST,S,,CALDWELL,,,,,38.238883458,-85.744622883,1.123,3/31/2022 12:00:00 AM,1646,3,3,0,1,CLOUDY,DRY,False,HEAD-ON COLLISION,HEAD ON,STRAIGHT & LEVEL,DAYLIGHT,,,4/1/2022 8:06:30 AM,False,5409,Accepted,
29886736,0568000,LOUISVILLE METRO POLICE DEPT,Accepted,JEFFERSON,US0031E,,BARDSTOWN,RD,,,BUECHEL,,,,,38.188263497,-85.640020594,9.549,3/31/2022 12:00:00 AM,1552,4,4,0,0,CLOUDY,WET,False,OTHER INTERSECTION COLLISIONS,REAR END,STRAIGHT & LEVEL,DAYLIGHT,,,4/1/2022 8:06:34 AM,False,7864,Accepted,
29896227,0568000,LOUISVILLE METRO POLICE DEPT,Accepted,JEFFERSON,KY0022,,BROWNSBORO,RD,,,,,THORNHILL,,ALIA,38.286306331,-85.623654746,0.717,3/31/2022 12:00:00 AM,1440,2,2,0,0,CLOUDY,DRY,False,1 VEHICLE ENTERING/LEAVING ENTRANCE,ANGLE,STRAIGHT & LEVEL,DAYLIGHT,,,4/4/2022 8:28:20 AM,False,7316,Accepted,
29886742,0568000,LOUISVILLE METRO POLICE DEPT,Accepted,JEFFERSON,KY0864,,SHELBY,ST,S,,KENTUCKY,,,,,38.236785716,-85.740895130,14.939,3/31/2022 12:00:00 AM,2314,2,2,0,0,CLOUDY,WET,False,ANGLE COLLISION - OTHER,ANGLE,STRAIGHT & LEVEL,DARK-HWY LIGHTED/ON,,,4/1/2022 8:06:58 AM,False,5267,Accepted,
29887177,0561500,UNIV. OF LOUISVILLE POLICE,Accepted,JEFFERSON,KY0061,501,PRESTON,ST,S,,,,,,,38.248513274,-85.747063165,12.482,3/31/2022 12:00:00 AM,1620,2,2,0,0,CLOUDY,DRY,True,COLLISION IN PARKING LOT,BACKING,STRAIGHT & LEVEL,DAYLIGHT,,,4/1/2022 10:30:43 AM,False,5627,Accepted,
29905438,0568000,LOUISVILLE METRO POLICE DEPT,Accepted,JEFFERSON,US0060,,FRANKFORT,AVE,,KY2048,CANNONS,,,,,38.254061086,-85.670470829,2.735,3/31/2022 12:00:00 AM,1209,2,2,0,0,CLOUDY,DRY,False,SIDESWIPE-SAME DIRECTION,SIDESWIPE-SAME DIRECTION,STRAIGHT & LEVEL,DAYLIGHT,,,4/6/2022 8:03:31 AM,False,2673,Accepted,
29901010,0568000,LOUISVILLE METRO POLICE DEPT,Accepted,JEFFERSON,US0031W,,DR W J HODGE,ST,,,MADISON,,,,,38.253166031,-85.785849971,19.948,3/31/2022 12:00:00 AM,2316,2,2,0,1,RAINING,WET,False,VEHICLE BACKING IN INTERSECTION,BACKING,STRAIGHT & LEVEL,DARK-HWY LIGHTED/ON,,,4/5/2022 8:10:57 AM,False,5374,Accepted,
29901005,0568000,LOUISVILLE METRO POLICE DEPT,Accepted,JEFFERSON,KY0155,,TAYLORSVILLE,RD,,,FURMAN,,,,,38.221024226,-85.646152607,14.434,3/31/2022 12:00:00 AM,1037,2,2,0,0,CLEAR,DRY,False,SIDESWIPE-SAME DIRECTION,SIDESWIPE-SAME DIRECTION,STRAIGHT & LEVEL,DAYLIGHT,,,4/5/2022 8:10:34 AM,False,7632,Accepted,
29908457,0566900,LOUISVILLE AIRPORT POLICE,Accepted,JEFFERSON,,4500,TOLL PLAZA,RD,,,,,,,,38.188009299,-85.740687830,0.066,3/31/2022 12:00:00 AM,1630,1,1,0,0,CLEAR,DRY,True,COLLISION IN PARKING LOT,SINGLE VEHICLE,,OTHER,,,4/6/2022 11:40:43 PM,False,5881,Accepted,
29882379,0568000,LOUISVILLE METRO POLICE DEPT,Accepted,JEFFERSON,KY1020,,NATIONAL,TPKE,,,FAIRDALE,,,,,38.112528401,-85.747688163,2.665,3/31/2022 12:00:00 AM,0716,2,1,0,0,FOG,WET,False,COLLISION WITH PEDESTRIAN IN INTERSECTION,SINGLE VEHICLE,STRAIGHT & LEVEL,DAWN,,,3/31/2022 8:23:17 AM,False,5266,Accepted,
29886704,0568000,LOUISVILLE METRO POLICE DEPT,Accepted,JEFFERSON,I 0064,,,,,,,,,,,38.258589877,-85.746808517,0.003,3/31/2022 12:00:00 AM,1159,2,2,0,0,CLOUDY,DRY,False,OTHER RAMP RELATED COLLISIONS NOT LISTED ABOVE,SIDESWIPE-SAME DIRECTION,CURVE & LEVEL,DAYLIGHT,I 0064,I 0065,4/1/2022 8:05:32 AM,False,4903,Accepted,
29886716,0568000,LOUISVILLE METRO POLICE DEPT,Accepted,JEFFERSON,US0060,,SHELBYVILLE,RD,,,DAVENTRY,,,,,38.246278124,-85.575207867,7.950,3/31/2022 12:00:00 AM,1119,2,2,0,1,CLOUDY,DRY,False,ANGLE COLLISION - OTHER,ANGLE,STRAIGHT & LEVEL,DAYLIGHT,,,4/1/2022 8:05:54 AM,False,7316,Accepted,
29886721,0568000,LOUISVILLE METRO POLICE DEPT,Accepted,JEFFERSON,,,BROOK,ST,S,,CHESTNUT,,,,,38.248276091,-85.751696953,2.943,3/31/2022 12:00:00 AM,0900,2,2,0,1,CLOUDY,DRY,False,ANGLE COLLISION - OTHER,ANGLE,STRAIGHT & LEVEL,DAYLIGHT,,,4/1/2022 8:06:01 AM,False,5335,Accepted,
29886722,0568000,LOUISVILLE METRO POLICE DEPT,Accepted,JEFFERSON,KY0841,,GENE SNYDER,FWY,,,,,,,,38.317588572,-85.592472613,35.331,3/31/2022 12:00:00 AM,1551,2,2,0,0,CLOUDY,DRY,False,REAR END IN TRAFFIC LANES BOTH VEHICLES MOVING,REAR END,CURVE & GRADE,DAYLIGHT,,,4/1/2022 8:06:04 AM,False,2346,Accepted,
29886730,0568000,LOUISVILLE METRO POLICE DEPT,Accepted,JEFFERSON,,,PRINCETON,DR,,,,,,,,38.224649972,-85.696294839,0.068,3/31/2022 12:00:00 AM,0731,2,2,0,1,CLEAR,WET,False,1 VEHICLE PARKED POSITION (NOT PARKING LOT/DRIVEWAY),REAR END,STRAIGHT & LEVEL,DAWN,,,4/1/2022 8:06:23 AM,False,6813,Accepted,
29886731,0568000,LOUISVILLE METRO POLICE DEPT,Accepted,JEFFERSON,KY0155,,TAYLORSVILLE,RD,,,,,,,,38.223057900,-85.671224619,15.802,3/31/2022 12:00:00 AM,1620,2,2,0,0,CLOUDY,DRY,False,SIDESWIPE COLLISION - SAME DIRECTION,SIDESWIPE-SAME DIRECTION,STRAIGHT & LEVEL,DAYLIGHT,,,4/1/2022 8:06:26 AM,False,6813,Accepted,
29886738,0568000,LOUISVILLE METRO POLICE DEPT,Accepted,JEFFERSON,,6408,SIX MILE,LN,,,,,,,,38.198084185,-85.636052315,0.990,3/30/2022 12:00:00 AM,1613,2,2,0,0,CLEAR,DRY,False,1 VEHICLE PARKED POSITION (NOT PARKING LOT/DRIVEWAY),ANGLE,STRAIGHT & LEVEL,DAYLIGHT,,,4/1/2022 8:06:43 AM,False,5286,Accepted,
29886724,0568000,LOUISVILLE METRO POLICE DEPT,Accepted,JEFFERSON,KY1020,,2ND,ST,S,,,,ORMSBY,,OAK,38.234237052,-85.757142885,11.327,3/30/2022 12:00:00 AM,1141,2,2,0,0,CLOUDY,DRY,False,REAR END IN TRAFFIC LANES BOTH VEHICLES MOVING,REAR END,STRAIGHT & LEVEL,DAYLIGHT,,,4/1/2022 8:06:08 AM,False,7619,Accepted,
29886706,0568000,LOUISVILLE METRO POLICE DEPT,Accepted,JEFFERSON,US0060A,,EASTERN,PKWY,,,QUADRANT,,,,,38.230167488,-85.712419056,6.601,3/30/2022 12:00:00 AM,0744,2,2,0,0,CLOUDY,DRY,False,ANGLE COLLISION - ONE VEHICLE TURNING LEFT,ANGLE,STRAIGHT & GRADE,DAWN,,,4/1/2022 8:05:40 AM,False,5020,Accepted,
29882353,0568000,LOUISVILLE METRO POLICE DEPT,Accepted,JEFFERSON,US0031W,6661,DIXIE,HWY,,,,,,,,38.153774342,-85.835210903,12.305,3/30/2022 12:00:00 AM,1652,2,2,0,0,CLEAR,DRY,False,COLLISION IN PARKING LOT,BACKING,STRAIGHT & LEVEL,DAYLIGHT,,,3/31/2022 8:21:40 AM,False,7244,Accepted,
29882354,0568000,LOUISVILLE METRO POLICE DEPT,Accepted,JEFFERSON,,,MERIDIAN,AVE,,,DAYTON,,,,,38.251175165,-85.652129585,0.123,3/30/2022 12:00:00 AM,1523,1,1,0,0,CLEAR,DRY,False,COLLISION WITH FIXED OBJECT IN INTERSECTION - FIRST EVENT COLLISION 09 - 32,SINGLE VEHICLE,STRAIGHT & LEVEL,DAYLIGHT,,,3/31/2022 8:21:44 AM,False,7632,Accepted,
29882362,0568000,LOUISVILLE METRO POLICE DEPT,Accepted,JEFFERSON,KY1020,,NATIONAL,TPKE,,,,,,,,38.119908473,-85.748196543,3.266,3/30/2022 12:00:00 AM,1648,2,2,0,1,CLOUDY,DRY,False,HEAD-ON COLLISION,HEAD ON,STRAIGHT & LEVEL,DAYLIGHT,,,3/31/2022 8:22:19 AM,False,7234,Accepted,
29882344,0568000,LOUISVILLE METRO POLICE DEPT,Accepted,JEFFERSON,,8709,BIG TREE,CIR,,,,,,,,38.199975883,-85.601900829,0.126,3/30/2022 12:00:00 AM,1210,1,1,0,0,CLEAR,DRY,False,COLLISION WITH FIXED OBJECT NON - INTERSECTION - FIRST EVENT COLLISION 09 - 32 EXCLUDING 16,SINGLE VEHICLE,STRAIGHT & LEVEL,DAYLIGHT,,,3/31/2022 8:21:14 AM,False,5286,Accepted,
29882345,0568000,LOUISVILLE METRO POLICE DEPT,Accepted,JEFFERSON,I 0071,,I71 S,,,,,,,,,38.310614202,-85.590607577,8.533,3/30/2022 12:00:00 AM,0757,1,1,0,0,CLOUDY,DRY,False,RAN OFF ROADWAY (1 VEHICLE WITH/EARTH EMBANKMENT/DITCH),SINGLE VEHICLE,STRAIGHT & LEVEL,DAYLIGHT,,,3/31/2022 8:21:20 AM,False,7316,Accepted,
29882352,0568000,LOUISVILLE METRO POLICE DEPT,Accepted,JEFFERSON,I 0265,,I265 N,,,,,,,,,38.303092651,-85.557203269,33.145,3/30/2022 12:00:00 AM,1740,1,1,0,0,CLEAR,DRY,False,COLLISION WITH FIXED OBJECT NON - INTERSECTION - FIRST EVENT COLLISION 09 - 32 EXCLUDING 16,SINGLE VEHICLE,CURVE & LEVEL,DAYLIGHT,,,3/31/2022 8:21:37 AM,False,2346,Accepted,
29882359,0568000,LOUISVILLE METRO POLICE DEPT,Accepted,JEFFERSON,KY1865,,TAYLOR,BLVD,,,,,,,,38.182152455,-85.783562819,5.217,3/30/2022 12:00:00 AM,1028,2,2,0,1,CLOUDY,DRY,False,1 VEHICLE ENTERING/LEAVING ENTRANCE,ANGLE,STRAIGHT & LEVEL,DAYLIGHT,,,3/31/2022 8:22:04 AM,False,7402,Accepted,
29882371,0568000,LOUISVILLE METRO POLICE DEPT,Accepted,JEFFERSON,KY0864,,POPLAR LEVEL,RD,,,LINCOLN,,,,,38.197177108,-85.707867234,11.432,3/30/2022 12:00:00 AM,1921,2,2,0,0,CLEAR,DRY,False,ANGLE COLLISION - OTHER,ANGLE,STRAIGHT & LEVEL,DAYLIGHT,,,3/31/2022 8:22:49 AM,False,5299,Accepted,
29882361,0568000,LOUISVILLE METRO POLICE DEPT,Accepted,JEFFERSON,KY1934,,GREENBELT,HWY,,,ASHBY,,,,,38.110778074,-85.894433372,1.911,3/30/2022 12:00:00 AM,1505,2,2,0,2,CLOUDY,DRY,False,ANGLE COLLISION - OTHER,ANGLE,STRAIGHT & LEVEL,DAYLIGHT,,,3/31/2022 8:22:12 AM,False,7234,Accepted,
29882368,0568000,LOUISVILLE METRO POLICE DEPT,Accepted,JEFFERSON,KY1932,2956,BRECKENRIDGE,LN,,,,,,,,38.218938363,-85.629306445,2.759,3/30/2022 12:00:00 AM,1327,2,2,0,0,CLEAR,DRY,False,1 VEHICLE ENTERING/LEAVING ENTRANCE,ANGLE,STRAIGHT & LEVEL,DAYLIGHT,,,3/31/2022 8:22:41 AM,False,5269,Accepted,
29882370,0568000,LOUISVILLE METRO POLICE DEPT,Accepted,JEFFERSON,,,MUD,LN,,,,,ANTLE,,SOUTHGATE MANOR,38.088084793,-85.670692053,0.397,3/30/2022 12:00:00 AM,2218,2,2,0,0,SEVERE CROSSWINDS,DRY,True,REAR END IN TRAFFIC LANES BOTH VEHICLES MOVING,REAR END,STRAIGHT & LEVEL,DARK-HWY LIGHTED/ON,,,3/31/2022 8:22:46 AM,False,7090,Accepted,
29882376,0568000,LOUISVILLE METRO POLICE DEPT,Accepted,JEFFERSON,I 0065,,I65 N,,,,,,,,,38.261511589,-85.740984279,136.635,3/30/2022 12:00:00 AM,2330,1,1,0,0,SEVERE CROSSWINDS,WET,False,OTHER COLLISIONS ON SHOULDER,SINGLE VEHICLE,CURVE & GRADE,DARK-HWY LIGHTED/ON,,,3/31/2022 8:23:09 AM,False,5311,Accepted,
29882378,0568000,LOUISVILLE METRO POLICE DEPT,Accepted,JEFFERSON,,,HARLAN,AVE,,,,,,,,38.201467994,-85.763541654,0.054,3/30/2022 12:00:00 AM,1924,2,2,0,1,CLEAR,DRY,False,1 VEHICLE ENTERING/LEAVING ENTRANCE,ANGLE,STRAIGHT & LEVEL,DAYLIGHT,,,3/31/2022 8:23:13 AM,False,5302,Accepted,
29882343,0568000,LOUISVILLE METRO POLICE DEPT,Accepted,JEFFERSON,I 0264,,I264 E,,,,,,,,,38.217126852,-85.659734089,16.421,3/30/2022 12:00:00 AM,0802,2,2,0,0,CLEAR,DRY,False,REAR END IN TRAFFIC LANES BOTH VEHICLES MOVING,REAR END,STRAIGHT & LEVEL,DAYLIGHT,,,3/31/2022 8:21:09 AM,False,7772,Accepted,
29896299,0568000,LOUISVILLE METRO POLICE DEPT,Accepted,JEFFERSON,,1425,BROOK,ST,S,,,,,,,38.227043973,-85.754982105,1.420,3/30/2022 12:00:00 AM,0030,3,3,0,0,CLEAR,DRY,False,1 VEHICLE ENTERING OR LEAVING PARKED POSITION (NOT PARKING LOT),SIDESWIPE-SAME DIRECTION,STRAIGHT & LEVEL,DARK (UNKNOWN ROADWAY LIGHTING),,,4/4/2022 8:34:37 AM,False,5050,Accepted,
29897603,0560400,SHIVELY POLICE DEPARTMENT,Accepted,JEFFERSON,I 0264,,,,,,,,,,,38.187025347,-85.811575874,0.399,3/30/2022 12:00:00 AM,1244,2,2,0,0,CLEAR,DRY,False,OTHER RAMP RELATED COLLISIONS NOT LISTED ABOVE,REAR END,CURVE & GRADE,DAYLIGHT,I 0264,US31W N,4/4/2022 2:06:30 PM,False,7105,Accepted,
29886746,0568000,LOUISVILLE METRO POLICE DEPT,Accepted,JEFFERSON,KY0061,,PRESTON,HWY,,,ANTLE,,,,,38.087606996,-85.667603688,0.263,3/30/2022 12:00:00 AM,2256,2,2,0,0,SEVERE CROSSWINDS,WET,False,ANGLE COLLISION - ONE VEHICLE TURNING LEFT,ANGLE,STRAIGHT & LEVEL,DARK-HWY LIGHTED/ON,,,4/1/2022 8:07:13 AM,False,5014,Accepted,
29901007,0568000,LOUISVILLE METRO POLICE DEPT,Accepted,JEFFERSON,I 0264,,I264 W,,,,,,,,,38.271723266,-85.808416597,0.401,3/30/2022 12:00:00 AM,1513,2,2,0,0,CLEAR,DRY,False,REAR END IN TRAFFIC LANES BOTH VEHICLES MOVING,REAR END,STRAIGHT & LEVEL,DAYLIGHT,,,4/5/2022 8:10:42 AM,False,8278,Accepted,
29905452,0568000,LOUISVILLE METRO POLICE DEPT,Accepted,JEFFERSON,US0060A,,EASTERN,PKWY,,KY0864,GOSS,,,,,38.223705656,-85.730057372,5.518,3/30/2022 12:00:00 AM,1521,3,1,0,0,CLEAR,DRY,False,COLLISION WITH PEDESTRIAN IN INTERSECTION,SINGLE VEHICLE,CURVE & GRADE,DAYLIGHT,,,4/6/2022 8:04:52 AM,False,7383,Accepted,
29896238,0568000,LOUISVILLE METRO POLICE DEPT,Accepted,JEFFERSON,I 0065,,,,,,,,,,,38.116198168,-85.699086115,0.763,3/30/2022 12:00:00 AM,0008,2,2,0,0,CLEAR,DRY,True,OTHER RAMP RELATED COLLISIONS NOT LISTED ABOVE,SIDESWIPE-SAME DIRECTION,CURVE & LEVEL,DARK-HWY LIGHTED/ON,I 0065,I 0065,4/4/2022 8:29:31 AM,False,5336,Accepted,
29882367,0568000,LOUISVILLE METRO POLICE DEPT,Accepted,JEFFERSON,KY1865,,NEW CUT,RD,,,GHEENS,,,,,38.164959940,-85.780022003,4.006,3/30/2022 12:00:00 AM,2124,2,2,0,0,CLEAR,DRY,True,ANGLE COLLISION - ONE VEHICLE TURNING RIGHT,ANGLE,STRAIGHT & LEVEL,DARK-HWY LIGHTED/OFF,,,3/31/2022 8:22:38 AM,False,7362,Accepted,
29957117,0568000,LOUISVILLE METRO POLICE DEPT,Accepted,JEFFERSON,,,ELLIOTT,AVE,,,,,,,,38.253735752,-85.823401296,0.928,3/30/2022 12:00:00 AM,1654,2,2,0,0,CLEAR,DRY,False,1 VEHICLE ENTERING/LEAVING ENTRANCE,ANGLE,STRAIGHT & LEVEL,DAYLIGHT,,,4/19/2022 1:53:54 PM,False,7469,Accepted,
29882350,0568000,LOUISVILLE METRO POLICE DEPT,Accepted,JEFFERSON,KY1065,,OUTER,LOOP,,,,,CAROL,,NOLTEMEYER WYNDE,38.138425061,-85.684472830,6.180,3/30/2022 12:00:00 AM,1453,2,2,0,0,CLEAR,DRY,False,OTHER ROADWAY OR MID-BLOCK COLLISION,REAR END,STRAIGHT & LEVEL,DAYLIGHT,,,3/31/2022 8:21:34 AM,False,2324,Accepted,
29882358,0568000,LOUISVILLE METRO POLICE DEPT,Accepted,JEFFERSON,KY3084,,OLD HENRY,RD,,,ELITE,,,,,38.264501058,-85.514040118,0.348,3/30/2022 12:00:00 AM,1223,2,2,0,0,CLEAR,DRY,False,ANGLE COLLISION - OTHER,ANGLE,STRAIGHT & HILLCREST,DAYLIGHT,,,3/31/2022 8:22:00 AM,False,7483,Accepted,
29882348,0568000,LOUISVILLE METRO POLICE DEPT,Accepted,JEFFERSON,,3717,SUSAN,LN,,,,,,,,38.093638637,-85.693507326,0.223,3/30/2022 12:00:00 AM,1055,2,2,0,0,CLEAR,DRY,False,OTHER ROADWAY OR MID-BLOCK COLLISION,REAR TO REAR,STRAIGHT & LEVEL,DAYLIGHT,,,3/31/2022 8:21:28 AM,False,2324,Accepted,
29882355,0568000,LOUISVILLE METRO POLICE DEPT,Accepted,JEFFERSON,KY3084,,OLD HENRY,RD,,I 0265,I265 S EXIT29 ON RAMP FROM KY3084,,,,,38.269383062,-85.503032209,1.051,3/30/2022 12:00:00 AM,1639,2,2,0,0,CLEAR,DRY,False,ANGLE COLLISION - OTHER,ANGLE,STRAIGHT & GRADE,DAYLIGHT,,,3/31/2022 8:21:48 AM,False,2013,Accepted,
29882356,0568000,LOUISVILLE METRO POLICE DEPT,Accepted,JEFFERSON,US0031W,,DIXIE,HWY,,,PENDLETON,,,,,38.062364754,-85.886609574,5.295,3/30/2022 12:00:00 AM,1640,2,2,0,0,CLOUDY,DRY,False,OPPOSING LEFT TURN,OPPOSING LEFT TURN,STRAIGHT & LEVEL,DAYLIGHT,,,3/31/2022 8:21:52 AM,False,2936,Accepted,
29882357,0568000,LOUISVILLE METRO POLICE DEPT,Accepted,JEFFERSON,US0031W,,MAIN,ST,W,,3RD,,,,,38.256467659,-85.754930084,22.016,3/30/2022 12:00:00 AM,0732,2,2,0,1,CLEAR,DRY,True,OPPOSING LEFT TURN,OPPOSING LEFT TURN,STRAIGHT & LEVEL,DAYLIGHT,,,3/31/2022 8:21:56 AM,False,5421,Accepted,
29882363,0568000,LOUISVILLE METRO POLICE DEPT,Accepted,JEFFERSON,KY0155,,TAYLORSVILLE,RD,,I 0265,I265 W EXIT23 ON RAMP FROM KY155,,,,,38.188425560,-85.510509364,6.141,3/30/2022 12:00:00 AM,1527,2,2,0,0,CLEAR,DRY,False,ANGLE COLLISION - OTHER,ANGLE,STRAIGHT & LEVEL,DAYLIGHT,,,3/31/2022 8:22:24 AM,False,2321,Accepted,
29882373,0568000,LOUISVILLE METRO POLICE DEPT,Accepted,JEFFERSON,,,SOUTHERN,AVE,,,32ND,,,,,38.232108855,-85.808269259,0.353,3/30/2022 12:00:00 AM,2340,2,2,0,0,RAINING,WET,True,SIDESWIPE-SAME DIRECTION,SIDESWIPE-SAME DIRECTION,STRAIGHT & LEVEL,DARK-HWY LIGHTED/ON,,,3/31/2022 8:22:57 AM,False,2186,Accepted,
29882374,0568000,LOUISVILLE METRO POLICE DEPT,Accepted,JEFFERSON,KY0061,,PRESTON,HWY,,,ANTLE,,,,,38.087511276,-85.667755292,0.261,3/30/2022 12:00:00 AM,2215,2,2,0,0,RAINING,WET,False,ANGLE COLLISION - OTHER,ANGLE,STRAIGHT & LEVEL,DARK-HWY NOT LIGHTED,,,3/31/2022 8:23:01 AM,False,5198,Accepted,
29886701,0568000,LOUISVILLE METRO POLICE DEPT,Accepted,JEFFERSON,KY3084,,OLD HENRY,RD,,,,,,,,38.269182502,-85.502920080,1.037,3/30/2022 12:00:00 AM,1741,2,2,0,0,CLEAR,DRY,False,1 VEHICLE ENTERING/LEAVING ENTRANCE,ANGLE,STRAIGHT & GRADE,DAYLIGHT,,,4/1/2022 8:05:20 AM,False,6532,Accepted,
29878286,0568000,LOUISVILLE METRO POLICE DEPT,Accepted,JEFFERSON,KY1631,,CRITTENDEN,DR,,,CENTRAL,,,,,38.202928858,-85.750713312,1.038,3/30/2022 12:00:00 AM,0002,2,2,0,0,CLEAR,DRY,False,SIDESWIPE-SAME DIRECTION,SIDESWIPE-SAME DIRECTION,STRAIGHT & LEVEL,DARK-HWY LIGHTED/ON,,,3/30/2022 8:16:12 AM,False,7101,Accepted,
29882339,0568000,LOUISVILLE METRO POLICE DEPT,Accepted,JEFFERSON,I 0065,,I65 S,,,,,,,,,38.122507541,-85.702089904,125.677,3/30/2022 12:00:00 AM,0755,2,2,0,0,CLEAR,DRY,True,SIDESWIPE COLLISION - SAME DIRECTION,SIDESWIPE-SAME DIRECTION,STRAIGHT & LEVEL,DAYLIGHT,,,3/31/2022 8:20:49 AM,False,4903,Accepted,
29882341,0568000,LOUISVILLE METRO POLICE DEPT,Accepted,JEFFERSON,KY1865,5327,NEW CUT,RD,,,,,,,,38.157438024,-85.777974090,3.487,3/30/2022 12:00:00 AM,0817,2,2,0,0,CLEAR,DRY,False,1 VEHICLE ENTERING/LEAVING ENTRANCE,ANGLE,STRAIGHT & LEVEL,DAYLIGHT,,,3/31/2022 8:20:58 AM,False,7232,Accepted,
29878287,0568000,LOUISVILLE METRO POLICE DEPT,Accepted,JEFFERSON,I 0071,,I71 N,,,,,,,,,38.309316252,-85.592626914,8.389,3/30/2022 12:00:00 AM,0406,1,1,0,0,CLEAR,DRY,False,COLLISION WITH FIXED OBJECT NON - INTERSECTION - FIRST EVENT COLLISION 09 - 32 EXCLUDING 16,SINGLE VEHICLE,STRAIGHT & LEVEL,DARK-HWY LIGHTED/OFF,,,3/30/2022 8:16:17 AM,False,5030,Accepted,
29936697,0568000,LOUISVILLE METRO POLICE DEPT,Accepted,JEFFERSON,US0031E,400BLK,BAXTER,AVE,,,BARRET,,,,,38.247835513,-85.730204172,16.251,3/30/2022 12:00:00 AM,1941,2,2,0,2,CLEAR,DRY,False,SIDESWIPE-SAME DIRECTION,SIDESWIPE-SAME DIRECTION,STRAIGHT & LEVEL,DARK-HWY LIGHTED/ON,,,4/14/2022 8:34:38 AM,False,5330,Accepted,