IncidentID,AgencyORI,AgencyName,IncidentStatusDesc,County,RdwyNumber,Street,RoadwayName,StreetSfx,StreetDir,IntersectionRdwy,IntersectionRdwyName,BetweenStRdwy1,BetweenStRdwyName1,BetweenStRdwy2,BetweenStRdwyName2,Latitude,Longitude,Milepoint,CollisionDate,CollisionTime,UnitsInvolved,MotorVehiclesInvolved,NumberKilled,NumberInjured,Weather,RdwyConditionCode,HitandRun,DirAnalysisCode,MannerofCollision,RdwyCharacter,LightCondition,RampFromRdwyId,RampToRdwyId,AcceptedDate,IsSecondaryCollision,OwnerBadge,IncidentStatus,
29878272,0568000,LOUISVILLE METRO POLICE DEPT,Accepted,JEFFERSON,,,HIKES,LN,,,,,,,,38.218829692,-85.627391812,3.109,3/29/2022 12:00:00 AM,0741,2,2,0,0,CLOUDY,DRY,False,1 VEHICLE ENTERING/LEAVING ENTRANCE,ANGLE,STRAIGHT & LEVEL,DAYLIGHT,,,3/30/2022 8:14:58 AM,False,4693,Accepted,
29878279,0568000,LOUISVILLE METRO POLICE DEPT,Accepted,JEFFERSON,I 0071,,I71 N,,,,,,,,,38.276689709,-85.694396968,1.969,3/29/2022 12:00:00 AM,1603,2,2,0,1,CLEAR,DRY,False,SIDESWIPE COLLISION - OPPOSITE DIRECTION,SIDESWIPE-OPPOSITE DIRECTION,STRAIGHT & LEVEL,DAYLIGHT,,,3/30/2022 8:15:33 AM,False,7023,Accepted,
29878280,0568000,LOUISVILLE METRO POLICE DEPT,Accepted,JEFFERSON,,1614,BRECKINRIDGE,ST,W,,,,,,,38.244141209,-85.780981422,1.306,3/29/2022 12:00:00 AM,1639,1,1,0,0,CLOUDY,DRY,False,COLLISION WITH FIXED OBJECT NON - INTERSECTION - FIRST EVENT COLLISION 09 - 32 EXCLUDING 16,SINGLE VEHICLE,STRAIGHT & LEVEL,DAYLIGHT,,,3/30/2022 8:15:38 AM,False,5343,Accepted,
29878278,0568000,LOUISVILLE METRO POLICE DEPT,Accepted,JEFFERSON,I 0265,,,,,US0031E,BARDSTOWN,,,,,38.138447943,-85.581586676,0.016,3/29/2022 12:00:00 AM,1717,2,2,0,0,CLOUDY,DRY,True,SIDESWIPE-SAME DIRECTION,SIDESWIPE-SAME DIRECTION,STRAIGHT & LEVEL,DAYLIGHT,,,3/30/2022 8:15:30 AM,False,2324,Accepted,
29878270,0568000,LOUISVILLE METRO POLICE DEPT,Accepted,JEFFERSON,,,UPPER HUNTERS,TRCE,,,FIELDING,,,,,38.168586747,-85.830125571,0.091,3/29/2022 12:00:00 AM,0908,1,1,0,0,CLOUDY,DRY,False,COLLISION WITH FIXED OBJECT IN INTERSECTION - FIRST EVENT COLLISION 09 - 32,SINGLE VEHICLE,STRAIGHT & LEVEL,DAYLIGHT,,,3/30/2022 8:14:51 AM,False,7340,Accepted,
29950647,0568000,LOUISVILLE METRO POLICE DEPT,Accepted,JEFFERSON,,,BROADWAY,,W,,34TH,,,,,38.249919003,-85.808698883,1.111,3/29/2022 12:00:00 AM,1558,2,1,0,0,CLEAR,DRY,False,NON-COLLISION OBJECT COLLISION,SINGLE VEHICLE,STRAIGHT & LEVEL,DAYLIGHT,,,4/18/2022 8:20:41 AM,False,7879,Accepted,
29878288,0568000,LOUISVILLE METRO POLICE DEPT,Accepted,JEFFERSON,US0060A,,TAYLOR,BLVD,,,CENTRAL,,,,,38.206377878,-85.776251396,2.289,3/29/2022 12:00:00 AM,2354,2,2,0,0,CLEAR,DRY,False,ANGLE COLLISION - OTHER,ANGLE,STRAIGHT & LEVEL,DARK-HWY LIGHTED/ON,,,3/30/2022 8:16:21 AM,False,5316,Accepted,
29927516,0568000,LOUISVILLE METRO POLICE DEPT,Accepted,JEFFERSON,,,LINDSAY,AVE,,,,,,,,38.261290691,-85.704585545,0.205,3/29/2022 12:00:00 AM,0820,2,2,0,0,CLEAR,DRY,True,SIDESWIPE COLLISION - SAME DIRECTION,SIDESWIPE-SAME DIRECTION,STRAIGHT & HILLCREST,DAYLIGHT,,,4/12/2022 8:14:56 AM,False,7023,Accepted,
29896248,0568000,LOUISVILLE METRO POLICE DEPT,Accepted,JEFFERSON,,,SOUTHWESTERN,PKWY,,,HALE,,,,,38.242298485,-85.830212450,1.855,3/29/2022 12:00:00 AM,1530,1,1,0,0,CLOUDY,DRY,False,COLLISION WITH FIXED OBJECT IN INTERSECTION - FIRST EVENT COLLISION 09 - 32,SINGLE VEHICLE,STRAIGHT & LEVEL,DAYLIGHT,,,4/4/2022 8:31:10 AM,False,5257,Accepted,
29896283,0568000,LOUISVILLE METRO POLICE DEPT,Accepted,JEFFERSON,,,BARRET,AVE,,US0060A,EASTERN,,,,,38.226583818,-85.720500440,1.763,3/29/2022 12:00:00 AM,1016,2,2,0,0,CLEAR,DRY,False,HEAD-ON COLLISION,HEAD ON,STRAIGHT & HILLCREST,DAYLIGHT,,,4/4/2022 8:33:16 AM,False,5006,Accepted,
29878290,0568000,LOUISVILLE METRO POLICE DEPT,Accepted,JEFFERSON,KY2052,,SHEPHERDSVILLE,RD,,,MONACO,,,,,38.140352456,-85.657934774,0.095,3/29/2022 12:00:00 AM,2011,2,2,0,0,CLEAR,DRY,False,ANGLE COLLISION - ONE VEHICLE TURNING LEFT,ANGLE,STRAIGHT & LEVEL,DUSK,,,3/30/2022 8:16:31 AM,False,5341,Accepted,
29879037,0561500,UNIV. OF LOUISVILLE POLICE,Accepted,JEFFERSON,KY1020,,3RD,ST,S,US0060A,EASTERN,,,,,38.213760734,-85.762277824,9.868,3/29/2022 12:00:00 AM,0734,3,3,0,2,CLOUDY,DRY,True,OTHER INTERSECTION COLLISIONS,REAR END,STRAIGHT & GRADE,DAYLIGHT,,,3/30/2022 11:31:05 AM,False,5712,Accepted,
29878276,0568000,LOUISVILLE METRO POLICE DEPT,Accepted,JEFFERSON,,652,39TH,ST,S,,,,,,,38.251414360,-85.816501494,0.879,3/29/2022 12:00:00 AM,0648,4,4,0,0,CLEAR,DRY,False,1 VEHICLE PARKED POSITION (NOT PARKING LOT/DRIVEWAY),SIDESWIPE-SAME DIRECTION,STRAIGHT & LEVEL,DAYLIGHT,,,3/30/2022 8:15:18 AM,False,5282,Accepted,
29878283,0568000,LOUISVILLE METRO POLICE DEPT,Accepted,JEFFERSON,US0031W,,DIXIE,HWY,,,FLINTLOCK,,,,,38.160037685,-85.832805370,12.729,3/29/2022 12:00:00 AM,0630,2,2,0,1,CLEAR,DRY,False,ANGLE COLLISION - OTHER,ANGLE,STRAIGHT & LEVEL,DARK-HWY LIGHTED/ON,,,3/30/2022 8:15:58 AM,False,5136,Accepted,
29878284,0568000,LOUISVILLE METRO POLICE DEPT,Accepted,JEFFERSON,,,CLAY,ST,S,,,,,,,38.234829105,-85.743269176,1.406,3/29/2022 12:00:00 AM,2105,2,2,0,0,CLEAR,DRY,False,COLLISION WITH FIXED OBJECT NON - INTERSECTION - FIRST EVENT COLLISION 09 - 32 EXCLUDING 16,SIDESWIPE-SAME DIRECTION,STRAIGHT & LEVEL,DARK-HWY LIGHTED/ON,,,3/30/2022 8:16:04 AM,False,5258,Accepted,
29878285,0568000,LOUISVILLE METRO POLICE DEPT,Accepted,JEFFERSON,,,BROOK,ST,S,,BURNETT,,,,,38.226583540,-85.755060258,1.437,3/29/2022 12:00:00 AM,1619,2,2,0,0,CLEAR,DRY,False,SIDESWIPE-SAME DIRECTION,SIDESWIPE-SAME DIRECTION,STRAIGHT & LEVEL,DAYLIGHT,,,3/30/2022 8:16:08 AM,False,7132,Accepted,
29873744,0568000,LOUISVILLE METRO POLICE DEPT,Accepted,JEFFERSON,KY1447,,WESTPORT,RD,,KY1747,HURSTBOURNE,,,,,38.287669146,-85.572183663,5.243,3/29/2022 12:00:00 AM,0017,2,2,0,1,CLEAR,DRY,True,ANGLE COLLISION - OTHER,ANGLE,STRAIGHT & LEVEL,DARK-HWY LIGHTED/ON,,,3/29/2022 8:28:36 AM,False,5030,Accepted,
29873745,0568000,LOUISVILLE METRO POLICE DEPT,Accepted,JEFFERSON,,,32ND,ST,S,,MUHAMMAD ALI,,,,,38.256435886,-85.804948519,1.967,3/29/2022 12:00:00 AM,0014,1,1,0,2,CLEAR,DRY,False,COLLISION WITH FIXED OBJECT IN INTERSECTION - FIRST EVENT COLLISION 09 - 32,SINGLE VEHICLE,STRAIGHT & LEVEL,DARK-HWY LIGHTED/ON,,,3/29/2022 8:28:41 AM,False,5365,Accepted,
29878273,0568000,LOUISVILLE METRO POLICE DEPT,Accepted,JEFFERSON,,,13TH,ST,S,,,,PATTON,,BRASHEAR,38.225401753,-85.777202888,1.782,3/29/2022 12:00:00 AM,1550,2,2,0,0,CLOUDY,DRY,False,SIDESWIPE COLLISION - SAME DIRECTION,SIDESWIPE-SAME DIRECTION,STRAIGHT & LEVEL,DAYLIGHT,,,3/30/2022 8:15:02 AM,False,2469,Accepted,
29878274,0568000,LOUISVILLE METRO POLICE DEPT,Accepted,JEFFERSON,KY0155,,TAYLORSVILLE,RD,,,,,RAMBLIN CREEK,,BOLLING BROOK,38.185645833,-85.544884451,8.029,3/29/2022 12:00:00 AM,1524,3,3,0,2,CLOUDY,DRY,False,1 VEHICLE ENTERING/LEAVING ENTRANCE,ANGLE,CURVE & LEVEL,DAYLIGHT,,,3/30/2022 8:15:08 AM,False,2324,Accepted,
29878281,0568000,LOUISVILLE METRO POLICE DEPT,Accepted,JEFFERSON,US0031E,,BARDSTOWN,RD,,,,,BARTLEY,,CEDAR CREEK,38.138082014,-85.581513571,4.661,3/29/2022 12:00:00 AM,1615,2,2,0,0,CLOUDY,DRY,False,OTHER ROADWAY OR MID-BLOCK COLLISION,REAR END,STRAIGHT & LEVEL,DAYLIGHT,,,3/30/2022 8:15:46 AM,False,2506,Accepted,
29873746,0568000,LOUISVILLE METRO POLICE DEPT,Accepted,JEFFERSON,,,DEERING,RD,,KY0907,VALLEY STATION,,,,,38.104849858,-85.861399398,0.058,3/28/2022 12:00:00 AM,2117,1,1,0,0,CLEAR,DRY,False,COLLISION WITH FIXED OBJECT IN INTERSECTION - FIRST EVENT COLLISION 09 - 32,SINGLE VEHICLE,STRAIGHT & LEVEL,DARK-HWY LIGHTED/ON,,,3/29/2022 8:28:44 AM,False,5048,Accepted,
29873721,0568000,LOUISVILLE METRO POLICE DEPT,Accepted,JEFFERSON,,,10TH,ST,S,US0031W,MARKET,,,,,38.256322830,-85.766703571,0.096,3/28/2022 12:00:00 AM,0829,2,2,0,1,CLEAR,DRY,False,ANGLE COLLISION - OTHER,ANGLE,STRAIGHT & LEVEL,DAYLIGHT,,,3/29/2022 8:27:22 AM,False,5173,Accepted,
29873730,0568000,LOUISVILLE METRO POLICE DEPT,Accepted,JEFFERSON,KY1703,,NEWBURG,RD,,,TREVILIAN,,,,,38.213565102,-85.700996965,3.399,3/28/2022 12:00:00 AM,1551,2,2,0,0,CLEAR,DRY,False,ANGLE COLLISION - OTHER,ANGLE,STRAIGHT & LEVEL,DAYLIGHT,,,3/29/2022 8:27:53 AM,False,7570,Accepted,
29873747,0568000,LOUISVILLE METRO POLICE DEPT,Accepted,JEFFERSON,US0060A,,LEXINGTON,RD,,KY2048,CANNONS,,,,,38.249612869,-85.666937036,9.969,3/28/2022 12:00:00 AM,2255,2,2,0,0,CLOUDY,DRY,False,ANGLE COLLISION - OTHER,ANGLE,STRAIGHT & LEVEL,DARK-HWY LIGHTED/ON,,,3/29/2022 8:28:47 AM,False,2034,Accepted,
29873736,0568000,LOUISVILLE METRO POLICE DEPT,Accepted,JEFFERSON,,,STRAWBERRY,LN,,,,,,,,38.162452373,-85.758730840,0.405,3/28/2022 12:00:00 AM,1715,2,2,0,0,CLOUDY,DRY,False,REAR END IN TRAFFIC LANES BOTH VEHICLES MOVING,REAR END,STRAIGHT & LEVEL,DAYLIGHT,,,3/29/2022 8:28:09 AM,False,7234,Accepted,
29873737,0568000,LOUISVILLE METRO POLICE DEPT,Accepted,JEFFERSON,KY2054,,ALGONQUIN,PKWY,,,MCCLOSKEY,,,,,38.222881250,-85.787965196,1.884,3/28/2022 12:00:00 AM,1442,2,2,0,0,CLEAR,DRY,False,ANGLE COLLISION - OTHER,ANGLE,STRAIGHT & LEVEL,DAYLIGHT,,,3/29/2022 8:28:13 AM,False,5412,Accepted,
29873688,0560300,ST. MATTHEWS POLICE DEPARTMENT,Accepted,JEFFERSON,US0060,5000,SHELBYVILLE,RD,,,TEN PIN,,,,,38.250328119,-85.623652383,5.307,3/28/2022 12:00:00 AM,1240,4,4,0,1,CLEAR,DRY,True,ANGLE COLLISION - OTHER,ANGLE,STRAIGHT & LEVEL,DAYLIGHT,,,3/29/2022 8:13:18 AM,False,9156,Accepted,
29869140,0568000,LOUISVILLE METRO POLICE DEPT,Accepted,JEFFERSON,I 0065,,,,,,,,,,,38.155720381,-85.717739616,0.440,3/28/2022 12:00:00 AM,0055,1,1,0,1,CLEAR,DRY,False,COLLISION WITH FIXED OBJECT IN GORE,SINGLE VEHICLE,CURVE & GRADE,DARK-HWY LIGHTED/ON,KY1631,I 0065,3/28/2022 8:46:09 AM,False,5314,Accepted,
29873727,0568000,LOUISVILLE METRO POLICE DEPT,Accepted,JEFFERSON,I 0064,,I64 E,,,,,,,,,38.223357776,-85.527715163,17.783,3/28/2022 12:00:00 AM,0659,2,2,0,0,CLEAR,DRY,False,1 VEHICLE ENTERING/LEAVING ENTRANCE,ANGLE,STRAIGHT & GRADE,DAYLIGHT,,,3/29/2022 8:27:42 AM,False,4903,Accepted,
29873728,0568000,LOUISVILLE METRO POLICE DEPT,Accepted,JEFFERSON,,,BROADWAY,,W,,29TH,,,,,38.249615203,-85.799922476,0.638,3/28/2022 12:00:00 AM,0934,1,1,0,0,CLEAR,DRY,False,COLLISION WITH FIXED OBJECT IN INTERSECTION - FIRST EVENT COLLISION 09 - 32,SINGLE VEHICLE,STRAIGHT & LEVEL,DAYLIGHT,,,3/29/2022 8:27:46 AM,False,5407,Accepted,
29873729,0568000,LOUISVILLE METRO POLICE DEPT,Accepted,JEFFERSON,US0150,1711,BROADWAY,,W,,,,,,,38.248817596,-85.779894070,1.198,3/28/2022 12:00:00 AM,1529,2,2,0,0,CLEAR,DRY,False,COLLISION IN PARKING LOT,SIDESWIPE-OPPOSITE DIRECTION,STRAIGHT & LEVEL,DAYLIGHT,,,3/29/2022 8:27:50 AM,False,5407,Accepted,
29873749,0568000,LOUISVILLE METRO POLICE DEPT,Accepted,JEFFERSON,,,FLOYD,ST,S,,BYRNE,,,,,38.208180051,-85.756228000,3.277,3/28/2022 12:00:00 AM,1854,2,2,0,0,CLEAR,DRY,True,COLLISION WITH PARKED VEHICLE,REAR END,STRAIGHT & LEVEL,DAYLIGHT,,,3/29/2022 8:28:55 AM,False,5342,Accepted,
29873750,0568000,LOUISVILLE METRO POLICE DEPT,Accepted,JEFFERSON,KY1747,,HURSTBOURNE,PKWY,S,,,,,,,38.162818335,-85.612743746,6.835,3/28/2022 12:00:00 AM,2021,1,1,0,1,CLEAR,DRY,False,OTHER ROADWAY OR MID-BLOCK COLLISION,SINGLE VEHICLE,STRAIGHT & LEVEL,DUSK,,,3/29/2022 8:28:58 AM,False,7449,Accepted,
29873751,0568000,LOUISVILLE METRO POLICE DEPT,Accepted,JEFFERSON,,6600,MEMORY,LN,,,,,,,,38.155482285,-85.870141984,0.113,3/28/2022 12:00:00 AM,1814,2,2,0,0,CLEAR,DRY,False,REAR END IN TRAFFIC LANES BOTH VEHICLES MOVING,REAR END,STRAIGHT & LEVEL,DAYLIGHT,,,3/29/2022 8:29:01 AM,False,7992,Accepted,
29873742,0568000,LOUISVILLE METRO POLICE DEPT,Accepted,JEFFERSON,I 0264,,I264 W,,,,,,,,,38.190831808,-85.722516121,12.476,3/28/2022 12:00:00 AM,2012,2,2,0,1,CLEAR,DRY,False,SIDESWIPE COLLISION - SAME DIRECTION,SIDESWIPE-SAME DIRECTION,STRAIGHT & LEVEL,DUSK,,,3/29/2022 8:28:30 AM,True,7291,Accepted,
29873723,0568000,LOUISVILLE METRO POLICE DEPT,Accepted,JEFFERSON,,,HILL,ST,E,,FLOYD,,,,,38.224862155,-85.753309637,0.345,3/28/2022 12:00:00 AM,1222,1,1,0,0,CLEAR,DRY,False,NON-COLLISION OBJECT COLLISION,SINGLE VEHICLE,STRAIGHT & GRADE,DAYLIGHT,,,3/29/2022 8:27:31 AM,False,7132,Accepted,
29873725,0568000,LOUISVILLE METRO POLICE DEPT,Accepted,JEFFERSON,US0031E,,BARDSTOWN,RD,,,,,,,,38.183173291,-85.630367367,8.934,3/28/2022 12:00:00 AM,0713,2,2,0,0,CLEAR,DRY,False,COLLISION WITH FIXED OBJECT NON - INTERSECTION - FIRST EVENT COLLISION 09 - 32 EXCLUDING 16,ANGLE,STRAIGHT & LEVEL,DARK (UNKNOWN ROADWAY LIGHTING),,,3/29/2022 8:27:35 AM,False,4693,Accepted,
29873731,0568000,LOUISVILLE METRO POLICE DEPT,Accepted,JEFFERSON,,,COOPER CHAPEL,RD,,,,KY0061,PRESTON,,PRESTON CROSSING,38.103534614,-85.672497431,,3/28/2022 12:00:00 AM,1239,2,2,0,0,CLEAR,DRY,False,OTHER ROADWAY OR MID-BLOCK COLLISION,REAR END,STRAIGHT & LEVEL,DAYLIGHT,,,3/29/2022 8:27:57 AM,False,2324,Accepted,
29873734,0568000,LOUISVILLE METRO POLICE DEPT,Accepted,JEFFERSON,KY2054,,ALGONQUIN,PKWY,,KY1934,CANE RUN,,,,,38.224406109,-85.809325831,0.720,3/28/2022 12:00:00 AM,0859,2,2,0,0,CLEAR,DRY,False,OPPOSING LEFT TURN,OPPOSING LEFT TURN,STRAIGHT & LEVEL,DAYLIGHT,,,3/29/2022 8:28:00 AM,False,7656,Accepted,
29873740,0568000,LOUISVILLE METRO POLICE DEPT,Accepted,JEFFERSON,,3430 1/2,GRAND,AVE,,,,,,,,38.241899579,-85.810415262,1.085,3/28/2022 12:00:00 AM,1902,2,2,0,0,CLEAR,DRY,False,1 VEHICLE PARKED POSITION (NOT PARKING LOT/DRIVEWAY),SIDESWIPE-SAME DIRECTION,STRAIGHT & LEVEL,DAYLIGHT,,,3/29/2022 8:28:22 AM,False,7309,Accepted,
29873726,0568000,LOUISVILLE METRO POLICE DEPT,Accepted,JEFFERSON,,,INDIAN,TRL,E,,,,,,,38.171372353,-85.685473009,1.171,3/28/2022 12:00:00 AM,1018,2,2,0,0,CLEAR,DRY,False,1 VEHICLE ENTERING/LEAVING ENTRANCE,ANGLE,STRAIGHT & LEVEL,DAYLIGHT,,,3/29/2022 8:27:38 AM,False,4693,Accepted,
29873735,0568000,LOUISVILLE METRO POLICE DEPT,Accepted,JEFFERSON,KY1865,,NEW CUT,RD,,,,,,,,38.127428848,-85.776026951,1.232,3/28/2022 12:00:00 AM,1550,2,2,0,0,CLEAR,DRY,False,SIDESWIPE COLLISION - SAME DIRECTION,SIDESWIPE-SAME DIRECTION,STRAIGHT & LEVEL,DAYLIGHT,,,3/29/2022 8:28:05 AM,False,7234,Accepted,
29878271,0568000,LOUISVILLE METRO POLICE DEPT,Accepted,JEFFERSON,I 0065,,,,,,,,,,,38.116810672,-85.702717810,0.144,3/28/2022 12:00:00 AM,1807,1,1,0,1,CLEAR,DRY,False,COLLISION WITH FIXED OBJECT NOT IN GORE ,SINGLE VEHICLE,CURVE & GRADE,DAYLIGHT,I 0065,I 0065,3/30/2022 8:14:55 AM,False,8278,Accepted,
29886718,0568000,LOUISVILLE METRO POLICE DEPT,Accepted,JEFFERSON,KY0061,,PRESTON,ST,S,,BRECKINRIDGE,,,,,38.240726392,-85.748320759,11.935,3/28/2022 12:00:00 AM,1845,2,2,0,0,CLOUDY,DRY,False,ANGLE COLLISION - OTHER,ANGLE,STRAIGHT & LEVEL,DAYLIGHT,,,4/1/2022 8:05:57 AM,False,7257,Accepted,
29896279,0568000,LOUISVILLE METRO POLICE DEPT,Accepted,JEFFERSON,US0031W,,DIXIE,HWY,,,PAGES,,,,,38.130129208,-85.847881214,10.497,3/28/2022 12:00:00 AM,1337,2,2,0,0,CLEAR,DRY,False,OTHER INTERSECTION COLLISIONS,REAR END,STRAIGHT & LEVEL,DAYLIGHT,,,4/4/2022 8:33:01 AM,False,7496,Accepted,
29913199,0560000,JEFFERSON COUNTY SHERIFF DEPT.,Accepted,JEFFERSON,I 0064,,I64 E,,,,,,,,,38.258394384,-85.745856082,5.167,3/28/2022 12:00:00 AM,1606,3,1,0,0,CLEAR,DRY,False,REAR END IN TRAFFIC LANES BOTH VEHICLES MOVING,REAR END,STRAIGHT & LEVEL,DAYLIGHT,,,4/8/2022 3:02:18 AM,False,3949,Accepted,
29886737,0568000,LOUISVILLE METRO POLICE DEPT,Accepted,JEFFERSON,I 0264,,I264 W,,,,,,,,,38.210330834,-85.672931813,15.562,3/27/2022 12:00:00 AM,2200,2,2,0,0,CLEAR,DRY,False,1 VEHICLE PARKED POSITION (NOT PARKING LOT/DRIVEWAY),SIDESWIPE-SAME DIRECTION,STRAIGHT & LEVEL,DARK-HWY LIGHTED/ON,,,4/1/2022 8:06:38 AM,False,5300,Accepted,
29869119,0568000,LOUISVILLE METRO POLICE DEPT,Accepted,JEFFERSON,KY1934,4340,CANE RUN,RD,,,,KY2049,CRUMS,,KRISTIN,38.198367918,-85.838464170,9.094,3/27/2022 12:00:00 AM,0015,2,2,0,0,CLEAR,DRY,False,SIDESWIPE COLLISION - SAME DIRECTION,SIDESWIPE-SAME DIRECTION,STRAIGHT & LEVEL,DARK-HWY LIGHTED/ON,,,3/28/2022 8:44:56 AM,False,5319,Accepted,
29869138,0568000,LOUISVILLE METRO POLICE DEPT,Accepted,JEFFERSON,US0060A,,BERRY,BLVD,,,GEORGETOWN,,,,,38.196645610,-85.793520598,0.887,3/27/2022 12:00:00 AM,0238,2,2,0,0,CLOUDY,DRY,False,HEAD-ON COLLISION,HEAD ON,STRAIGHT & LEVEL,DARK-HWY LIGHTED/ON,,,3/28/2022 8:46:05 AM,False,5373,Accepted,
29869128,0568000,LOUISVILLE METRO POLICE DEPT,Accepted,JEFFERSON,,,WILART,DR,,,,,,,,38.219259303,-85.794150613,,3/27/2022 12:00:00 AM,1939,3,3,0,0,CLEAR,DRY,False,SIDESWIPE COLLISION - SAME DIRECTION,SIDESWIPE-SAME DIRECTION,STRAIGHT & LEVEL,DAYLIGHT,,,3/28/2022 8:45:38 AM,False,7154,Accepted,
29869121,0568000,LOUISVILLE METRO POLICE DEPT,Accepted,JEFFERSON,US0042,,BROWNSBORO,RD,,,,,EWING,,MT HOLLY,38.258450099,-85.702883055,1.785,3/27/2022 12:00:00 AM,0900,2,2,0,0,CLEAR,DRY,False,REAR END IN TRAFFIC LANES BOTH VEHICLES MOVING,REAR END,STRAIGHT & LEVEL,DAYLIGHT,,,3/28/2022 8:45:04 AM,False,2413,Accepted,
29869114,0568000,LOUISVILLE METRO POLICE DEPT,Accepted,JEFFERSON,US0031E,5301,BARDSTOWN,RD,,,,,,,,38.168732529,-85.604593784,7.107,3/27/2022 12:00:00 AM,0342,1,1,0,0,CLEAR,DRY,True,COLLISION IN PARKING LOT,SINGLE VEHICLE,STRAIGHT & LEVEL,DARK-HWY LIGHTED/ON,,,3/28/2022 8:44:34 AM,False,5141,Accepted,
29869142,0568000,LOUISVILLE METRO POLICE DEPT,Accepted,JEFFERSON,US0031E,,BARDSTOWN,RD,,,,,,,,38.227702798,-85.699920197,14.040,3/27/2022 12:00:00 AM,2041,2,2,0,0,CLEAR,DRY,False,SIDESWIPE COLLISION - SAME DIRECTION,SIDESWIPE-SAME DIRECTION,STRAIGHT & LEVEL,DARK-HWY LIGHTED/ON,,,3/28/2022 8:46:17 AM,False,5104,Accepted,
29869115,0568000,LOUISVILLE METRO POLICE DEPT,Accepted,JEFFERSON,,9012,WOODDALE,DR,,,,,,,,38.123954517,-85.844694508,0.144,3/27/2022 12:00:00 AM,0300,1,1,0,0,CLEAR,DRY,False,COLLISION WITH FIXED OBJECT NON - INTERSECTION - FIRST EVENT COLLISION 09 - 32 EXCLUDING 16,SINGLE VEHICLE,STRAIGHT & GRADE,DARK-HWY LIGHTED/ON,,,3/28/2022 8:44:39 AM,False,7295,Accepted,
29869117,0568000,LOUISVILLE METRO POLICE DEPT,Accepted,JEFFERSON,I 0065,,I65 S,,,I 0065,I65 S EXIT133 OFF RAMP TO  ARTHUR ST,,,,,38.214702095,-85.752525538,133.078,3/27/2022 12:00:00 AM,0445,2,2,0,1,CLEAR,DRY,True,OTHER INTERSECTION COLLISIONS,REAR END,STRAIGHT & LEVEL,DARK-HWY NOT LIGHTED,,,3/28/2022 8:44:47 AM,False,5267,Accepted,
29869118,0568000,LOUISVILLE METRO POLICE DEPT,Accepted,JEFFERSON,,,4TH,ST,S,,IOWA,,,,,38.207757244,-85.765117067,3.402,3/27/2022 12:00:00 AM,0112,2,2,0,0,CLEAR,DRY,True,ANGLE COLLISION - OTHER,ANGLE,STRAIGHT & LEVEL,DARK-HWY LIGHTED/ON,,,3/28/2022 8:44:52 AM,False,5378,Accepted,
29869124,0568000,LOUISVILLE METRO POLICE DEPT,Accepted,JEFFERSON,KY1065,,OUTER,LOOP,,,,,CEDAR BROOK,,ROBBS,38.137856450,-85.667028749,7.150,3/27/2022 12:00:00 AM,1413,2,2,0,0,CLEAR,DRY,False,1 VEHICLE ENTERING/LEAVING ENTRANCE,ANGLE,STRAIGHT & LEVEL,DAYLIGHT,,,3/28/2022 8:45:17 AM,False,2547,Accepted,
29869125,0568000,LOUISVILLE METRO POLICE DEPT,Accepted,JEFFERSON,US0031E,1075,BARDSTOWN,RD,,,,,,,,38.238837318,-85.721444991,15.403,3/27/2022 12:00:00 AM,1626,2,2,0,0,CLEAR,DRY,False,COLLISION IN PARKING LOT,REAR TO REAR,STRAIGHT & LEVEL,DAYLIGHT,,,3/28/2022 8:45:20 AM,False,7900,Accepted,
29869132,0568000,LOUISVILLE METRO POLICE DEPT,Accepted,JEFFERSON,KY1450,,BLUE LICK,RD,,,SLACK,,,,,38.110510610,-85.690634689,1.758,3/27/2022 12:00:00 AM,2320,1,1,0,0,CLEAR,DRY,True,COLLISION WITH FIXED OBJECT IN INTERSECTION - FIRST EVENT COLLISION 09 - 32,SINGLE VEHICLE,STRAIGHT & LEVEL,DARK-HWY NOT LIGHTED,,,3/28/2022 8:45:52 AM,False,5198,Accepted,
29869133,0568000,LOUISVILLE METRO POLICE DEPT,Accepted,JEFFERSON,KY1020,,SOUTHERN,PKWY,,KY2801,FLORENCE,,,,,38.191141821,-85.766718776,8.484,3/27/2022 12:00:00 AM,2150,2,2,0,2,CLEAR,DRY,False,ANGLE COLLISION - OTHER,ANGLE,STRAIGHT & HILLCREST,DARK-HWY NOT LIGHTED,,,3/28/2022 8:45:55 AM,False,5405,Accepted,
29905439,0568000,LOUISVILLE METRO POLICE DEPT,Accepted,JEFFERSON,KY1747,,FERN VALLEY,RD,,,,,,,,38.156411390,-85.662021234,3.852,3/27/2022 12:00:00 AM,1730,3,3,0,0,CLOUDY,DRY,False,1 VEHICLE ENTERING/LEAVING ENTRANCE,ANGLE,STRAIGHT & LEVEL,DAYLIGHT,,,4/6/2022 8:03:37 AM,False,2583,Accepted,