IncidentID,AgencyORI,AgencyName,IncidentStatusDesc,County,RdwyNumber,Street,RoadwayName,StreetSfx,StreetDir,IntersectionRdwy,IntersectionRdwyName,BetweenStRdwy1,BetweenStRdwyName1,BetweenStRdwy2,BetweenStRdwyName2,Latitude,Longitude,Milepoint,CollisionDate,CollisionTime,UnitsInvolved,MotorVehiclesInvolved,NumberKilled,NumberInjured,Weather,RdwyConditionCode,HitandRun,DirAnalysisCode,MannerofCollision,RdwyCharacter,LightCondition,RampFromRdwyId,RampToRdwyId,AcceptedDate,IsSecondaryCollision,OwnerBadge,IncidentStatus,
30240885,0568000,LOUISVILLE METRO POLICE DEPT,Accepted,JEFFERSON,,,INDIAN,TRL,E,,INDIAN OAKS,,,,,38.170775703,-85.687661721,1.052,3/27/2022 12:00:00 AM,0322,2,1,0,0,CLEAR,DRY,False,OTHER INTERSECTION COLLISIONS,REAR END,STRAIGHT & LEVEL,DARK-HWY NOT LIGHTED,,,6/29/2022 8:50:48 AM,False,5399,Accepted,
30034178,0568000,LOUISVILLE METRO POLICE DEPT,Accepted,JEFFERSON,US0150,,22ND,ST,N,,DUNCAN,,,,,38.262575176,-85.785847666,0.558,3/26/2022 12:00:00 AM,0150,2,2,0,0,CLOUDY,WET,True,COLLISION WITH PARKED VEHICLE,REAR END,STRAIGHT & LEVEL,DARK-HWY LIGHTED/ON,,,5/9/2022 8:22:38 AM,False,5275,Accepted,
29869087,0568000,LOUISVILLE METRO POLICE DEPT,Accepted,JEFFERSON,KY0864,,GOSS,AVE,,,TEXAS,,,,,38.225918306,-85.733240401,13.937,3/26/2022 12:00:00 AM,0454,2,2,0,0,CLOUDY,DRY,False,COLLISION WITH PARKED VEHICLE,REAR END,STRAIGHT & LEVEL,DARK-HWY LIGHTED/ON,,,3/28/2022 8:42:48 AM,False,5349,Accepted,
29869097,0568000,LOUISVILLE METRO POLICE DEPT,Accepted,JEFFERSON,I 0065,,I65 N,,,I 0065,I65 N EXIT128 ON RAMP FROM KY1631,,,,,38.156504123,-85.717587267,128.200,3/26/2022 12:00:00 AM,1417,1,1,0,1,CLEAR,FLOODED,False,COLLISION WITH FIXED OBJECT IN INTERSECTION - FIRST EVENT COLLISION 09 - 32,SINGLE VEHICLE,STRAIGHT & LEVEL,DAYLIGHT,,,3/28/2022 8:43:22 AM,False,5101,Accepted,
29869103,0568000,LOUISVILLE METRO POLICE DEPT,Accepted,JEFFERSON,US0031E,,BUECHEL,BYP,,KY2251,BARDSTOWN,,,,,38.190608768,-85.645249774,9.924,3/26/2022 12:00:00 AM,1812,2,2,0,0,CLEAR,DRY,False,ANGLE COLLISION - OTHER,ANGLE,CURVE & LEVEL,DAYLIGHT,,,3/28/2022 8:43:49 AM,False,5269,Accepted,
29869104,0568000,LOUISVILLE METRO POLICE DEPT,Accepted,JEFFERSON,,,OAK,ST,W,US0031W,DR W J HODGE,,,,,38.237297234,-85.788613828,1.824,3/26/2022 12:00:00 AM,1806,2,2,0,0,CLEAR,DRY,False,ANGLE COLLISION - OTHER,ANGLE,STRAIGHT & LEVEL,DAYLIGHT,,,3/28/2022 8:43:54 AM,False,5039,Accepted,
29869095,0568000,LOUISVILLE METRO POLICE DEPT,Accepted,JEFFERSON,KY0864,,FEGENBUSH,LN,,,,,VAUGHN MILL,,PEPPERMILL,38.145028368,-85.627728953,5.182,3/26/2022 12:00:00 AM,0800,2,2,0,0,CLEAR,DRY,False,1 VEHICLE ENTERING/LEAVING ENTRANCE,ANGLE,STRAIGHT & LEVEL,DAYLIGHT,,,3/28/2022 8:43:14 AM,False,6878,Accepted,
29922965,0568000,LOUISVILLE METRO POLICE DEPT,Accepted,JEFFERSON,KY0061,7506,PRESTON,HWY,,,,,,,,38.143031495,-85.689273607,4.274,3/26/2022 12:00:00 AM,2040,1,1,0,1,CLEAR,DRY,False,COLLISION IN PARKING LOT,SINGLE VEHICLE,STRAIGHT & LEVEL,DARK-HWY LIGHTED/ON,,,4/11/2022 8:23:26 AM,False,5264,Accepted,
29869116,0568000,LOUISVILLE METRO POLICE DEPT,Accepted,JEFFERSON,I 0264,,I264 W,,,I 0264,I264 W EXIT5 RAMP KY1934,,,,,38.185723867,-85.820737499,7.053,3/26/2022 12:00:00 AM,0031,1,1,0,4,CLEAR,WET,False,NON-COLLISION OBJECT COLLISION,SINGLE VEHICLE,STRAIGHT & LEVEL,DARK-HWY LIGHTED/ON,,,3/28/2022 8:44:43 AM,False,5363,Accepted,
29869082,0568000,LOUISVILLE METRO POLICE DEPT,Accepted,JEFFERSON,,,GRINSTEAD,DR,,KY1703,BAXTER,,,,,38.237812207,-85.722344513,0.044,3/26/2022 12:00:00 AM,0028,2,2,0,0,RAINING,WET,True,ANGLE COLLISION - OTHER,ANGLE,,DARK-HWY LIGHTED/OFF,,,3/28/2022 8:42:29 AM,False,5195,Accepted,
29869141,0568000,LOUISVILLE METRO POLICE DEPT,Accepted,JEFFERSON,,,ROY WILKINS,AVE,,,JEFFERSON,,,,,38.254743506,-85.765289720,0.198,3/26/2022 12:00:00 AM,1940,2,2,0,0,CLEAR,DRY,True,ANGLE COLLISION - OTHER,ANGLE,STRAIGHT & LEVEL,DUSK,,,3/28/2022 8:46:13 AM,False,5403,Accepted,
29869098,0568000,LOUISVILLE METRO POLICE DEPT,Accepted,JEFFERSON,US0150,,BROADWAY,,E,,1ST,,,,,38.245767549,-85.753355810,2.659,3/26/2022 12:00:00 AM,1437,2,2,0,0,CLEAR,DRY,False,OTHER INTERSECTION COLLISIONS,REAR END,STRAIGHT & LEVEL,DAYLIGHT,,,3/28/2022 8:43:25 AM,False,5338,Accepted,
29869106,0568000,LOUISVILLE METRO POLICE DEPT,Accepted,JEFFERSON,KY1865,,NEW CUT,RD,,KY0841,KY841 RAMP FROM KY1865,,,,,38.121771461,-85.777050275,0.905,3/26/2022 12:00:00 AM,1626,2,2,0,0,CLEAR,DRY,False,ANGLE COLLISION - OTHER,ANGLE,STRAIGHT & LEVEL,DAYLIGHT,,,3/28/2022 8:44:03 AM,False,7356,Accepted,
29869108,0568000,LOUISVILLE METRO POLICE DEPT,Accepted,JEFFERSON,I 0065,,,,,,,,,,,38.187220093,-85.725927477,0.221,3/26/2022 12:00:00 AM,0610,2,2,0,0,CLEAR,DRY,True,OTHER RAMP RELATED COLLISIONS NOT LISTED ABOVE,SIDESWIPE-SAME DIRECTION,STRAIGHT & LEVEL,DARK (UNKNOWN ROADWAY LIGHTING),I 0065,I 0264,3/28/2022 8:44:10 AM,False,5326,Accepted,
29878282,0568000,LOUISVILLE METRO POLICE DEPT,Accepted,JEFFERSON,KY1932,,BRECKENRIDGE,LN,,US0031E,BARDSTOWN,,,,,38.181319311,-85.626764440,0.010,3/26/2022 12:00:00 AM,1403,2,2,0,0,CLEAR,DRY,True,SIDESWIPE-SAME DIRECTION,SIDESWIPE-SAME DIRECTION,STRAIGHT & LEVEL,DAYLIGHT,,,3/30/2022 8:15:51 AM,False,7200,Accepted,
29882360,0568000,LOUISVILLE METRO POLICE DEPT,Accepted,JEFFERSON,I 0064,,,,,,,,,,,38.268972186,-85.782419196,0.142,3/26/2022 12:00:00 AM,1615,2,2,0,0,CLEAR,DRY,False,OTHER RAMP RELATED COLLISIONS NOT LISTED ABOVE,REAR END,STRAIGHT & GRADE,DAYLIGHT,I 0064,US31W,3/31/2022 8:22:07 AM,False,5414,Accepted,
29869093,0568000,LOUISVILLE METRO POLICE DEPT,Accepted,JEFFERSON,,,FLOYD,ST,S,,,,BLOOM,,LEE,38.221578942,-85.753887393,2.339,3/26/2022 12:00:00 AM,0815,3,3,0,0,CLEAR,DRY,True,1 VEHICLE PARKED POSITION (NOT PARKING LOT/DRIVEWAY),SIDESWIPE-OPPOSITE DIRECTION,STRAIGHT & LEVEL,DAYLIGHT,,,3/28/2022 8:43:07 AM,False,5120,Accepted,
29869100,0568000,LOUISVILLE METRO POLICE DEPT,Accepted,JEFFERSON,I 0264,,I264 W,,,,,,,,,38.224909909,-85.643714039,17.437,3/26/2022 12:00:00 AM,0711,2,2,0,0,CLEAR,DRY,False,SIDESWIPE COLLISION - SAME DIRECTION,SIDESWIPE-SAME DIRECTION,STRAIGHT & LEVEL,DARK-HWY LIGHTED/ON,,,3/28/2022 8:43:35 AM,False,6813,Accepted,
29869102,0568000,LOUISVILLE METRO POLICE DEPT,Accepted,JEFFERSON,KY1931,,ST ANDREWS CHURCH,RD,,,,,WINDEMERE,,ST ANDREWS CHURCH,38.153418932,-85.809795789,5.008,3/26/2022 12:00:00 AM,1152,2,2,0,1,CLOUDY,DRY,False,HEAD-ON COLLISION,HEAD ON,CURVE & LEVEL,DAYLIGHT,,,3/28/2022 8:43:44 AM,False,7232,Accepted,
29869110,0568000,LOUISVILLE METRO POLICE DEPT,Accepted,JEFFERSON,,,DIXIE,HWY,,,ST LOUIS,,,,,38.232351017,-85.788855179,1.204,3/26/2022 12:00:00 AM,0445,1,1,0,2,CLOUDY,WET,False,OTHER INTERSECTION COLLISIONS,SINGLE VEHICLE,STRAIGHT & LEVEL,DARK-HWY LIGHTED/ON,,,3/28/2022 8:44:20 AM,False,5353,Accepted,
29869105,0568000,LOUISVILLE METRO POLICE DEPT,Accepted,JEFFERSON,KY0907,7737,3RD ST,RD,,,,,,,,38.143000432,-85.778956393,6.030,3/26/2022 12:00:00 AM,0757,2,1,0,1,CLEAR,DRY,True,OTHER ROADWAY OR MID-BLOCK COLLISION,SINGLE VEHICLE,STRAIGHT & LEVEL,UNKNOWN,,,3/28/2022 8:43:59 AM,False,7427,Accepted,
29869111,0568000,LOUISVILLE METRO POLICE DEPT,Accepted,JEFFERSON,,1777,DUMESNIL,ST,,,,,,,,38.236226198,-85.785048308,1.857,3/26/2022 12:00:00 AM,2347,2,2,0,0,CLOUDY,DRY,True,1 VEHICLE PARKED POSITION (NOT PARKING LOT/DRIVEWAY),REAR END,STRAIGHT & LEVEL,DARK-HWY LIGHTED/ON,,,3/28/2022 8:44:23 AM,False,5353,Accepted,
29869112,0568000,LOUISVILLE METRO POLICE DEPT,Accepted,JEFFERSON,,,BRISCOE,LN,,,WOODROW,,,,,38.142949853,-85.637899986,1.200,3/26/2022 12:00:00 AM,2140,2,2,0,0,CLEAR,DRY,True,ANGLE COLLISION - OTHER,ANGLE,STRAIGHT & LEVEL,DARK-HWY NOT LIGHTED,,,3/28/2022 8:44:27 AM,False,5198,Accepted,
29869113,0568000,LOUISVILLE METRO POLICE DEPT,Accepted,JEFFERSON,KY1747,,FERN VALLEY,RD,,KY0061,PRESTON,,,,,38.156949419,-85.696961720,1.926,3/26/2022 12:00:00 AM,2214,3,3,0,0,CLEAR,DRY,True,OTHER INTERSECTION COLLISIONS,REAR END,STRAIGHT & LEVEL,DARK (UNKNOWN ROADWAY LIGHTING),,,3/28/2022 8:44:31 AM,False,5326,Accepted,
29869120,0568000,LOUISVILLE METRO POLICE DEPT,Accepted,JEFFERSON,,,BEECHER,ST,,,WARREN,,,,,38.191714742,-85.777196530,0.330,3/26/2022 12:00:00 AM,2103,2,2,0,0,CLEAR,DRY,False,OTHER INTERSECTION COLLISIONS,REAR END,STRAIGHT & LEVEL,DARK-HWY LIGHTED/ON,,,3/28/2022 8:45:00 AM,False,5131,Accepted,
29878289,0568000,LOUISVILLE METRO POLICE DEPT,Accepted,JEFFERSON,I 0064,,I64 E,,,,,I 0064,I64 E EXIT7 ON RAMP FROM  MELLWOOD AVE,I 0064,I64 TURN AROUND7,38.250488776,-85.714076187,7.305,3/26/2022 12:00:00 AM,1626,5,4,0,1,CLEAR,DRY,False,1 VEHICLE PARKED POSITION (NOT PARKING LOT/DRIVEWAY),SIDESWIPE-SAME DIRECTION,STRAIGHT & LEVEL,DAYLIGHT,,,3/30/2022 8:16:25 AM,False,7900,Accepted,
29869085,0568000,LOUISVILLE METRO POLICE DEPT,Accepted,JEFFERSON,KY1065,,OUTER,LOOP,,,BRIARCLIFF,,,,,38.136128739,-85.697101017,5.471,3/25/2022 12:00:00 AM,2101,3,3,0,0,CLEAR,DRY,False,ANGLE COLLISION - ONE VEHICLE TURNING LEFT,ANGLE,STRAIGHT & LEVEL,DARK-HWY NOT LIGHTED,,,3/28/2022 8:42:40 AM,False,5314,Accepted,
29869086,0568000,LOUISVILLE METRO POLICE DEPT,Accepted,JEFFERSON,,507,WAINWRIGHT,AVE,,,,,,,,38.212696550,-85.750244961,0.055,3/25/2022 12:00:00 AM,2241,2,2,0,0,CLOUDY,WET,False,1 VEHICLE PARKED POSITION (NOT PARKING LOT/DRIVEWAY),BACKING,STRAIGHT & LEVEL,DARK-HWY LIGHTED/ON,,,3/28/2022 8:42:44 AM,False,5349,Accepted,
29927526,0568000,LOUISVILLE METRO POLICE DEPT,Accepted,JEFFERSON,,3026,SOUTHERN,AVE,,,,,,,,38.232052093,-85.806204980,0.241,3/25/2022 12:00:00 AM,0410,2,2,0,0,CLEAR,DRY,True,1 VEHICLE PARKED POSITION (NOT PARKING LOT/DRIVEWAY),REAR END,STRAIGHT & LEVEL,DARK (UNKNOWN ROADWAY LIGHTING),,,4/12/2022 8:15:44 AM,False,5327,Accepted,
29896228,0568000,LOUISVILLE METRO POLICE DEPT,Accepted,JEFFERSON,KY1727,,TERRY,RD,,,PAGES,,,,,38.131024117,-85.874231378,0.638,3/25/2022 12:00:00 AM,1635,2,2,0,0,CLOUDY,DRY,False,ANGLE COLLISION - OTHER,ANGLE,STRAIGHT & LEVEL,DAYLIGHT,,,4/4/2022 8:28:29 AM,False,2098,Accepted,
29869058,0568000,LOUISVILLE METRO POLICE DEPT,Accepted,JEFFERSON,KY1747,,HURSTBOURNE,PKWY,S,US0031E,BARDSTOWN,,,,,38.168866726,-85.605059513,7.494,3/25/2022 12:00:00 AM,0524,2,2,0,1,CLEAR,DRY,False,ANGLE COLLISION - OTHER,ANGLE,STRAIGHT & GRADE,DARK-HWY LIGHTED/ON,,,3/28/2022 8:40:55 AM,False,7730,Accepted,
29869059,0568000,LOUISVILLE METRO POLICE DEPT,Accepted,JEFFERSON,KY1020,,3RD,ST,S,,CHESTNUT,,,,,38.248764613,-85.756231435,12.294,3/25/2022 12:00:00 AM,0722,2,2,0,1,CLEAR,DRY,False,NON-COLLISION OBJECT COLLISION,ANGLE,STRAIGHT & LEVEL,DAWN,,,3/28/2022 8:41:01 AM,False,5356,Accepted,
29869064,0568000,LOUISVILLE METRO POLICE DEPT,Accepted,JEFFERSON,KY0061,,PRESTON,HWY,,,,,MARKWELL,,BATES,38.140099238,-85.687665469,4.077,3/25/2022 12:00:00 AM,1202,2,2,0,0,CLOUDY,DRY,False,OTHER ROADWAY OR MID-BLOCK COLLISION,REAR END,STRAIGHT & LEVEL,DAYLIGHT,,,3/28/2022 8:41:35 AM,False,2324,Accepted,
29886739,0568000,LOUISVILLE METRO POLICE DEPT,Accepted,JEFFERSON,I 0064,,I64 E,,,,,,,,,38.276679057,-85.820057281,0.349,3/25/2022 12:00:00 AM,2120,2,2,0,0,CLOUDY,WET,True,REAR END IN TRAFFIC LANES BOTH VEHICLES MOVING,REAR END,STRAIGHT & LEVEL,DARK-HWY NOT LIGHTED,,,4/1/2022 8:06:47 AM,False,5422,Accepted,
29869123,0568000,LOUISVILLE METRO POLICE DEPT,Accepted,JEFFERSON,,,ORMSBY,AVE,E,,,,,,,38.231726818,-85.754131743,0.087,3/25/2022 12:00:00 AM,1034,2,1,0,0,CLEAR,DRY,False,COLLISION WITH BICYCLIST NON INTERSECTION,SINGLE VEHICLE,STRAIGHT & LEVEL,DAYLIGHT,,,3/28/2022 8:45:12 AM,False,7495,Accepted,
29869067,0568000,LOUISVILLE METRO POLICE DEPT,Accepted,JEFFERSON,KY1020,,NATIONAL,TPKE,,KY1065,OUTER,,,,,38.127129484,-85.749098192,3.675,3/25/2022 12:00:00 AM,1029,2,2,0,0,CLOUDY,DRY,False,OTHER INTERSECTION COLLISIONS,REAR END,STRAIGHT & LEVEL,DAYLIGHT,,,3/28/2022 8:41:46 AM,False,7356,Accepted,
29869083,0568000,LOUISVILLE METRO POLICE DEPT,Accepted,JEFFERSON,I 0264,,I264 W,,,,,I 0065,I65 S EXIT131B RAMP TO I264 W,I 0065,I264 W EXIT11 RAMP FROM  FREEDOM WAY N,38.189755057,-85.740279169,11.517,3/25/2022 12:00:00 AM,2241,2,2,0,0,CLOUDY,WET,False,REAR END IN TRAFFIC LANES BOTH VEHICLES MOVING,REAR END,STRAIGHT & LEVEL,DARK-HWY LIGHTED/ON,,,3/28/2022 8:42:33 AM,False,5379,Accepted,
29869091,0568000,LOUISVILLE METRO POLICE DEPT,Accepted,JEFFERSON,,1605,SHELBY,ST,S,,,,,,,38.222029885,-85.743380725,1.156,3/25/2022 12:00:00 AM,1215,2,2,0,0,CLEAR,DRY,True,1 VEHICLE PARKED POSITION (NOT PARKING LOT/DRIVEWAY),REAR END,STRAIGHT & LEVEL,DAYLIGHT,,,3/28/2022 8:43:03 AM,False,5120,Accepted,
29859464,0568000,LOUISVILLE METRO POLICE DEPT,Accepted,JEFFERSON,I 0264,,I264 W,,,,,,,,,38.189891993,-85.738619286,11.603,3/25/2022 12:00:00 AM,0331,1,1,0,0,CLEAR,DRY,False,OTHER COLLISIONS ON SHOULDER,SINGLE VEHICLE,STRAIGHT & LEVEL,DUSK,,,3/25/2022 8:22:08 AM,False,7291,Accepted,
29859465,0568000,LOUISVILLE METRO POLICE DEPT,Accepted,JEFFERSON,,,SHEPHERDSVILLE,RD,,,ROBBS,,,,,38.134716194,-85.658941849,0.307,3/25/2022 12:00:00 AM,0600,2,2,0,0,CLEAR,DRY,False,ANGLE COLLISION - OTHER,ANGLE,STRAIGHT & GRADE,DARK-HWY LIGHTED/ON,,,3/25/2022 8:22:12 AM,False,7371,Accepted,
29869068,0568000,LOUISVILLE METRO POLICE DEPT,Accepted,JEFFERSON,KY1065,,BEULAH CHURCH,RD,,,CEDAR SPRINGS,,,,,38.148521403,-85.590172677,11.668,3/25/2022 12:00:00 AM,1710,2,2,0,0,CLOUDY,DRY,False,COLLISION WITH FIXED OBJECT IN INTERSECTION - FIRST EVENT COLLISION 09 - 32,ANGLE,STRAIGHT & LEVEL,DAYLIGHT,,,3/28/2022 8:41:51 AM,False,7106,Accepted,
29869081,0568000,LOUISVILLE METRO POLICE DEPT,Accepted,JEFFERSON,US0031E,,BARDSTOWN,RD,,,BROOKRIDGE VILLAGE,,,,,38.145230624,-85.584985617,5.194,3/25/2022 12:00:00 AM,2148,2,2,0,1,CLEAR,DRY,True,ANGLE COLLISION - OTHER,ANGLE,STRAIGHT & LEVEL,DARK-HWY NOT LIGHTED,,,3/28/2022 8:42:25 AM,False,5141,Accepted,
29869096,0568000,LOUISVILLE METRO POLICE DEPT,Accepted,JEFFERSON,KY1020,1800,2ND,ST,S,,,,,,,38.220937513,-85.759485626,10.362,3/25/2022 12:00:00 AM,1448,2,2,0,0,CLEAR,DRY,False,SIDESWIPE COLLISION - SAME DIRECTION,SIDESWIPE-SAME DIRECTION,STRAIGHT & LEVEL,DAYLIGHT,,,3/28/2022 8:43:18 AM,False,2927,Accepted,
29869088,0568000,LOUISVILLE METRO POLICE DEPT,Accepted,JEFFERSON,,913,MARY,ST,,,,,,,,38.234167217,-85.738573391,0.270,3/25/2022 12:00:00 AM,2226,3,3,0,0,RAINING,WET,True,1 VEHICLE PARKED POSITION (NOT PARKING LOT/DRIVEWAY),REAR END,STRAIGHT & LEVEL,DARK-HWY LIGHTED/ON,,,3/28/2022 8:42:52 AM,False,5304,Accepted,
29869094,0568000,LOUISVILLE METRO POLICE DEPT,Accepted,JEFFERSON,US0031E,,BARDSTOWN,RD,,,HEATHER,,,,,38.205652629,-85.666426486,11.555,3/25/2022 12:00:00 AM,1700,2,2,0,0,CLOUDY,DRY,True,OTHER INTERSECTION COLLISIONS,REAR END,STRAIGHT & LEVEL,DAYLIGHT,,,3/28/2022 8:43:11 AM,False,5286,Accepted,
29869077,0568000,LOUISVILLE METRO POLICE DEPT,Accepted,JEFFERSON,,,LITTLE SPRING,BLVD,,US0031E,BARDSTOWN,,,,,38.095834921,-85.562587331,0.009,3/25/2022 12:00:00 AM,2025,1,1,0,0,CLOUDY,DRY,False,COLLISION WITH FIXED OBJECT IN INTERSECTION - FIRST EVENT COLLISION 09 - 32,SINGLE VEHICLE,STRAIGHT & LEVEL,DARK-HWY LIGHTED/ON,,,3/28/2022 8:42:10 AM,False,2775,Accepted,
29869069,0568000,LOUISVILLE METRO POLICE DEPT,Accepted,JEFFERSON,,9210,DONERAIL,WAY,,,,,CATALINA,,CRAMBROOK,38.119666097,-85.866881110,0.048,3/25/2022 12:00:00 AM,0827,1,1,0,0,CLEAR,DRY,True,OTHER ROADWAY OR MID-BLOCK COLLISION,SINGLE VEHICLE,STRAIGHT & LEVEL,DAYLIGHT,,,3/28/2022 8:41:55 AM,False,7336,Accepted,
29869071,0568000,LOUISVILLE METRO POLICE DEPT,Accepted,JEFFERSON,,3672,CRAIG,AVE,,,,,,,,38.195234453,-85.789567583,0.039,3/25/2022 12:00:00 AM,1607,2,2,0,0,CLEAR,DRY,True,1 VEHICLE PARKED POSITION (NOT PARKING LOT/DRIVEWAY),SIDESWIPE-SAME DIRECTION,STRAIGHT & LEVEL,DAYLIGHT,,,3/28/2022 8:41:59 AM,False,5413,Accepted,
29869072,0568000,LOUISVILLE METRO POLICE DEPT,Accepted,JEFFERSON,KY1447,,WESTPORT,RD,,I 0265,I265 N EXIT33 OFF RAMP TO KY1447,,,,,38.297059060,-85.550053084,6.575,3/25/2022 12:00:00 AM,1039,2,2,0,1,CLEAR,DRY,False,HEAD-ON COLLISION,HEAD ON,STRAIGHT & LEVEL,DAYLIGHT,,,3/28/2022 8:42:02 AM,False,7483,Accepted,
29869079,0568000,LOUISVILLE METRO POLICE DEPT,Accepted,JEFFERSON,I 0064,,I64 W,,,,,,,,,38.258243791,-85.722827524,6.358,3/25/2022 12:00:00 AM,2256,2,2,0,1,RAINING,WET,False,SIDESWIPE COLLISION - SAME DIRECTION,SIDESWIPE-SAME DIRECTION,STRAIGHT & GRADE,DARK-HWY LIGHTED/ON,,,3/28/2022 8:42:15 AM,True,5402,Accepted,
29867498,0560300,ST. MATTHEWS POLICE DEPARTMENT,Accepted,JEFFERSON,US0060,5000,SHELBYVILLE,RD,,,,,,,,38.250157591,-85.623228309,5.321,3/25/2022 12:00:00 AM,1644,2,2,0,0,CLOUDY,DRY,True,COLLISION IN PARKING LOT,SIDESWIPE-SAME DIRECTION,STRAIGHT & LEVEL,DAYLIGHT,,,3/27/2022 9:32:24 PM,False,9169,Accepted,
29867499,0560300,ST. MATTHEWS POLICE DEPARTMENT,Accepted,JEFFERSON,US0060,,SHELBYVILLE,RD,,,TEN PIN,,,,,38.250313754,-85.623093747,5.330,3/25/2022 12:00:00 AM,1657,2,2,0,0,RAINING,WET,False,COLLISION IN PARKING LOT,ANGLE,STRAIGHT & LEVEL,DAYLIGHT,,,3/27/2022 9:32:28 PM,False,9187,Accepted,
29869060,0568000,LOUISVILLE METRO POLICE DEPT,Accepted,JEFFERSON,,,PARK,RD,S,KY1450,BLUE LICK,,,,,38.116370758,-85.690192873,0.734,3/25/2022 12:00:00 AM,0904,2,2,0,1,CLEAR,DRY,False,OPPOSING LEFT TURN,OPPOSING LEFT TURN,STRAIGHT & LEVEL,DAYLIGHT,,,3/28/2022 8:41:06 AM,False,5101,Accepted,
29869063,0568000,LOUISVILLE METRO POLICE DEPT,Accepted,JEFFERSON,KY1932,,BRECKENRIDGE,LN,,,,,,,,38.208777393,-85.626633464,1.984,3/25/2022 12:00:00 AM,1130,2,2,0,1,CLOUDY,DRY,False,REAR END IN TRAFFIC LANES BOTH VEHICLES MOVING,REAR END,STRAIGHT & LEVEL,DAYLIGHT,,,3/28/2022 8:41:26 AM,False,4693,Accepted,
29859460,0568000,LOUISVILLE METRO POLICE DEPT,Accepted,JEFFERSON,,6008,APPLEGATE,LN,,,,,,,,38.133985198,-85.649668962,0.512,3/25/2022 12:00:00 AM,0038,1,1,0,0,CLEAR,DRY,True,COLLISION WITH FIXED OBJECT NON - INTERSECTION - FIRST EVENT COLLISION 09 - 32 EXCLUDING 16,SINGLE VEHICLE,STRAIGHT & LEVEL,DAWN,,,3/25/2022 8:21:50 AM,False,5302,Accepted,
29859461,0568000,LOUISVILLE METRO POLICE DEPT,Accepted,JEFFERSON,US0060,,SHELBYVILLE,RD,,,MOSER,,,,,38.245038540,-85.559192453,8.826,3/24/2022 12:00:00 AM,2021,2,2,0,1,CLEAR,DRY,False,ANGLE COLLISION - ONE VEHICLE TURNING LEFT,ANGLE,STRAIGHT & LEVEL,DARK-HWY LIGHTED/ON,,,3/25/2022 8:21:56 AM,False,7475,Accepted,
29859462,0568000,LOUISVILLE METRO POLICE DEPT,Accepted,JEFFERSON,US0031E,,BAXTER,AVE,,,,,,,,38.251314286,-85.732888059,16.533,3/24/2022 12:00:00 AM,2110,2,2,0,0,CLEAR,DRY,True,SIDESWIPE COLLISION - SAME DIRECTION,SIDESWIPE-SAME DIRECTION,CURVE & LEVEL,DARK-HWY LIGHTED/ON,,,3/25/2022 8:22:00 AM,False,5122,Accepted,
29859443,0568000,LOUISVILLE METRO POLICE DEPT,Accepted,JEFFERSON,,,12TH ST CONN,,,,,,,,,38.248925563,-85.772033229,0.103,3/24/2022 12:00:00 AM,1706,1,1,0,1,CLEAR,DRY,False,OTHER ROADWAY OR MID-BLOCK COLLISION,SINGLE VEHICLE,STRAIGHT & LEVEL,DAYLIGHT,,,3/25/2022 8:20:45 AM,False,5354,Accepted,
29859444,0568000,LOUISVILLE METRO POLICE DEPT,Accepted,JEFFERSON,KY1747,3415,FERN VALLEY,RD,,,,,INDUSTRIAL,,ULRICH,38.156942137,-85.700914931,1.717,3/24/2022 12:00:00 AM,1648,2,2,0,2,CLOUDY,DRY,False,1 VEHICLE ENTERING/LEAVING ENTRANCE,ANGLE,STRAIGHT & LEVEL,DAYLIGHT,,,3/25/2022 8:20:49 AM,False,2324,Accepted,
29859453,0568000,LOUISVILLE METRO POLICE DEPT,Accepted,JEFFERSON,,,WATTERSON,TRL,,KY1747,HURSTBOURNE,,,,,38.183519169,-85.606437437,1.080,3/24/2022 12:00:00 AM,0647,2,2,0,0,CLEAR,DRY,False,OPPOSING LEFT TURN,OPPOSING LEFT TURN,STRAIGHT & LEVEL,DAYLIGHT,,,3/25/2022 8:21:32 AM,False,5307,Accepted,
29859459,0568000,LOUISVILLE METRO POLICE DEPT,Accepted,JEFFERSON,US0031E,642,BAXTER,AVE,,,,,ROGERS,US0150,BROADWAY,38.244338682,-85.727579262,15.953,3/24/2022 12:00:00 AM,2133,3,3,0,0,CLEAR,DRY,False,OTHER ROADWAY OR MID-BLOCK COLLISION,REAR END,STRAIGHT & LEVEL,DARK-HWY LIGHTED/ON,,,3/25/2022 8:21:44 AM,False,5197,Accepted,
29859435,0568000,LOUISVILLE METRO POLICE DEPT,Accepted,JEFFERSON,,7901,OLD HEADY,RD,,,,,,,,38.145983743,-85.477782320,0.925,3/24/2022 12:00:00 AM,1240,2,2,0,0,CLOUDY,DRY,True,SIDESWIPE COLLISION - OPPOSITE DIRECTION,SIDESWIPE-OPPOSITE DIRECTION,STRAIGHT & HILLCREST,DAYLIGHT,,,3/25/2022 8:20:00 AM,False,2324,Accepted,