IncidentID,AgencyORI,AgencyName,IncidentStatusDesc,County,RdwyNumber,Street,RoadwayName,StreetSfx,StreetDir,IntersectionRdwy,IntersectionRdwyName,BetweenStRdwy1,BetweenStRdwyName1,BetweenStRdwy2,BetweenStRdwyName2,Latitude,Longitude,Milepoint,CollisionDate,CollisionTime,UnitsInvolved,MotorVehiclesInvolved,NumberKilled,NumberInjured,Weather,RdwyConditionCode,HitandRun,DirAnalysisCode,MannerofCollision,RdwyCharacter,LightCondition,RampFromRdwyId,RampToRdwyId,AcceptedDate,IsSecondaryCollision,OwnerBadge,IncidentStatus,
29859436,0568000,LOUISVILLE METRO POLICE DEPT,Accepted,JEFFERSON,KY0864,,POPLAR LEVEL,RD,,KY3069,SANITA,,,,,38.192625377,-85.706130364,11.093,3/24/2022 12:00:00 AM,1028,2,2,0,1,CLOUDY,DRY,False,ANGLE COLLISION - OTHER,ANGLE,STRAIGHT & LEVEL,DAYLIGHT,,,3/25/2022 8:20:05 AM,False,4693,Accepted,
29855049,0568000,LOUISVILLE METRO POLICE DEPT,Accepted,JEFFERSON,,2710,BROADWAY,,W,,,,,,,38.249589570,-85.797306189,0.496,3/24/2022 12:00:00 AM,0035,2,2,0,2,CLEAR,DRY,False,COLLISION IN PARKING LOT,SIDESWIPE-OPPOSITE DIRECTION,STRAIGHT & LEVEL,DARK-HWY LIGHTED/ON,,,3/24/2022 8:37:03 AM,False,5135,Accepted,
29859437,0568000,LOUISVILLE METRO POLICE DEPT,Accepted,JEFFERSON,KY1447,,WESTPORT,RD,,,,,OLD WESTPORT,,CREEK,38.277287497,-85.599761182,3.563,3/24/2022 12:00:00 AM,1305,5,5,0,3,CLOUDY,DRY,False,1 VEHICLE ENTERING/LEAVING ENTRANCE,ANGLE,STRAIGHT & LEVEL,DAYLIGHT,,,3/25/2022 8:20:13 AM,False,7876,Accepted,
29869061,0568000,LOUISVILLE METRO POLICE DEPT,Accepted,JEFFERSON,US0031W,,DIXIE,HWY,,,,,,,,38.160292734,-85.832499832,12.752,3/24/2022 12:00:00 AM,1313,2,2,0,0,CLOUDY,DRY,True,REAR END IN TRAFFIC LANES BOTH VEHICLES MOVING,REAR END,STRAIGHT & LEVEL,DAYLIGHT,,,3/28/2022 8:41:12 AM,False,7234,Accepted,
29869062,0568000,LOUISVILLE METRO POLICE DEPT,Accepted,JEFFERSON,US0042,2741,BROWNSBORO,RD,,,BIRCHWOOD,,,,,38.259537522,-85.692818128,2.352,3/24/2022 12:00:00 AM,2300,1,1,0,0,CLEAR,DRY,True,COLLISION IN PARKING LOT,SINGLE VEHICLE,STRAIGHT & LEVEL,DARK-HWY LIGHTED/ON,,,3/28/2022 8:41:21 AM,False,2413,Accepted,
29869080,0568000,LOUISVILLE METRO POLICE DEPT,Accepted,JEFFERSON,,,FOREMAN,LN,,KY1450,BLUE LICK,,,,,38.129296094,-85.689446562,0.672,3/24/2022 12:00:00 AM,1732,3,3,0,2,CLEAR,DRY,False,ANGLE COLLISION - OTHER,ANGLE,CURVE & LEVEL,DAYLIGHT,,,3/28/2022 8:42:19 AM,False,7669,Accepted,
29896258,0568000,LOUISVILLE METRO POLICE DEPT,Accepted,JEFFERSON,KY6162,,MINOR,LN,,KY1065,OUTER,,,,,38.136486361,-85.713390572,0.239,3/24/2022 12:00:00 AM,2210,2,2,0,1,CLEAR,DRY,False,OTHER INTERSECTION COLLISIONS,REAR END,STRAIGHT & LEVEL,DARK-HWY LIGHTED/OFF,,,4/4/2022 8:31:48 AM,False,7100,Accepted,
29867536,0568000,LOUISVILLE METRO POLICE DEPT,Accepted,JEFFERSON,,4823,HAMES,TRCE,,,,,,,,38.167295393,-85.610490462,0.893,3/24/2022 12:00:00 AM,0945,1,1,0,0,CLOUDY,DRY,True,COLLISION WITH FIXED OBJECT NON - INTERSECTION - FIRST EVENT COLLISION 09 - 32 EXCLUDING 16,SINGLE VEHICLE,STRAIGHT & LEVEL,DAYLIGHT,,,3/27/2022 9:47:30 PM,False,7294,Accepted,
29882346,0568000,LOUISVILLE METRO POLICE DEPT,Accepted,JEFFERSON,,,SPRUCEWOOD,DR,,,,,,,,38.171062753,-85.575925515,0.009,3/24/2022 12:00:00 AM,2300,2,2,0,0,CLEAR,DRY,True,1 VEHICLE PARKED POSITION (NOT PARKING LOT/DRIVEWAY),BACKING,STRAIGHT & LEVEL,DARK-HWY NOT LIGHTED,,,3/31/2022 8:21:25 AM,False,7755,Accepted,
29878268,0568000,LOUISVILLE METRO POLICE DEPT,Accepted,JEFFERSON,,3100,ROCK CREEK,DR,,,,,,,,38.245032072,-85.664657840,0.062,3/24/2022 12:00:00 AM,1200,2,1,0,0,CLEAR,DRY,False,COLLISION WITH BICYCLIST NON INTERSECTION,SINGLE VEHICLE,STRAIGHT & LEVEL,DAYLIGHT,,,3/30/2022 8:14:44 AM,False,2738,Accepted,
29878275,0568000,LOUISVILLE METRO POLICE DEPT,Accepted,JEFFERSON,KY1447,,WESTPORT,RD,,,,,,,,38.286046291,-85.577567558,4.939,3/24/2022 12:00:00 AM,1730,2,2,0,1,CLEAR,DRY,False,1 VEHICLE ENTERING/LEAVING ENTRANCE,ANGLE,STRAIGHT & LEVEL,DAYLIGHT,,,3/30/2022 8:15:14 AM,False,7615,Accepted,
29869065,0568000,LOUISVILLE METRO POLICE DEPT,Accepted,JEFFERSON,US0031E,,BARDSTOWN,RD,,,HEATHER,,,,,38.205661441,-85.666576568,11.562,3/24/2022 12:00:00 AM,1236,2,2,0,0,CLEAR,DRY,False,SIDESWIPE-SAME DIRECTION,SIDESWIPE-SAME DIRECTION,STRAIGHT & LEVEL,DAYLIGHT,,,3/28/2022 8:41:39 AM,False,5288,Accepted,
29869066,0568000,LOUISVILLE METRO POLICE DEPT,Accepted,JEFFERSON,,9406,DORAL,CT,,,,,,,,38.222150871,-85.581662352,0.033,3/24/2022 12:00:00 AM,1445,2,2,0,0,CLEAR,DRY,False,COLLISION IN PARKING LOT,BACKING,STRAIGHT & LEVEL,DAYLIGHT,,,3/28/2022 8:41:43 AM,False,5288,Accepted,
29859440,0568000,LOUISVILLE METRO POLICE DEPT,Accepted,JEFFERSON,KY1447,,WESTPORT,RD,,,,,,,,38.297847969,-85.547636726,6.776,3/24/2022 12:00:00 AM,1425,2,2,0,0,CLOUDY,DRY,True,SIDESWIPE COLLISION - SAME DIRECTION,SIDESWIPE-SAME DIRECTION,STRAIGHT & LEVEL,DAYLIGHT,,,3/25/2022 8:20:29 AM,False,6406,Accepted,
29859447,0568000,LOUISVILLE METRO POLICE DEPT,Accepted,JEFFERSON,US0042,,MELLWOOD,AVE,,,,US0042,MAIN,,SPRING,38.254607052,-85.723368077,0.502,3/24/2022 12:00:00 AM,1810,2,2,0,2,CLOUDY,DRY,False,SIDESWIPE COLLISION - SAME DIRECTION,SIDESWIPE-SAME DIRECTION,STRAIGHT & LEVEL,DAYLIGHT,,,3/25/2022 8:21:18 AM,False,6360,Accepted,
29859448,0568000,LOUISVILLE METRO POLICE DEPT,Accepted,JEFFERSON,US0031E,2307,BARDSTOWN,RD,,,,,,,,38.223917935,-85.689643087,13.411,3/24/2022 12:00:00 AM,1458,2,2,0,0,CLOUDY,DRY,False,1 VEHICLE PARKED POSITION (NOT PARKING LOT/DRIVEWAY),SIDESWIPE-SAME DIRECTION,STRAIGHT & HILLCREST,DAYLIGHT,,,3/25/2022 8:21:22 AM,False,7960,Accepted,
29859441,0568000,LOUISVILLE METRO POLICE DEPT,Accepted,JEFFERSON,KY0907,5425,VALLEY STATION,RD,,,,,,,,38.106635588,-85.863774505,0.175,3/24/2022 12:00:00 AM,1650,2,2,0,0,CLOUDY,DRY,False,1 VEHICLE ENTERING/LEAVING ENTRANCE,ANGLE,STRAIGHT & LEVEL,DAYLIGHT,,,3/25/2022 8:20:35 AM,False,7232,Accepted,
29859449,0568000,LOUISVILLE METRO POLICE DEPT,Accepted,JEFFERSON,US0031E,,BARDSTOWN,RD,,,ST FRANCIS,,,,,38.226388575,-85.697844557,13.890,3/24/2022 12:00:00 AM,1705,2,2,0,1,CLEAR,DRY,False,ANGLE COLLISION - OTHER,ANGLE,STRAIGHT & LEVEL,DAYLIGHT,,,3/25/2022 8:21:25 AM,False,7306,Accepted,
29859438,0568000,LOUISVILLE METRO POLICE DEPT,Accepted,JEFFERSON,US0060A,2520,3RD,ST,S,,,US0060A,EASTERN,US0060A,WINKLER,38.213593309,-85.762345837,3.398,3/24/2022 12:00:00 AM,1128,2,2,0,0,CLEAR,DRY,False,REAR END IN TRAFFIC LANES BOTH VEHICLES MOVING,REAR END,STRAIGHT & GRADE,DAYLIGHT,,,3/25/2022 8:20:19 AM,False,7689,Accepted,
29859439,0568000,LOUISVILLE METRO POLICE DEPT,Accepted,JEFFERSON,US0031E,,BARDSTOWN,RD,,KY1747,HURSTBOURNE,,,,,38.169062961,-85.605193401,7.256,3/24/2022 12:00:00 AM,1440,2,2,0,2,CLOUDY,DRY,False,OPPOSING LEFT TURN,OPPOSING LEFT TURN,STRAIGHT & LEVEL,DAYLIGHT,,,3/25/2022 8:20:23 AM,False,2324,Accepted,
29950643,0568000,LOUISVILLE METRO POLICE DEPT,Accepted,JEFFERSON,KY0022,,BROWNSBORO,RD,,,SIMCOE,,,,,38.308208198,-85.574962274,3.831,3/24/2022 12:00:00 AM,1735,2,1,0,1,CLOUDY,DRY,False,COLLISION IN PARKING LOT,SINGLE VEHICLE,STRAIGHT & LEVEL,DAYLIGHT,,,4/18/2022 8:20:17 AM,False,6406,Accepted,
29965344,0568000,LOUISVILLE METRO POLICE DEPT,Accepted,JEFFERSON,KY1020,5607,NATIONAL,TPKE,,,,,,,,38.151648697,-85.764078824,5.575,3/23/2022 12:00:00 AM,0934,4,3,0,1,CLOUDY,DRY,True,REAR END IN TRAFFIC LANES BOTH VEHICLES MOVING,REAR END,STRAIGHT & LEVEL,DAYLIGHT,,,4/21/2022 8:18:53 AM,False,7221,Accepted,
29855029,0568000,LOUISVILLE METRO POLICE DEPT,Accepted,JEFFERSON,,,ROY WILKINS,AVE,,,CHESTNUT,,,,,38.249811578,-85.765813985,0.521,3/23/2022 12:00:00 AM,1441,2,2,0,0,CLEAR,DRY,False,ANGLE COLLISION - ONE VEHICLE TURNING LEFT,ANGLE,STRAIGHT & LEVEL,DAYLIGHT,,,3/24/2022 8:35:47 AM,False,7406,Accepted,
29855037,0568000,LOUISVILLE METRO POLICE DEPT,Accepted,JEFFERSON,KY1020,,NATIONAL,TPKE,,,GLENGARRY,,,,,38.123680823,-85.748482448,3.446,3/23/2022 12:00:00 AM,1615,2,2,0,0,CLEAR,DRY,False,ANGLE COLLISION - ONE VEHICLE TURNING LEFT,ANGLE,STRAIGHT & LEVEL,DAYLIGHT,,,3/24/2022 8:36:19 AM,False,7080,Accepted,
29855038,0568000,LOUISVILLE METRO POLICE DEPT,Accepted,JEFFERSON,,,BRIARCLIFF,RD,,,,,OLD OUTER,KY1065,OUTER,38.136131482,-85.697101528,,3/23/2022 12:00:00 AM,1526,2,2,0,0,CLOUDY,DRY,False,OTHER ROADWAY OR MID-BLOCK COLLISION,REAR END,STRAIGHT & HILLCREST,DAYLIGHT,,,3/24/2022 8:36:22 AM,False,2324,Accepted,
29855045,0568000,LOUISVILLE METRO POLICE DEPT,Accepted,JEFFERSON,US0031E,,BARDSTOWN,RD,,KY2251,KY2251 TURN LANE,,,,,38.190110357,-85.643289809,9.838,3/23/2022 12:00:00 AM,2135,2,2,0,3,CLEAR,DRY,False,OPPOSING LEFT TURN,OPPOSING LEFT TURN,CURVE & LEVEL,DARK-HWY LIGHTED/ON,,,3/24/2022 8:36:49 AM,False,5418,Accepted,
29855043,0568000,LOUISVILLE METRO POLICE DEPT,Accepted,JEFFERSON,US0031W,,DIXIE,HWY,,,,,,,,38.094867300,-85.874380404,7.649,3/23/2022 12:00:00 AM,1634,2,2,0,2,CLEAR,DRY,False,1 VEHICLE ENTERING/LEAVING ENTRANCE,ANGLE,STRAIGHT & LEVEL,DAYLIGHT,,,3/24/2022 8:36:41 AM,False,7234,Accepted,
29855035,0568000,LOUISVILLE METRO POLICE DEPT,Accepted,JEFFERSON,,,7TH,ST,S,,INDUSTRY,,,,,38.221184513,-85.775784984,0.112,3/23/2022 12:00:00 AM,1543,2,2,0,0,CLEAR,DRY,False,ANGLE COLLISION - OTHER,ANGLE,STRAIGHT & LEVEL,DAYLIGHT,,,3/24/2022 8:36:09 AM,False,5287,Accepted,
29859463,0568000,LOUISVILLE METRO POLICE DEPT,Accepted,JEFFERSON,I 0264,,I264 E,,,,,,,,,38.185923342,-85.803604316,7.998,3/23/2022 12:00:00 AM,1936,2,2,0,1,CLEAR,DRY,False,SIDESWIPE COLLISION - SAME DIRECTION,SIDESWIPE-SAME DIRECTION,STRAIGHT & LEVEL,DARK-HWY LIGHTED/ON,,,3/25/2022 8:22:04 AM,False,5342,Accepted,
29855020,0568000,LOUISVILLE METRO POLICE DEPT,Accepted,JEFFERSON,,,SPRINGDALE,RD,,,SUMMIT PLAZA,,,,,38.305342474,-85.577623399,0.012,3/23/2022 12:00:00 AM,0745,2,2,0,1,CLOUDY,WET,False,OPPOSING LEFT TURN,OPPOSING LEFT TURN,STRAIGHT & LEVEL,DAYLIGHT,,,3/24/2022 8:35:21 AM,False,6406,Accepted,
29855028,0568000,LOUISVILLE METRO POLICE DEPT,Accepted,JEFFERSON,I 0265,,I265 N,,,,,I 0071,I71 N,I 0071,I71 S,38.314964955,-85.581801504,34.720,3/23/2022 12:00:00 AM,0714,4,4,0,1,CLOUDY,DRY,False,REAR END IN TRAFFIC LANES BOTH VEHICLES MOVING,REAR END,STRAIGHT & LEVEL,DARK-HWY LIGHTED/ON,,,3/24/2022 8:35:43 AM,False,7876,Accepted,
29855041,0568000,LOUISVILLE METRO POLICE DEPT,Accepted,JEFFERSON,KY1065,,OUTER,LOOP,,,,,,,,38.136244838,-85.697106350,5.470,3/23/2022 12:00:00 AM,1801,3,3,0,0,CLOUDY,DRY,False,1 VEHICLE ENTERING/LEAVING ENTRANCE,ANGLE,STRAIGHT & LEVEL,DAYLIGHT,,,3/24/2022 8:36:33 AM,False,7269,Accepted,
29855042,0568000,LOUISVILLE METRO POLICE DEPT,Accepted,JEFFERSON,I 0264,,I264 W EXIT22 CROSSOVER US42,,,US0042,BROWNSBORO,,,,,38.279813331,-85.637296992,0.030,3/23/2022 12:00:00 AM,1720,2,2,0,0,CLOUDY,DRY,False,OTHER INTERSECTION COLLISIONS,REAR END,STRAIGHT & GRADE,DAYLIGHT,,,3/24/2022 8:36:37 AM,False,6406,Accepted,
29855024,0568000,LOUISVILLE METRO POLICE DEPT,Accepted,JEFFERSON,,,OXMOOR,LN,,US0060,SHELBYVILLE,,,,,38.249341274,-85.613333203,,3/23/2022 12:00:00 AM,1058,2,2,0,0,CLOUDY,DRY,False,ANGLE COLLISION - ONE VEHICLE TURNING LEFT,ANGLE,STRAIGHT & LEVEL,DAYLIGHT,,,3/24/2022 8:35:31 AM,False,6456,Accepted,
29859434,0568000,LOUISVILLE METRO POLICE DEPT,Accepted,JEFFERSON,,,KRAMERS,LN,,KY1934,CANE RUN,,,,,38.201108558,-85.834995722,0.003,3/23/2022 12:00:00 AM,1019,2,2,0,0,CLOUDY,DRY,False,SIDESWIPE-SAME DIRECTION,SIDESWIPE-SAME DIRECTION,STRAIGHT & LEVEL,DAYLIGHT,,,3/25/2022 8:19:56 AM,False,2569,Accepted,
29859445,0568000,LOUISVILLE METRO POLICE DEPT,Accepted,JEFFERSON,,,4TH,ST,S,,OAK,,,,,38.235080602,-85.760354570,1.500,3/23/2022 12:00:00 AM,1313,2,2,0,0,CLEAR,DRY,True,ANGLE COLLISION - OTHER,ANGLE,STRAIGHT & LEVEL,DAYLIGHT,,,3/25/2022 8:20:54 AM,False,5152,Accepted,
29867548,0568000,LOUISVILLE METRO POLICE DEPT,Accepted,JEFFERSON,I 0064,,I64 E,,,I 0264,I264 E,,,,,38.234791474,-85.614160295,12.995,3/23/2022 12:00:00 AM,1322,2,1,0,0,CLEAR,DRY,True,SIDESWIPE-SAME DIRECTION,SIDESWIPE-SAME DIRECTION,STRAIGHT & LEVEL,DAYLIGHT,,,3/27/2022 9:50:19 PM,False,7132,Accepted,
29855050,0568000,LOUISVILLE METRO POLICE DEPT,Accepted,JEFFERSON,,2824,MARKET,ST,W,,,,,,,38.260013672,-85.798527637,0.663,3/23/2022 12:00:00 AM,1941,2,2,0,0,CLEAR,DRY,True,1 VEHICLE PARKED POSITION (NOT PARKING LOT/DRIVEWAY),ANGLE,STRAIGHT & LEVEL,DAYLIGHT,,,3/24/2022 8:37:06 AM,False,5158,Accepted,
29855032,0568000,LOUISVILLE METRO POLICE DEPT,Accepted,JEFFERSON,,,BUSH FARM,RD,,,PROMENADE GREEN,,,,,38.273388324,-85.488882676,0.610,3/23/2022 12:00:00 AM,0832,2,2,0,0,CLOUDY,DRY,False,OPPOSING LEFT TURN,OPPOSING LEFT TURN,STRAIGHT & LEVEL,DAYLIGHT,,,3/24/2022 8:35:53 AM,False,7316,Accepted,
29855039,0568000,LOUISVILLE METRO POLICE DEPT,Accepted,JEFFERSON,,,CLAY,AVE,,,MINYARD,,,,,38.141945012,-85.696872031,0.425,3/23/2022 12:00:00 AM,1659,2,2,0,2,CLOUDY,DRY,False,ANGLE COLLISION - OTHER,ANGLE,STRAIGHT & LEVEL,DAYLIGHT,,,3/24/2022 8:36:25 AM,False,2324,Accepted,
29855040,0568000,LOUISVILLE METRO POLICE DEPT,Accepted,JEFFERSON,I 0065,,I65 S,,,,,,,,,38.217717878,-85.752356532,133.286,3/23/2022 12:00:00 AM,1614,2,2,0,0,CLEAR,DRY,False,REAR END IN TRAFFIC LANES BOTH VEHICLES MOVING,REAR END,STRAIGHT & GRADE,DAYLIGHT,,,3/24/2022 8:36:29 AM,False,5152,Accepted,
29855047,0568000,LOUISVILLE METRO POLICE DEPT,Accepted,JEFFERSON,,4000,BUECHEL BANK,RD,,,,,,,,38.178329813,-85.648650293,0.937,3/23/2022 12:00:00 AM,2341,1,1,0,0,CLEAR,DRY,False,COLLISION WITH FIXED OBJECT NON - INTERSECTION - FIRST EVENT COLLISION 09 - 32 EXCLUDING 16,SINGLE VEHICLE,STRAIGHT & LEVEL,DARK-HWY LIGHTED/OFF,,,3/24/2022 8:36:59 AM,False,5182,Accepted,
29924564,0568000,LOUISVILLE METRO POLICE DEPT,Accepted,JEFFERSON,US0031E,,BARDSTOWN,RD,,,COLONEL HANCOCK,,,,,38.130435178,-85.577379233,4.087,3/23/2022 12:00:00 AM,1825,2,1,0,2,CLEAR,DRY,False,OPPOSING LEFT TURN,OPPOSING LEFT TURN,STRAIGHT & LEVEL,DAYLIGHT,,,4/11/2022 12:39:19 PM,False,7278,Accepted,
29873748,0568000,LOUISVILLE METRO POLICE DEPT,Accepted,JEFFERSON,,4403,MARKET,ST,W,,,,,,,38.263873363,-85.820881923,1.916,3/23/2022 12:00:00 AM,2013,1,1,0,1,CLEAR,DRY,False,COLLISION WITH FIXED OBJECT NON - INTERSECTION - FIRST EVENT COLLISION 09 - 32 EXCLUDING 16,SINGLE VEHICLE,STRAIGHT & LEVEL,DARK-HWY LIGHTED/ON,,,3/29/2022 8:28:52 AM,False,5285,Accepted,
29869127,0568000,LOUISVILLE METRO POLICE DEPT,Accepted,JEFFERSON,KY1865,,NEW CUT,RD,,,,,,,,38.146996965,-85.775659842,2.751,3/23/2022 12:00:00 AM,2042,2,2,0,0,CLEAR,DRY,False,1 VEHICLE ENTERING/LEAVING ENTRANCE,ANGLE,STRAIGHT & LEVEL,DARK-HWY LIGHTED/ON,,,3/28/2022 8:45:32 AM,False,2905,Accepted,
29886703,0568000,LOUISVILLE METRO POLICE DEPT,Accepted,JEFFERSON,,8938,GENTLEWIND,WAY,,,,,,,,38.126108887,-85.584671594,0.004,3/22/2022 12:00:00 AM,1719,3,3,0,0,CLEAR,DRY,False,1 VEHICLE PARKED POSITION (NOT PARKING LOT/DRIVEWAY),HEAD ON,STRAIGHT & GRADE,DAYLIGHT,,,4/1/2022 8:05:27 AM,False,2321,Accepted,
29882366,0568000,LOUISVILLE METRO POLICE DEPT,Accepted,JEFFERSON,KY1932,,BRECKENRIDGE,LN,,,BRONNER,,,,,38.185839045,-85.626171964,0.321,3/22/2022 12:00:00 AM,1610,3,3,0,0,CLOUDY,DRY,True,SIDESWIPE-SAME DIRECTION,SIDESWIPE-SAME DIRECTION,STRAIGHT & LEVEL,DAYLIGHT,,,3/31/2022 8:22:34 AM,False,7200,Accepted,
29869089,0568000,LOUISVILLE METRO POLICE DEPT,Accepted,JEFFERSON,,,JEFFERSON,ST,E,US0031E,BAXTER,,,,,38.251150184,-85.732940191,0.003,3/22/2022 12:00:00 AM,1611,2,2,0,0,CLOUDY,DRY,False,OPPOSITE DIRECTION - BOTH VEHICLES GOING STRAIGHT AHEAD,SIDESWIPE-OPPOSITE DIRECTION,STRAIGHT & LEVEL,DAYLIGHT,,,3/28/2022 8:42:55 AM,False,7904,Accepted,
29850428,0568000,LOUISVILLE METRO POLICE DEPT,Accepted,JEFFERSON,,,PAGES,LN,W,,ASPEN,,,,,38.130686133,-85.864329912,0.897,3/22/2022 12:00:00 AM,1719,2,2,0,2,CLOUDY,DRY,True,ANGLE COLLISION - OTHER,ANGLE,STRAIGHT & LEVEL,DAYLIGHT,,,3/23/2022 7:48:05 AM,False,7234,Accepted,
29850436,0568000,LOUISVILLE METRO POLICE DEPT,Accepted,JEFFERSON,KY0864,,POPLAR LEVEL,RD,,,MEDALLION,,,,,38.166864265,-85.681321741,8.847,3/22/2022 12:00:00 AM,1941,2,2,0,1,CLEAR,DRY,False,ANGLE COLLISION - OTHER,ANGLE,STRAIGHT & LEVEL,DUSK,,,3/23/2022 7:48:27 AM,False,5299,Accepted,
29850437,0568000,LOUISVILLE METRO POLICE DEPT,Accepted,JEFFERSON,,,ST LOUIS,AVE,,,23RD,,,,,38.234321232,-85.793257751,0.101,3/22/2022 12:00:00 AM,1955,2,2,0,3,CLOUDY,DRY,False,ANGLE COLLISION - OTHER,ANGLE,STRAIGHT & GRADE,DAYLIGHT,,,3/23/2022 7:48:33 AM,False,5353,Accepted,
29848047,0560300,ST. MATTHEWS POLICE DEPARTMENT,Accepted,JEFFERSON,US0060,,SHELBYVILLE,RD,,I 0264,I264 W EXIT20B OFF RAMP TO US60,,,,,38.250095808,-85.620475476,5.473,3/22/2022 12:00:00 AM,1330,2,2,0,0,CLOUDY,DRY,False,OTHER INTERSECTION COLLISIONS,REAR END,STRAIGHT & LEVEL,DAYLIGHT,,,3/22/2022 4:25:07 PM,False,9140,Accepted,
29849368,0566900,LOUISVILLE AIRPORT POLICE,Accepted,JEFFERSON,,4500,TOLL PLAZA,RD,,,,,,,,38.187883835,-85.740815218,0.016,3/22/2022 12:00:00 AM,2138,2,2,0,0,RAINING,WET,True,SIDESWIPE COLLISION - SAME DIRECTION,SIDESWIPE-SAME DIRECTION,CURVE & LEVEL,DARK-HWY LIGHTED/ON,,,3/23/2022 12:15:18 AM,False,5862,Accepted,
29850421,0568000,LOUISVILLE METRO POLICE DEPT,Accepted,JEFFERSON,KY1065,,OUTER,LOOP,,,,,CAROL,,NOLTEMEYER WYNDE,38.138148322,-85.680677106,6.393,3/22/2022 12:00:00 AM,1123,2,2,0,1,CLOUDY,DRY,False,OTHER ROADWAY OR MID-BLOCK COLLISION,REAR END,STRAIGHT & LEVEL,DAYLIGHT,,,3/23/2022 7:47:37 AM,False,2324,Accepted,
29850435,0568000,LOUISVILLE METRO POLICE DEPT,Accepted,JEFFERSON,,,7TH,ST,S,,HILL,,,,,38.226763062,-85.769004987,0.658,3/22/2022 12:00:00 AM,0756,2,2,0,0,CLOUDY,DRY,False,ANGLE COLLISION - OTHER,ANGLE,STRAIGHT & LEVEL,DAYLIGHT,,,3/23/2022 7:48:23 AM,False,7360,Accepted,
29855022,0568000,LOUISVILLE METRO POLICE DEPT,Accepted,JEFFERSON,US0042,2707,BROWNSBORO,RD,,,LINDSAY,,,,,38.259611957,-85.707152176,1.543,3/22/2022 12:00:00 AM,0635,2,2,0,0,CLOUDY,WET,False,COLLISION IN PARKING LOT,SIDESWIPE-OPPOSITE DIRECTION,STRAIGHT & LEVEL,DARK-HWY LIGHTED/ON,,,3/24/2022 8:35:24 AM,False,7128,Accepted,
29855023,0568000,LOUISVILLE METRO POLICE DEPT,Accepted,JEFFERSON,,,BROOK,ST,S,,CHESTNUT,,,,,38.248254720,-85.751867293,2.947,3/22/2022 12:00:00 AM,1000,2,2,0,0,CLOUDY,WET,False,ANGLE COLLISION - ONE VEHICLE TURNING RIGHT,ANGLE,STRAIGHT & LEVEL,DAYLIGHT,,,3/24/2022 8:35:27 AM,False,5335,Accepted,
29850409,0568000,LOUISVILLE METRO POLICE DEPT,Accepted,JEFFERSON,I 0065,,I65 N,,,,,,,,,38.159187347,-85.719197338,128.405,3/22/2022 12:00:00 AM,1054,2,2,0,0,CLOUDY,DRY,False,1 VEHICLE ENTERING/LEAVING ENTRANCE,ANGLE,CURVE & LEVEL,DAYLIGHT,,,3/23/2022 7:46:59 AM,False,4693,Accepted,
29850410,0568000,LOUISVILLE METRO POLICE DEPT,Accepted,JEFFERSON,US0031E,,BARDSTOWN,RD,,,,,,,,38.205217812,-85.666223661,11.532,3/22/2022 12:00:00 AM,1329,2,2,0,0,CLOUDY,DRY,False,1 VEHICLE ENTERING/LEAVING ENTRANCE,ANGLE,STRAIGHT & LEVEL,DAYLIGHT,,,3/23/2022 7:47:02 AM,False,4693,Accepted,
29869090,0568000,LOUISVILLE METRO POLICE DEPT,Accepted,JEFFERSON,US0042,,BROWNSBORO,RD,,,TRAVOIS,,,,,38.273182760,-85.647488521,5.017,3/22/2022 12:00:00 AM,1749,3,3,0,0,CLEAR,DRY,False,ANGLE COLLISION - OTHER,ANGLE,STRAIGHT & LEVEL,DAYLIGHT,,,3/28/2022 8:42:59 AM,False,7632,Accepted,
29850408,0568000,LOUISVILLE METRO POLICE DEPT,Accepted,JEFFERSON,,,GLASER,LN,,,,,,,,38.144045202,-85.608220270,0.924,3/22/2022 12:00:00 AM,0851,1,1,0,2,CLOUDY,DRY,False,OTHER COLLISIONS ON SHOULDER,SINGLE VEHICLE,STRAIGHT & LEVEL,DAYLIGHT,,,3/23/2022 7:46:55 AM,False,4693,Accepted,
29850417,0568000,LOUISVILLE METRO POLICE DEPT,Accepted,JEFFERSON,US0031E,,BARDSTOWN,RD,,,,US0060A,EASTERN,,BARINGER,38.232217818,-85.709798576,14.658,3/22/2022 12:00:00 AM,1604,2,2,0,0,CLOUDY,DRY,True,REAR END IN TRAFFIC LANES BOTH VEHICLES MOVING,REAR END,STRAIGHT & LEVEL,DAYLIGHT,,,3/23/2022 7:47:25 AM,False,7900,Accepted,
29850425,0568000,LOUISVILLE METRO POLICE DEPT,Accepted,JEFFERSON,KY1020,,2ND,ST,S,,KENTUCKY,,,,,38.238607829,-85.756331896,11.593,3/22/2022 12:00:00 AM,1637,2,2,0,0,CLOUDY,DRY,False,SIDESWIPE-SAME DIRECTION,SIDESWIPE-SAME DIRECTION,STRAIGHT & LEVEL,DAYLIGHT,,,3/23/2022 7:47:53 AM,False,7619,Accepted,