IncidentID,AgencyORI,AgencyName,IncidentStatusDesc,County,RdwyNumber,Street,RoadwayName,StreetSfx,StreetDir,IntersectionRdwy,IntersectionRdwyName,BetweenStRdwy1,BetweenStRdwyName1,BetweenStRdwy2,BetweenStRdwyName2,Latitude,Longitude,Milepoint,CollisionDate,CollisionTime,UnitsInvolved,MotorVehiclesInvolved,NumberKilled,NumberInjured,Weather,RdwyConditionCode,HitandRun,DirAnalysisCode,MannerofCollision,RdwyCharacter,LightCondition,RampFromRdwyId,RampToRdwyId,AcceptedDate,IsSecondaryCollision,OwnerBadge,IncidentStatus,
29850438,0568000,LOUISVILLE METRO POLICE DEPT,Accepted,JEFFERSON,,,AMY,AVE,,,,,,,,38.260163724,-85.813242502,0.100,3/22/2022 12:00:00 AM,2305,1,1,0,0,RAINING,WET,False,COLLISION WITH FIXED OBJECT NON - INTERSECTION - FIRST EVENT COLLISION 09 - 32 EXCLUDING 16,SINGLE VEHICLE,STRAIGHT & LEVEL,DARK-HWY LIGHTED/ON,,,3/23/2022 7:48:38 AM,False,5216,Accepted,
29850439,0568000,LOUISVILLE METRO POLICE DEPT,Accepted,JEFFERSON,KY2052,,SHEPHERDSVILLE,RD,,CR1004G,INDIAN,,,,,38.185831154,-85.659650723,3.263,3/22/2022 12:00:00 AM,1947,2,2,0,2,RAINING,WET,False,1 VEHICLE ENTERING/LEAVING ENTRANCE,ANGLE,STRAIGHT & LEVEL,DAYLIGHT,,,3/23/2022 7:48:41 AM,False,5222,Accepted,
29855036,0568000,LOUISVILLE METRO POLICE DEPT,Accepted,JEFFERSON,KY1865,5389,NEW CUT,RD,,,,,,,,38.151167380,-85.776474148,3.038,3/22/2022 12:00:00 AM,1742,2,2,0,0,CLEAR,DRY,False,1 VEHICLE ENTERING/LEAVING ENTRANCE,ANGLE,STRAIGHT & LEVEL,DAYLIGHT,,,3/24/2022 8:36:15 AM,False,7232,Accepted,
29850433,0568000,LOUISVILLE METRO POLICE DEPT,Accepted,JEFFERSON,KY1932,,BRECKENRIDGE,LN,,,SUDBURY,,,,,38.208720334,-85.626552815,1.988,3/22/2022 12:00:00 AM,1000,2,2,0,2,CLOUDY,WET,False,ANGLE COLLISION - ONE VEHICLE TURNING LEFT,ANGLE,STRAIGHT & LEVEL,DAYLIGHT,,,3/23/2022 7:48:20 AM,False,5286,Accepted,
29850440,0568000,LOUISVILLE METRO POLICE DEPT,Accepted,JEFFERSON,I 0064,,I64 E,,,,,,,,,38.258348393,-85.739838712,5.522,3/22/2022 12:00:00 AM,2044,1,1,0,0,RAINING,WET,False,OTHER COLLISIONS ON SHOULDER,SINGLE VEHICLE,CURVE & HILLCREST,DARK-HWY LIGHTED/ON,,,3/23/2022 7:48:45 AM,False,5311,Accepted,
29855027,0568000,LOUISVILLE METRO POLICE DEPT,Accepted,JEFFERSON,,2900,GREENWOOD,AVE,,,,,,,,38.240944889,-85.786651177,2.466,3/22/2022 12:00:00 AM,,4,4,0,0,CLEAR,DRY,True,1 VEHICLE PARKED POSITION (NOT PARKING LOT/DRIVEWAY),SIDESWIPE-SAME DIRECTION,STRAIGHT & LEVEL,DARK-HWY LIGHTED/ON,,,3/24/2022 8:35:39 AM,True,5362,Accepted,
29850413,0568000,LOUISVILLE METRO POLICE DEPT,Accepted,JEFFERSON,US0042,,BROWNSBORO,RD,,,,,RUDY,,ANTRIM,38.278362250,-85.638194806,5.639,3/22/2022 12:00:00 AM,1400,2,2,0,0,CLOUDY,WET,False,OTHER ROADWAY OR MID-BLOCK COLLISION,REAR END,STRAIGHT & LEVEL,DAYLIGHT,,,3/23/2022 7:47:09 AM,False,2395,Accepted,
29850414,0568000,LOUISVILLE METRO POLICE DEPT,Accepted,JEFFERSON,US0060,,SHELBYVILLE,RD,,,ENGLISH STATION,,,,,38.240533392,-85.493518297,12.580,3/22/2022 12:00:00 AM,1207,2,2,0,0,CLOUDY,DRY,False,OTHER INTERSECTION COLLISIONS,REAR END,STRAIGHT & LEVEL,DAYLIGHT,,,3/23/2022 7:47:13 AM,False,7316,Accepted,
29850422,0568000,LOUISVILLE METRO POLICE DEPT,Accepted,JEFFERSON,KY0864,,POPLAR LEVEL,RD,,,MASON DIXON,,,,,38.180207860,-85.693972729,9.986,3/22/2022 12:00:00 AM,1723,2,2,0,0,CLOUDY,DRY,False,ANGLE COLLISION - OTHER,ANGLE,STRAIGHT & LEVEL,DAYLIGHT,,,3/23/2022 7:47:41 AM,False,7383,Accepted,
29850423,0568000,LOUISVILLE METRO POLICE DEPT,Accepted,JEFFERSON,,,36TH,ST,S,,VIRGINIA,,,,,38.239248031,-85.813623072,1.241,3/22/2022 12:00:00 AM,1500,3,3,0,0,CLOUDY,WET,False,ANGLE COLLISION - OTHER,ANGLE,STRAIGHT & LEVEL,DAYLIGHT,,,3/23/2022 7:47:45 AM,False,5308,Accepted,
29850431,0568000,LOUISVILLE METRO POLICE DEPT,Accepted,JEFFERSON,US0031W,,DIXIE,HWY,,KY0907,VALLEY STATION,,,,,38.107645599,-85.866716442,8.634,3/22/2022 12:00:00 AM,1936,2,2,0,1,CLEAR,DRY,False,OPPOSING LEFT TURN,OPPOSING LEFT TURN,STRAIGHT & LEVEL,DUSK,,,3/23/2022 7:48:13 AM,False,7166,Accepted,
29850432,0568000,LOUISVILLE METRO POLICE DEPT,Accepted,JEFFERSON,,,MURPHY,LN,,,TAZWELL,,,,,38.305831712,-85.535306983,0.301,3/21/2022 12:00:00 AM,1810,1,1,0,0,CLEAR,DRY,False,COLLISION WITH FIXED OBJECT IN INTERSECTION - FIRST EVENT COLLISION 09 - 32,SINGLE VEHICLE,STRAIGHT & GRADE,DAYLIGHT,,,3/23/2022 7:48:16 AM,False,7633,Accepted,
29850424,0568000,LOUISVILLE METRO POLICE DEPT,Accepted,JEFFERSON,,,ORMSBY,AVE,W,KY1020,2ND,,,,,38.232542591,-85.757352819,0.089,3/21/2022 12:00:00 AM,1701,2,2,0,0,CLEAR,DRY,False,ANGLE COLLISION - OTHER,ANGLE,STRAIGHT & LEVEL,DAYLIGHT,,,3/23/2022 7:47:49 AM,False,7619,Accepted,
29850405,0568000,LOUISVILLE METRO POLICE DEPT,Accepted,JEFFERSON,I 0265,,I265 W,,,,,I 0265,I265 W EXIT19 ON RAMP FROM KY1819,I 0265,I265 W EXIT17 OFF RAMP TO US31E,38.142002714,-85.567517974,18.159,3/21/2022 12:00:00 AM,1814,2,2,0,1,CLEAR,DRY,False,SIDESWIPE COLLISION - SAME DIRECTION,SIDESWIPE-SAME DIRECTION,CURVE & LEVEL,DAYLIGHT,,,3/23/2022 7:46:46 AM,False,2308,Accepted,
29845986,0568000,LOUISVILLE METRO POLICE DEPT,Accepted,JEFFERSON,I 0264,,I264 E,,,,,,,,,38.229753050,-85.633391668,18.101,3/21/2022 12:00:00 AM,0748,2,2,0,0,CLEAR,DRY,False,OTHER ROADWAY OR MID-BLOCK COLLISION,REAR END,STRAIGHT & LEVEL,DAYLIGHT,,,3/22/2022 8:19:10 AM,False,4903,Accepted,
29845987,0568000,LOUISVILLE METRO POLICE DEPT,Accepted,JEFFERSON,I 0071,,I71 S,,,,,I 0071,I71 S EXIT2 ON RAMP FROM  ZORN AVE,I 0065,I65 S COLLECTOR DISTRIBUTOR,38.267272627,-85.708999372,0.938,3/21/2022 12:00:00 AM,0803,2,2,0,0,CLEAR,DRY,False,REAR END IN TRAFFIC LANES BOTH VEHICLES MOVING,REAR END,STRAIGHT & LEVEL,DAYLIGHT,,,3/22/2022 8:19:14 AM,False,7128,Accepted,
29846019,0568000,LOUISVILLE METRO POLICE DEPT,Accepted,JEFFERSON,US0031W,6801,DIXIE,HWY,,,,,,,,38.151953749,-85.834245349,12.027,3/21/2022 12:00:00 AM,2353,1,1,0,0,CLEAR,DRY,True,COLLISION IN PARKING LOT,SINGLE VEHICLE,STRAIGHT & LEVEL,OTHER,,,3/22/2022 8:21:03 AM,False,5321,Accepted,
29846020,0568000,LOUISVILLE METRO POLICE DEPT,Accepted,JEFFERSON,,,BOLLING,AVE,,,23RD,,,,,38.230356009,-85.794863799,0.567,3/21/2022 12:00:00 AM,1931,3,3,0,1,CLEAR,DRY,True,COLLISION WITH PARKED VEHICLE,ANGLE,STRAIGHT & LEVEL,DAYLIGHT,,,3/22/2022 8:21:09 AM,False,5387,Accepted,
29846003,0568000,LOUISVILLE METRO POLICE DEPT,Accepted,JEFFERSON,US0042,,BROWNSBORO,RD,,,HILLCREST,,,,,38.260618870,-85.685706266,2.744,3/21/2022 12:00:00 AM,1630,2,2,0,1,CLEAR,DRY,False,ANGLE COLLISION - ONE VEHICLE TURNING LEFT,ANGLE,STRAIGHT & LEVEL,DAYLIGHT,,,3/22/2022 8:20:14 AM,False,2413,Accepted,
29846010,0568000,LOUISVILLE METRO POLICE DEPT,Accepted,JEFFERSON,,,IROQUOIS GARDENS,DR,,,,,,,,38.154249871,-85.777732726,0.048,3/21/2022 12:00:00 AM,1624,1,1,0,0,CLEAR,DRY,False,COLLISION IN PARKING LOT,SINGLE VEHICLE,STRAIGHT & LEVEL,DAYLIGHT,,,3/22/2022 8:20:42 AM,False,7234,Accepted,
29846011,0568000,LOUISVILLE METRO POLICE DEPT,Accepted,JEFFERSON,,,SOUTHLAND,BLVD,W,,SOUTHERN,,,,,38.169817616,-85.781236667,1.034,3/21/2022 12:00:00 AM,1258,1,1,0,1,CLEAR,DRY,False,COLLISION WITH FIXED OBJECT IN INTERSECTION - FIRST EVENT COLLISION 09 - 32,SINGLE VEHICLE,STRAIGHT & LEVEL,DAYLIGHT,,,3/22/2022 8:20:46 AM,False,5230,Accepted,
29846013,0568000,LOUISVILLE METRO POLICE DEPT,Accepted,JEFFERSON,I 0064,,I64 E,,,,,,,,,38.223608557,-85.529770038,17.672,3/21/2022 12:00:00 AM,1747,3,3,0,2,CLEAR,DRY,False,OTHER ROADWAY OR MID-BLOCK COLLISION,REAR TO REAR,STRAIGHT & LEVEL,DAYLIGHT,,,3/22/2022 8:20:50 AM,False,7483,Accepted,
29850407,0568000,LOUISVILLE METRO POLICE DEPT,Accepted,JEFFERSON,,960,4TH,ST,S,,,,,,,38.239382620,-85.759569139,1.200,3/21/2022 12:00:00 AM,1702,3,3,0,0,CLEAR,DRY,False,1 VEHICLE PARKED POSITION (NOT PARKING LOT/DRIVEWAY),REAR END,STRAIGHT & LEVEL,DAYLIGHT,,,3/23/2022 7:46:51 AM,False,5120,Accepted,
29840530,0568000,LOUISVILLE METRO POLICE DEPT,Accepted,JEFFERSON,KY0841,,GENE SNYDER,FWY,,,,KY0841,KY841 RAMP TO KY1865,KY0841,KY841 RAMP FROM KY1865,38.120207370,-85.779906314,5.906,3/21/2022 12:00:00 AM,0055,1,1,0,0,CLEAR,DRY,False,OTHER ROADWAY OR MID-BLOCK COLLISION,SINGLE VEHICLE,STRAIGHT & LEVEL,DARK-HWY LIGHTED/ON,,,3/21/2022 8:27:20 AM,False,5220,Accepted,
29844642,0561000,JEFFERSONTOWN POLICE DEPT,Accepted,JEFFERSON,I 0064,,I64 E,,,I 0064,I64 E EXIT17 OFF RAMP TO KY913,,,,,38.223599275,-85.548461235,16.670,3/21/2022 12:00:00 AM,1838,2,2,0,0,CLOUDY,DRY,False,ANGLE COLLISION - OTHER,ANGLE,STRAIGHT & LEVEL,DAYLIGHT,,,3/22/2022 12:51:47 AM,False,8319,Accepted,
29845985,0568000,LOUISVILLE METRO POLICE DEPT,Accepted,JEFFERSON,KY2860,,GRINSTEAD,DR,,,,,CHEROKEE,,EVERETT,38.239291031,-85.719333411,0.108,3/21/2022 12:00:00 AM,0713,4,4,0,0,CLOUDY,DRY,False,SIDESWIPE COLLISION - OPPOSITE DIRECTION,SIDESWIPE-OPPOSITE DIRECTION,STRAIGHT & GRADE,DARK-HWY LIGHTED/ON,,,3/22/2022 8:19:06 AM,False,7900,Accepted,
29850402,0568000,LOUISVILLE METRO POLICE DEPT,Accepted,JEFFERSON,,310,PETERSON,AVE,S,,,,GRINSTEAD,,GRINSTEAD,38.249211504,-85.697083879,0.334,3/21/2022 12:00:00 AM,1503,1,1,0,1,CLEAR,DRY,False,COLLISION WITH FIXED OBJECT NON - INTERSECTION - FIRST EVENT COLLISION 09 - 32 EXCLUDING 16,SINGLE VEHICLE,STRAIGHT & GRADE,DAYLIGHT,,,3/23/2022 7:46:41 AM,False,7632,Accepted,
29848913,0560300,ST. MATTHEWS POLICE DEPARTMENT,Accepted,JEFFERSON,US0060,,SHELBYVILLE,RD,,I 0264,I264 W EXIT20B OFF RAMP TO US60,,,,,38.250104248,-85.620457731,5.474,3/21/2022 12:00:00 AM,2147,2,2,0,0,CLEAR,DRY,False,ANGLE COLLISION - OTHER,ANGLE,STRAIGHT & LEVEL,DARK-HWY LIGHTED/ON,,,3/22/2022 9:15:11 PM,False,9158,Accepted,
29845990,0568000,LOUISVILLE METRO POLICE DEPT,Accepted,JEFFERSON,,,SOUTHACRES,DR,,,,,,,,38.138493270,-85.695360256,0.069,3/21/2022 12:00:00 AM,0828,2,2,0,1,CLEAR,DRY,False,1 VEHICLE PARKED POSITION (NOT PARKING LOT/DRIVEWAY),REAR END,STRAIGHT & LEVEL,DAYLIGHT,,,3/22/2022 8:19:27 AM,False,4693,Accepted,
29845997,0568000,LOUISVILLE METRO POLICE DEPT,Accepted,JEFFERSON,,,CRUMS,LN,S,,SOUTHERN FARM,,,,,38.193561707,-85.838917212,0.556,3/21/2022 12:00:00 AM,0856,1,1,0,0,CLEAR,DRY,True,COLLISION WITH FIXED OBJECT IN INTERSECTION - FIRST EVENT COLLISION 09 - 32,SINGLE VEHICLE,STRAIGHT & LEVEL,DAYLIGHT,,,3/22/2022 8:19:47 AM,False,5208,Accepted,
29846005,0568000,LOUISVILLE METRO POLICE DEPT,Accepted,JEFFERSON,KY1934,,CANE RUN,RD,,KY2049,CRUMS,,,,,38.199114016,-85.837511465,9.196,3/21/2022 12:00:00 AM,1800,2,2,0,0,CLEAR,DRY,True,OTHER INTERSECTION COLLISIONS,REAR END,STRAIGHT & LEVEL,DAYLIGHT,,,3/22/2022 8:20:22 AM,False,5208,Accepted,
29844043,0561000,JEFFERSONTOWN POLICE DEPT,Accepted,JEFFERSON,KY1819,,BILLTOWN,RD,,,FAIRGROUND,,,,,38.173253868,-85.572939928,7.666,3/21/2022 12:00:00 AM,1437,2,2,0,0,CLEAR,DRY,False,OTHER INTERSECTION COLLISIONS,REAR END,STRAIGHT & LEVEL,DAYLIGHT,,,3/21/2022 9:39:13 PM,False,8287,Accepted,
29845992,0568000,LOUISVILLE METRO POLICE DEPT,Accepted,JEFFERSON,,,PARK,RD,S,,,,,,,38.116813164,-85.693954257,0.942,3/21/2022 12:00:00 AM,0946,2,2,0,0,CLEAR,DRY,False,SIDESWIPE COLLISION - SAME DIRECTION,SIDESWIPE-SAME DIRECTION,STRAIGHT & LEVEL,DAYLIGHT,,,3/22/2022 8:19:32 AM,False,4693,Accepted,
29845999,0568000,LOUISVILLE METRO POLICE DEPT,Accepted,JEFFERSON,I 0064,,,,,I 0064,I64 W,,,,,38.222839402,-85.504731805,0.231,3/21/2022 12:00:00 AM,0759,2,2,0,0,CLEAR,DRY,False,COLLISION WITH PARKED VEHICLE,REAR END,CURVE & HILLCREST,DAYLIGHT,,,3/22/2022 8:19:55 AM,False,7876,Accepted,
29846000,0568000,LOUISVILLE METRO POLICE DEPT,Accepted,JEFFERSON,US0031E,,BARDSTOWN,RD,,,,,,,,38.205423793,-85.666623678,11.552,3/21/2022 12:00:00 AM,1330,2,2,0,2,CLEAR,DRY,False,COLLISION IN PARKING LOT,ANGLE,STRAIGHT & LEVEL,DAYLIGHT,,,3/22/2022 8:19:59 AM,False,4693,Accepted,
29846006,0568000,LOUISVILLE METRO POLICE DEPT,Accepted,JEFFERSON,,,SMYRNA,PKWY,,,THEILER,,,,,38.114654308,-85.644026728,1.611,3/21/2022 12:00:00 AM,1738,2,2,0,2,CLEAR,DRY,False,ANGLE COLLISION - OTHER,ANGLE,STRAIGHT & LEVEL,DAYLIGHT,,,3/22/2022 8:20:26 AM,False,5014,Accepted,
29846007,0568000,LOUISVILLE METRO POLICE DEPT,Accepted,JEFFERSON,,4500,3RD,ST,S,,,,,,,38.188618830,-85.764979048,0.827,3/21/2022 12:00:00 AM,1653,3,3,0,2,CLEAR,DRY,False,1 VEHICLE ENTERING/LEAVING ENTRANCE,ANGLE,STRAIGHT & LEVEL,DARK (UNKNOWN ROADWAY LIGHTING),,,3/22/2022 8:20:30 AM,False,7402,Accepted,
29846008,0568000,LOUISVILLE METRO POLICE DEPT,Accepted,JEFFERSON,KY3064,,PORTLAND,AVE,,,,,,,,38.270060542,-85.787137311,0.275,3/21/2022 12:00:00 AM,1410,2,2,0,0,CLEAR,DRY,False,1 VEHICLE ENTERING/LEAVING ENTRANCE,ANGLE,STRAIGHT & LEVEL,DAYLIGHT,,,3/22/2022 8:20:34 AM,False,5148,Accepted,
29846009,0568000,LOUISVILLE METRO POLICE DEPT,Accepted,JEFFERSON,I 0264,,I264 E,,,I 0264,I264 E EXIT11 OFF RAMP,,,,,38.190125337,-85.754372428,10.724,3/21/2022 12:00:00 AM,1640,3,3,0,2,CLOUDY,DRY,False,OTHER INTERSECTION COLLISIONS,REAR END,STRAIGHT & LEVEL,DAYLIGHT,,,3/22/2022 8:20:38 AM,False,7257,Accepted,
29846017,0568000,LOUISVILLE METRO POLICE DEPT,Accepted,JEFFERSON,KY1747,,FERN VALLEY,RD,,,,,JEANINE,KY1747,KY1747 CROSSOVER,38.157895914,-85.689645646,2.340,3/21/2022 12:00:00 AM,2003,2,2,0,1,CLEAR,DRY,False,REAR END IN TRAFFIC LANES BOTH VEHICLES MOVING,REAR END,STRAIGHT & LEVEL,DARK-HWY LIGHTED/ON,,,3/22/2022 8:20:54 AM,False,7090,Accepted,
29850427,0568000,LOUISVILLE METRO POLICE DEPT,Accepted,JEFFERSON,US0031W,,22ND,ST,S,,MAPLE,,,,,38.247220511,-85.788574499,19.419,3/21/2022 12:00:00 AM,1439,2,2,0,1,CLEAR,DRY,False,ANGLE COLLISION - OTHER,ANGLE,STRAIGHT & LEVEL,DAYLIGHT,,,3/23/2022 7:48:01 AM,False,5039,Accepted,
29840518,0568000,LOUISVILLE METRO POLICE DEPT,Accepted,JEFFERSON,KY1703,,NEWBURG,RD,,,INDIAN,,,,,38.184571976,-85.665412748,0.506,3/20/2022 12:00:00 AM,2025,2,2,0,1,CLEAR,DRY,False,OPPOSING LEFT TURN,OPPOSING LEFT TURN,STRAIGHT & LEVEL,DAYLIGHT,,,3/21/2022 8:26:57 AM,False,5347,Accepted,
29840532,0568000,LOUISVILLE METRO POLICE DEPT,Accepted,JEFFERSON,KY2056,,BELLS,LN,,,,,,,,38.222952647,-85.822720824,1.024,3/20/2022 12:00:00 AM,0701,2,2,0,0,CLEAR,DRY,False,1 VEHICLE ENTERING/LEAVING ENTRANCE,ANGLE,STRAIGHT & LEVEL,DAYLIGHT,,,3/21/2022 8:27:27 AM,False,5360,Accepted,
29869135,0568000,LOUISVILLE METRO POLICE DEPT,Accepted,JEFFERSON,,,HILL,ST,W,KY1020,2ND,,,,,38.225637967,-85.758614616,0.090,3/20/2022 12:00:00 AM,0516,3,3,0,1,CLEAR,DRY,False,HEAD-ON COLLISION,HEAD ON,STRAIGHT & LEVEL,DARK-HWY LIGHTED/ON,,,3/28/2022 8:46:00 AM,False,5373,Accepted,
29869131,0568000,LOUISVILLE METRO POLICE DEPT,Accepted,JEFFERSON,,,CASTLEWOOD,AVE,,,,,BARRET,,ROSEWOOD,38.231178178,-85.724424159,0.405,3/20/2022 12:00:00 AM,0503,2,2,0,0,CLEAR,DRY,False,COLLISION IN PARKING LOT,REAR END,STRAIGHT & LEVEL,DARK-HWY LIGHTED/ON,,,3/28/2022 8:45:47 AM,True,5250,Accepted,
29840509,0568000,LOUISVILLE METRO POLICE DEPT,Accepted,JEFFERSON,KY1631,,CRITTENDEN,DR,,,,,CHEYENNE,,DAKOTA,38.195331611,-85.750884718,0.511,3/20/2022 12:00:00 AM,1708,1,1,0,0,CLEAR,DRY,False,COLLISION WITH FIXED OBJECT NON - INTERSECTION - FIRST EVENT COLLISION 09 - 32 EXCLUDING 16,SINGLE VEHICLE,STRAIGHT & LEVEL,DAYLIGHT,,,3/21/2022 8:26:21 AM,False,2745,Accepted,
29840507,0568000,LOUISVILLE METRO POLICE DEPT,Accepted,JEFFERSON,US0060,,SHELBYVILLE,RD,,,,,ARTERBURN,,CHRISTIAN,38.249013867,-85.608776286,6.111,3/20/2022 12:00:00 AM,1622,2,2,0,1,CLEAR,DRY,False,1 VEHICLE ENTERING/LEAVING ENTRANCE,ANGLE,STRAIGHT & LEVEL,DAYLIGHT,,,3/21/2022 8:26:14 AM,False,7358,Accepted,
29840515,0568000,LOUISVILLE METRO POLICE DEPT,Accepted,JEFFERSON,,230,CECIL,AVE,,,,,,,,38.262133925,-85.818154454,0.069,3/20/2022 12:00:00 AM,2201,3,3,0,0,CLEAR,DRY,True,1 VEHICLE PARKED POSITION (NOT PARKING LOT/DRIVEWAY),ANGLE,CURVE & LEVEL,DARK-HWY LIGHTED/ON,,,3/21/2022 8:26:49 AM,False,5384,Accepted,
29840516,0568000,LOUISVILLE METRO POLICE DEPT,Accepted,JEFFERSON,KY0022,,BROWNSBORO,RD,,,LIME KILN,,,,,38.283928732,-85.627934696,0.440,3/20/2022 12:00:00 AM,2010,2,2,0,0,CLEAR,DRY,False,ANGLE COLLISION - ONE VEHICLE TURNING LEFT,ANGLE,STRAIGHT & LEVEL,DAYLIGHT,,,3/21/2022 8:26:53 AM,False,5030,Accepted,
29840500,0568000,LOUISVILLE METRO POLICE DEPT,Accepted,JEFFERSON,,,CRUMS,LN,,,,,,,,38.191930694,-85.807821243,0.013,3/20/2022 12:00:00 AM,1327,2,2,0,0,CLEAR,DRY,True,REAR END IN TRAFFIC LANES BOTH VEHICLES MOVING,REAR END,STRAIGHT & LEVEL,DAYLIGHT,,,3/21/2022 8:25:48 AM,False,5252,Accepted,
29840501,0568000,LOUISVILLE METRO POLICE DEPT,Accepted,JEFFERSON,KY1865,,NEW CUT,RD,,,AUBURN OAKS,,,,,38.139843326,-85.773997736,2.252,3/20/2022 12:00:00 AM,1330,2,2,0,0,CLEAR,DRY,False,ANGLE COLLISION - OTHER,ANGLE,STRAIGHT & HILLCREST,DAYLIGHT,,,3/21/2022 8:25:52 AM,False,7080,Accepted,
29840502,0568000,LOUISVILLE METRO POLICE DEPT,Accepted,JEFFERSON,KY1447,,WESTPORT,RD,,,SPRINGHURST,,,,,38.293953312,-85.558975384,6.048,3/20/2022 12:00:00 AM,1300,2,2,0,0,CLEAR,DRY,False,OTHER INTERSECTION COLLISIONS,REAR END,STRAIGHT & LEVEL,DAYLIGHT,,,3/21/2022 8:25:56 AM,False,7631,Accepted,
29859442,0568000,LOUISVILLE METRO POLICE DEPT,Accepted,JEFFERSON,,,JEFFERSON,ST,E,,SHELBY,,,,,38.251851919,-85.738295167,0.290,3/20/2022 12:00:00 AM,1751,2,2,0,0,CLEAR,DRY,False,ANGLE COLLISION - OTHER,ANGLE,STRAIGHT & LEVEL,DAYLIGHT,,,3/25/2022 8:20:40 AM,False,5354,Accepted,
29896241,0568000,LOUISVILLE METRO POLICE DEPT,Accepted,JEFFERSON,KY1703,,NEWBURG,RD,,,INDIAN,,,,,38.184633336,-85.665434812,0.505,3/20/2022 12:00:00 AM,2030,2,2,0,0,CLEAR,DRY,True,OTHER INTERSECTION COLLISIONS,REAR END,STRAIGHT & LEVEL,DARK-HWY NOT LIGHTED,,,4/4/2022 8:29:53 AM,False,5153,Accepted,
29896274,0568000,LOUISVILLE METRO POLICE DEPT,Accepted,JEFFERSON,US0031W,7135,DIXIE,HWY,,,,,,,,38.147507115,-85.837820615,11.931,3/20/2022 12:00:00 AM,0929,2,2,0,0,CLEAR,DRY,False,SIDESWIPE COLLISION - SAME DIRECTION,SIDESWIPE-SAME DIRECTION,STRAIGHT & LEVEL,DAYLIGHT,,,4/4/2022 8:32:38 AM,False,7817,Accepted,
29840489,0568000,LOUISVILLE METRO POLICE DEPT,Accepted,JEFFERSON,I 0264,,I264 W,,,,,,,,,38.231682075,-85.820653008,3.396,3/20/2022 12:00:00 AM,0336,2,2,0,0,CLEAR,DRY,True,REAR END IN TRAFFIC LANES BOTH VEHICLES MOVING,REAR END,STRAIGHT & LEVEL,DARK-HWY LIGHTED/ON,,,3/21/2022 8:25:15 AM,False,7309,Accepted,
29840496,0568000,LOUISVILLE METRO POLICE DEPT,Accepted,JEFFERSON,I 0065,,I65 S,,,,,,,,,38.159768893,-85.719901655,128.449,3/20/2022 12:00:00 AM,0631,1,1,0,2,CLEAR,DRY,False,OTHER ROADWAY OR MID-BLOCK COLLISION,SINGLE VEHICLE,CURVE & LEVEL,DARK-HWY LIGHTED/ON,,,3/21/2022 8:25:31 AM,False,7669,Accepted,
29840487,0568000,LOUISVILLE METRO POLICE DEPT,Accepted,JEFFERSON,KY1447,,WESTPORT,RD,,,CHAMBERLAIN,,,,,38.299249136,-85.541675544,7.038,3/20/2022 12:00:00 AM,0122,2,2,0,0,CLEAR,WET,False,ANGLE COLLISION - OTHER,ANGLE,STRAIGHT & LEVEL,DARK-HWY LIGHTED/OFF,,,3/21/2022 8:25:08 AM,False,7369,Accepted,
29840488,0568000,LOUISVILLE METRO POLICE DEPT,Accepted,JEFFERSON,,3624,BRENDENWOOD,RD,,,,,,,,38.109600981,-85.831555340,0.196,3/20/2022 12:00:00 AM,0250,3,3,0,0,CLEAR,DRY,True,1 VEHICLE PARKED POSITION (NOT PARKING LOT/DRIVEWAY),HEAD ON,STRAIGHT & LEVEL,DARK-HWY NOT LIGHTED,,,3/21/2022 8:25:11 AM,False,5033,Accepted,
29840495,0568000,LOUISVILLE METRO POLICE DEPT,Accepted,JEFFERSON,US0031E,942,BAXTER,AVE,,,,,MORTON,,HIGHLAND,38.241163196,-85.725036915,15.719,3/20/2022 12:00:00 AM,0255,3,3,0,0,CLEAR,DRY,False,1 VEHICLE PARKED POSITION (NOT PARKING LOT/DRIVEWAY),ANGLE,STRAIGHT & LEVEL,DARK-HWY LIGHTED/ON,,,3/21/2022 8:25:27 AM,False,5197,Accepted,
29840503,0568000,LOUISVILLE METRO POLICE DEPT,Accepted,JEFFERSON,,7204,WINDEMERE,DR,,,,,,,,38.153321032,-85.806435330,0.010,3/20/2022 12:00:00 AM,1532,2,2,0,1,CLEAR,DRY,False,SIDESWIPE COLLISION - OPPOSITE DIRECTION,SIDESWIPE-OPPOSITE DIRECTION,STRAIGHT & LEVEL,DAYLIGHT,,,3/21/2022 8:25:59 AM,False,7331,Accepted,
29840511,0568000,LOUISVILLE METRO POLICE DEPT,Accepted,JEFFERSON,,,MARKET,ST,W,,LONGWORTH,,,,,38.264789665,-85.824291127,2.113,3/20/2022 12:00:00 AM,1622,2,2,0,4,CLEAR,DRY,False,ANGLE COLLISION - OTHER,ANGLE,STRAIGHT & LEVEL,DAYLIGHT,,,3/21/2022 8:26:29 AM,False,7363,Accepted,