IncidentID,AgencyORI,AgencyName,IncidentStatusDesc,County,RdwyNumber,Street,RoadwayName,StreetSfx,StreetDir,IntersectionRdwy,IntersectionRdwyName,BetweenStRdwy1,BetweenStRdwyName1,BetweenStRdwy2,BetweenStRdwyName2,Latitude,Longitude,Milepoint,CollisionDate,CollisionTime,UnitsInvolved,MotorVehiclesInvolved,NumberKilled,NumberInjured,Weather,RdwyConditionCode,HitandRun,DirAnalysisCode,MannerofCollision,RdwyCharacter,LightCondition,RampFromRdwyId,RampToRdwyId,AcceptedDate,IsSecondaryCollision,OwnerBadge,IncidentStatus,
29840520,0568000,LOUISVILLE METRO POLICE DEPT,Accepted,JEFFERSON,,450,25TH,ST,N,,GILLIGAN,,,,,38.267896073,-85.788769579,0.233,3/20/2022 12:00:00 AM,1927,2,2,0,0,CLEAR,DRY,True,COLLISION WITH PARKED VEHICLE,SIDESWIPE-SAME DIRECTION,STRAIGHT & LEVEL,DAYLIGHT,,,3/21/2022 8:27:01 AM,True,5340,Accepted,
29840505,0568000,LOUISVILLE METRO POLICE DEPT,Accepted,JEFFERSON,,,KENTUCKY,ST,E,KY0864,SHELBY,,,,,38.236937511,-85.740847006,0.758,3/20/2022 12:00:00 AM,1540,2,2,0,1,CLEAR,DRY,False,COLLISION WITH FIXED OBJECT IN INTERSECTION - FIRST EVENT COLLISION 09 - 32,ANGLE,STRAIGHT & LEVEL,DAYLIGHT,,,3/21/2022 8:26:07 AM,False,5175,Accepted,
29840506,0568000,LOUISVILLE METRO POLICE DEPT,Accepted,JEFFERSON,US0031W,,22ND,ST,S,,STANDARD,,,,,38.231548123,-85.791751640,18.353,3/20/2022 12:00:00 AM,1649,2,2,0,1,CLEAR,DRY,True,ANGLE COLLISION - OTHER,ANGLE,STRAIGHT & LEVEL,DAYLIGHT,,,3/21/2022 8:26:11 AM,False,5412,Accepted,
29840513,0568000,LOUISVILLE METRO POLICE DEPT,Accepted,JEFFERSON,,,KENTUCKY,ST,E,KY0864,SHELBY,,,,,38.236949382,-85.740904323,0.755,3/20/2022 12:00:00 AM,1154,2,2,0,0,CLEAR,DRY,False,ANGLE COLLISION - OTHER,ANGLE,STRAIGHT & LEVEL,DAYLIGHT,,,3/21/2022 8:26:37 AM,False,5152,Accepted,
29840514,0568000,LOUISVILLE METRO POLICE DEPT,Accepted,JEFFERSON,KY1703,,NEWBURG,RD,,,,,BISHOP,,GOLDSMITH,38.200467203,-85.685542448,2.056,3/20/2022 12:00:00 AM,2039,2,2,0,0,CLEAR,DRY,True,SIDESWIPE COLLISION - SAME DIRECTION,SIDESWIPE-SAME DIRECTION,STRAIGHT & LEVEL,DARK-HWY LIGHTED/ON,,,3/21/2022 8:26:44 AM,False,7049,Accepted,
29840531,0568000,LOUISVILLE METRO POLICE DEPT,Accepted,JEFFERSON,US0150,,BROADWAY,,W,,18TH,,,,,38.248959908,-85.781417044,1.105,3/20/2022 12:00:00 AM,2010,2,2,0,1,CLEAR,DRY,True,ANGLE COLLISION - OTHER,ANGLE,STRAIGHT & LEVEL,DARK-HWY LIGHTED/ON,,,3/21/2022 8:27:23 AM,False,5021,Accepted,
29850400,0568000,LOUISVILLE METRO POLICE DEPT,Accepted,JEFFERSON,,513,LAMPTON,ST,,,,,,,,38.241884249,-85.745846414,0.122,3/20/2022 12:00:00 AM,2035,2,2,0,1,CLEAR,DRY,True,HEAD-ON COLLISION,HEAD ON,STRAIGHT & LEVEL,DARK (UNKNOWN ROADWAY LIGHTING),,,3/23/2022 7:46:36 AM,False,5050,Accepted,
29850415,0568000,LOUISVILLE METRO POLICE DEPT,Accepted,JEFFERSON,KY0061,8000,PRESTON,HWY,,,,,,,,38.137535616,-85.686346503,3.894,3/20/2022 12:00:00 AM,1300,2,2,0,0,CLEAR,DRY,True,SIDESWIPE COLLISION - SAME DIRECTION,SIDESWIPE-SAME DIRECTION,STRAIGHT & LEVEL,DAYLIGHT,,,3/23/2022 7:47:17 AM,False,7799,Accepted,
29869130,0568000,LOUISVILLE METRO POLICE DEPT,Accepted,JEFFERSON,US0031E,,BAXTER,AVE,,,,,PAYNE,,ROGERS,38.246702449,-85.729254878,16.111,3/20/2022 12:00:00 AM,0328,2,2,0,0,CLEAR,DRY,False,1 VEHICLE ENTERING/LEAVING ENTRANCE,ANGLE,STRAIGHT & LEVEL,DARK-HWY LIGHTED/ON,,,3/28/2022 8:45:43 AM,False,5250,Accepted,
29840522,0568000,LOUISVILLE METRO POLICE DEPT,Accepted,JEFFERSON,,,HILL,ST,W,,,,,,,38.225639267,-85.758607838,0.090,3/19/2022 12:00:00 AM,2221,3,3,0,0,CLOUDY,DRY,True,1 VEHICLE ENTERING/LEAVING ENTRANCE,ANGLE,STRAIGHT & LEVEL,DARK (UNKNOWN ROADWAY LIGHTING),,,3/21/2022 8:27:06 AM,False,7376,Accepted,
29840512,0568000,LOUISVILLE METRO POLICE DEPT,Accepted,JEFFERSON,US0031E,,BARDSTOWN,RD,,,,,EDENSIDE,US0060A,EASTERN,38.232021372,-85.709370935,14.630,3/19/2022 12:00:00 AM,1844,2,2,0,2,CLEAR,DRY,False,1 VEHICLE ENTERING/LEAVING ENTRANCE,ANGLE,STRAIGHT & LEVEL,DAYLIGHT,,,3/21/2022 8:26:33 AM,False,7129,Accepted,
29840504,0568000,LOUISVILLE METRO POLICE DEPT,Accepted,JEFFERSON,KY1747,,HURSTBOURNE,PKWY,S,,VIEUX CARRE,,,,,38.241014228,-85.576844460,13.128,3/19/2022 12:00:00 AM,1619,2,2,0,0,CLOUDY,DRY,False,SIDESWIPE-SAME DIRECTION,SIDESWIPE-SAME DIRECTION,STRAIGHT & LEVEL,DAYLIGHT,,,3/21/2022 8:26:03 AM,False,7475,Accepted,
29836039,0560300,ST. MATTHEWS POLICE DEPARTMENT,Accepted,JEFFERSON,KY1932,,BRECKENRIDGE,LN,,,,,,,,38.252920725,-85.655383969,5.516,3/19/2022 12:00:00 AM,1613,2,2,0,0,CLOUDY,DRY,False,SIDESWIPE COLLISION - SAME DIRECTION,SIDESWIPE-SAME DIRECTION,STRAIGHT & LEVEL,DAYLIGHT,,,3/19/2022 10:17:06 PM,False,9151,Accepted,
29836040,0560300,ST. MATTHEWS POLICE DEPARTMENT,Accepted,JEFFERSON,US0060,,SHELBYVILLE,RD,,,,,TEN PIN,I 0264,I264 W EXIT20B OFF RAMP TO US60,38.250201299,-85.621910116,5.395,3/19/2022 12:00:00 AM,1828,2,2,0,0,CLOUDY,DRY,False,SIDESWIPE COLLISION - SAME DIRECTION,SIDESWIPE-SAME DIRECTION,STRAIGHT & LEVEL,DAYLIGHT,,,3/19/2022 10:17:10 PM,False,9151,Accepted,
29840472,0568000,LOUISVILLE METRO POLICE DEPT,Accepted,JEFFERSON,,,25TH,ST,S,,MARKET,,,,,38.259358232,-85.791464947,0.077,3/19/2022 12:00:00 AM,1256,2,2,0,0,RAINING,WET,False,COLLISION WITH PARKED VEHICLE,SIDESWIPE-SAME DIRECTION,STRAIGHT & LEVEL,DAYLIGHT,,,3/21/2022 8:24:24 AM,False,5407,Accepted,
29840479,0568000,LOUISVILLE METRO POLICE DEPT,Accepted,JEFFERSON,KY1065,7700BLK,OUTER,LOOP,,,,,,,,38.137647776,-85.617621492,9.874,3/19/2022 12:00:00 AM,1114,2,1,0,0,RAINING,WET,False,COLLISION WITH PEDESTRIAN NON - INTERSECTION,SINGLE VEHICLE,CURVE & LEVEL,DAYLIGHT,,,3/21/2022 8:24:44 AM,False,7484,Accepted,
29840481,0568000,LOUISVILLE METRO POLICE DEPT,Accepted,JEFFERSON,US0031W,,DIXIE,HWY,,,KINGSFORD,,,,,38.172918045,-85.824977967,13.683,3/19/2022 12:00:00 AM,1109,2,2,0,1,CLOUDY,DRY,False,ANGLE COLLISION - OTHER,ANGLE,STRAIGHT & LEVEL,DARK-HWY LIGHTED/ON,,,3/21/2022 8:24:52 AM,False,5212,Accepted,
29840462,0568000,LOUISVILLE METRO POLICE DEPT,Accepted,JEFFERSON,I 0064,,I64 WB,,,,,,,,,38.260066222,-85.741756518,5.187,3/19/2022 12:00:00 AM,1035,2,2,0,1,CLOUDY,WET,True,SIDESWIPE COLLISION - SAME DIRECTION,SIDESWIPE-SAME DIRECTION,CURVE & LEVEL,DAYLIGHT,,,3/21/2022 8:23:48 AM,False,6360,Accepted,
29840470,0568000,LOUISVILLE METRO POLICE DEPT,Accepted,JEFFERSON,,,RIVER,RD,,,,,WITHERSPOON,,DOCK VIEW,38.261930791,-85.735656195,0.652,3/19/2022 12:00:00 AM,1213,1,1,0,1,RAINING,WET,False,OTHER ROADWAY OR MID-BLOCK COLLISION,SINGLE VEHICLE,STRAIGHT & LEVEL,DAYLIGHT,,,3/21/2022 8:24:15 AM,False,6360,Accepted,
29840471,0568000,LOUISVILLE METRO POLICE DEPT,Accepted,JEFFERSON,KY1931,,ST ANDREWS CHURCH,RD,,,,US0031W,DIXIE,,ST ANDREWS CHURCH,38.143481935,-85.839012901,3.176,3/19/2022 12:00:00 AM,1552,3,3,0,1,CLOUDY,WET,False,REAR END IN TRAFFIC LANES BOTH VEHICLES MOVING,REAR END,STRAIGHT & LEVEL,DAYLIGHT,,,3/21/2022 8:24:20 AM,False,7339,Accepted,
29896239,0568000,LOUISVILLE METRO POLICE DEPT,Accepted,JEFFERSON,,,HIKES,LN,,,GREENWICH,,,,,38.208696731,-85.644625508,1.938,3/19/2022 12:00:00 AM,2137,1,1,0,1,CLEAR,DRY,False,COLLISION WITH FIXED OBJECT IN INTERSECTION - FIRST EVENT COLLISION 09 - 32,SINGLE VEHICLE,STRAIGHT & LEVEL,DARK-HWY LIGHTED/ON,,,4/4/2022 8:29:44 AM,False,5305,Accepted,
29840508,0568000,LOUISVILLE METRO POLICE DEPT,Accepted,JEFFERSON,,,HILL,ST,W,,28TH,,,,,38.230556809,-85.801193993,2.446,3/19/2022 12:00:00 AM,1701,2,2,0,0,CLOUDY,WET,True,OTHER INTERSECTION COLLISIONS,REAR END,STRAIGHT & GRADE,DAYLIGHT,,,3/21/2022 8:26:17 AM,False,7656,Accepted,
29840467,0568000,LOUISVILLE METRO POLICE DEPT,Accepted,JEFFERSON,US0031E,,MARKET,ST,E,KY0061,PRESTON,,,,,38.254107092,-85.746134153,17.372,3/19/2022 12:00:00 AM,1414,3,3,0,0,RAINING,WET,False,ANGLE COLLISION - OTHER,ANGLE,STRAIGHT & LEVEL,DAYLIGHT,,,3/21/2022 8:24:04 AM,False,7216,Accepted,
29840476,0568000,LOUISVILLE METRO POLICE DEPT,Accepted,JEFFERSON,I 0065,,,,,,,,,,,38.184960398,-85.723689144,0.016,3/19/2022 12:00:00 AM,1423,2,2,0,0,CLOUDY,DRY,False,OTHER RAMP RELATED COLLISIONS NOT LISTED ABOVE,REAR END,STRAIGHT & LEVEL,DAYLIGHT,I 0065,I 0264,3/21/2022 8:24:40 AM,False,7451,Accepted,
29840483,0568000,LOUISVILLE METRO POLICE DEPT,Accepted,JEFFERSON,US0031W,411,DR W J HODGE,ST,,,,,,,,38.255777850,-85.785385481,20.064,3/19/2022 12:00:00 AM,0705,2,2,0,0,CLEAR,DRY,True,1 VEHICLE ENTERING/LEAVING ENTRANCE,ANGLE,STRAIGHT & LEVEL,DARK-HWY LIGHTED/ON,,,3/21/2022 8:24:59 AM,False,5271,Accepted,
29840494,0568000,LOUISVILLE METRO POLICE DEPT,Accepted,JEFFERSON,,,LINDSAY,AVE,,,,,,,,38.260435073,-85.706458305,0.083,3/19/2022 12:00:00 AM,1500,2,2,0,1,CLOUDY,DRY,False,HEAD-ON COLLISION,HEAD ON,STRAIGHT & GRADE,DAYLIGHT,,,3/21/2022 8:25:23 AM,False,2738,Accepted,
29840465,0568000,LOUISVILLE METRO POLICE DEPT,Accepted,JEFFERSON,I 0264,,I264 E EXIT20 TRANSIT,,,,,,,,,38.248626560,-85.619567205,0.169,3/19/2022 12:00:00 AM,1259,2,2,0,0,CLOUDY,DRY,False,REAR END IN TRAFFIC LANES BOTH VEHICLES MOVING,REAR END,STRAIGHT & GRADE,DAYLIGHT,,,3/21/2022 8:23:56 AM,False,7358,Accepted,
29840466,0568000,LOUISVILLE METRO POLICE DEPT,Accepted,JEFFERSON,I 0264,,I264 E EXIT20 TRANSIT,,,,,,,,,38.248568499,-85.619585977,0.165,3/19/2022 12:00:00 AM,1259,2,2,0,0,RAINING,WET,False,REAR END IN TRAFFIC LANES BOTH VEHICLES MOVING,REAR END,STRAIGHT & GRADE,DAYLIGHT,,,3/21/2022 8:24:00 AM,True,6456,Accepted,
29840474,0568000,LOUISVILLE METRO POLICE DEPT,Accepted,JEFFERSON,,,MUHAMMAD ALI,BLVD,W,US0031W,DR W J HODGE,,,,,38.254325391,-85.785638876,1.813,3/19/2022 12:00:00 AM,1539,2,2,0,1,RAINING,WET,True,ANGLE COLLISION - OTHER,ANGLE,STRAIGHT & LEVEL,DAYLIGHT,,,3/21/2022 8:24:28 AM,False,5408,Accepted,
29840475,0568000,LOUISVILLE METRO POLICE DEPT,Accepted,JEFFERSON,KY0864,,POPLAR LEVEL,RD,,,JEFFERSON,,,,,38.160083381,-85.671414310,8.058,3/19/2022 12:00:00 AM,1445,2,2,0,1,CLOUDY,WET,False,OPPOSING LEFT TURN,OPPOSING LEFT TURN,STRAIGHT & LEVEL,DAYLIGHT,,,3/21/2022 8:24:33 AM,False,7451,Accepted,
29840482,0568000,LOUISVILLE METRO POLICE DEPT,Accepted,JEFFERSON,,,NORRIS,PL,,,KNIGHTS,,,,,38.221753730,-85.703964457,0.827,3/19/2022 12:00:00 AM,2121,2,2,0,0,CLEAR,DRY,True,VEHICLE BACKING IN INTERSECTION,BACKING,STRAIGHT & LEVEL,DARK-HWY LIGHTED/ON,,,3/21/2022 8:24:56 AM,False,7049,Accepted,
29840491,0568000,LOUISVILLE METRO POLICE DEPT,Accepted,JEFFERSON,KY1934,,CANE RUN,RD,,I 0264,I264 W EXIT5 RAMP KY1934,,,,,38.207243524,-85.826823646,9.966,3/19/2022 12:00:00 AM,1655,2,2,0,0,RAINING,WET,False,ANGLE COLLISION - OTHER,ANGLE,STRAIGHT & LEVEL,DAYLIGHT,,,3/21/2022 8:25:19 AM,False,7872,Accepted,
29840499,0568000,LOUISVILLE METRO POLICE DEPT,Accepted,JEFFERSON,,,4TH,ST,S,,HILL,,,,,38.226004994,-85.761910211,2.132,3/19/2022 12:00:00 AM,1303,2,2,0,0,CLOUDY,WET,False,ANGLE COLLISION - OTHER,ANGLE,STRAIGHT & LEVEL,DAYLIGHT,,,3/21/2022 8:25:44 AM,False,7725,Accepted,
29840510,0568000,LOUISVILLE METRO POLICE DEPT,Accepted,JEFFERSON,KY1450,,BLUE LICK,RD,,KY1851,HUTCHERSON,,,,,38.091090991,-85.698850235,0.348,3/19/2022 12:00:00 AM,1627,2,2,0,3,CLEAR,DRY,False,ANGLE COLLISION - OTHER,ANGLE,STRAIGHT & LEVEL,DAYLIGHT,,,3/21/2022 8:26:25 AM,False,7272,Accepted,
29840459,0568000,LOUISVILLE METRO POLICE DEPT,Accepted,JEFFERSON,KY1865,,TAYLOR,BLVD,,,CARRICO,,,,,38.184117226,-85.783928650,5.354,3/19/2022 12:00:00 AM,0008,2,2,0,0,RAINING,WET,False,SIDESWIPE-SAME DIRECTION,SIDESWIPE-SAME DIRECTION,STRAIGHT & LEVEL,DARK-HWY LIGHTED/ON,,,3/21/2022 8:23:35 AM,False,7040,Accepted,
29840616,0561500,UNIV. OF LOUISVILLE POLICE,Accepted,JEFFERSON,KY0864,4520,POPLAR LEVEL,RD,,,,,,,,38.187176084,-85.701795867,10.652,3/19/2022 12:00:00 AM,2309,2,1,0,1,CLEAR,DRY,False,COLLISION IN PARKING LOT,SINGLE VEHICLE,CURVE & LEVEL,OTHER,,,3/21/2022 8:48:10 AM,False,5700,Accepted,
29855458,0568000,LOUISVILLE METRO POLICE DEPT,Accepted,JEFFERSON,,,11TH,ST,S,,BRASHEAR,,,,,38.224185950,-85.774450374,1.964,3/19/2022 12:00:00 AM,1356,2,2,0,0,CLOUDY,WET,False,ANGLE COLLISION - OTHER,ANGLE,STRAIGHT & LEVEL,DAYLIGHT,,,3/24/2022 10:14:35 AM,False,5343,Accepted,
29840460,0568000,LOUISVILLE METRO POLICE DEPT,Accepted,JEFFERSON,KY1931,,MANSLICK,RD,,,STEPHAN,,,,,38.168204486,-85.797237590,6.439,3/18/2022 12:00:00 AM,2204,2,2,0,0,RAINING,WET,False,ANGLE COLLISION - ONE VEHICLE TURNING LEFT,ANGLE,STRAIGHT & LEVEL,DARK-HWY LIGHTED/ON,,,3/21/2022 8:23:39 AM,False,5220,Accepted,
29840527,0568000,LOUISVILLE METRO POLICE DEPT,Accepted,JEFFERSON,I 0265,,I265 S,,,,,,,,,38.272073577,-85.501080313,28.858,3/18/2022 12:00:00 AM,2304,1,1,0,0,RAINING,WET,False,COLLISION WITH FIXED OBJECT NON - INTERSECTION - FIRST EVENT COLLISION 09 - 32 EXCLUDING 16,SINGLE VEHICLE,STRAIGHT & LEVEL,DARK-HWY LIGHTED/ON,,,3/21/2022 8:27:13 AM,False,7475,Accepted,
29840525,0568000,LOUISVILLE METRO POLICE DEPT,Accepted,JEFFERSON,I 0265,,I265 S,,,,,,,,,38.269031990,-85.501410585,28.648,3/18/2022 12:00:00 AM,2304,2,2,0,0,RAINING,WET,False,1 VEHICLE PARKED POSITION (NOT PARKING LOT/DRIVEWAY),REAR END,STRAIGHT & LEVEL,DARK-HWY LIGHTED/ON,,,3/21/2022 8:27:09 AM,False,7475,Accepted,
29840457,0568000,LOUISVILLE METRO POLICE DEPT,Accepted,JEFFERSON,,,16TH,ST,S,,MUHAMMAD ALI,,,,,38.253316722,-85.777333201,0.381,3/18/2022 12:00:00 AM,2335,2,2,0,3,OTHER,WET,False,ANGLE COLLISION - OTHER,ANGLE,STRAIGHT & LEVEL,DARK-HWY LIGHTED/ON,,,3/21/2022 8:23:27 AM,False,5021,Accepted,
29840458,0568000,LOUISVILLE METRO POLICE DEPT,Accepted,JEFFERSON,,,MUD,LN,,,ANTLE,,,,,38.088317874,-85.670034322,0.436,3/18/2022 12:00:00 AM,1928,3,3,0,0,CLEAR,DRY,False,OTHER INTERSECTION COLLISIONS,REAR END,STRAIGHT & LEVEL,DAYLIGHT,,,3/21/2022 8:23:30 AM,False,5040,Accepted,
29869109,0568000,LOUISVILLE METRO POLICE DEPT,Accepted,JEFFERSON,,3315,MID DALE,LN,,,,,,,,38.212710003,-85.630237831,0.555,3/18/2022 12:00:00 AM,0413,3,3,0,0,CLEAR,DRY,True,1 VEHICLE PARKED POSITION (NOT PARKING LOT/DRIVEWAY),SIDESWIPE-OPPOSITE DIRECTION,STRAIGHT & LEVEL,DARK (UNKNOWN ROADWAY LIGHTING),,,3/28/2022 8:44:15 AM,False,5300,Accepted,
29840441,0568000,LOUISVILLE METRO POLICE DEPT,Accepted,JEFFERSON,,,23RD,ST,S,,PIRTLE,,,,,38.259417614,-85.788076167,0.047,3/18/2022 12:00:00 AM,1520,2,2,0,0,CLOUDY,DRY,True,COLLISION WITH PARKED VEHICLE,ANGLE,STRAIGHT & LEVEL,DAYLIGHT,,,3/21/2022 8:22:28 AM,False,7325,Accepted,
29840468,0568000,LOUISVILLE METRO POLICE DEPT,Accepted,JEFFERSON,,9223,OMAR KHAYYAM,BLVD,,,,,,,,38.119235532,-85.870031453,0.162,3/18/2022 12:00:00 AM,0800,2,2,0,0,CLEAR,DRY,True,HEAD-ON COLLISION,HEAD ON,STRAIGHT & LEVEL,DAYLIGHT,,,3/21/2022 8:24:08 AM,False,7524,Accepted,
29840486,0568000,LOUISVILLE METRO POLICE DEPT,Accepted,JEFFERSON,US0150,,BROADWAY,,W,,,,,,,38.246197364,-85.760042153,2.292,3/18/2022 12:00:00 AM,2227,2,1,0,1,RAINING,WET,False,COLLISION WITH PEDESTRIAN NON - INTERSECTION,SINGLE VEHICLE,STRAIGHT & LEVEL,DARK-HWY LIGHTED/ON,,,3/21/2022 8:25:03 AM,False,5122,Accepted,
29840480,0568000,LOUISVILLE METRO POLICE DEPT,Accepted,JEFFERSON,I 0265,,I265 W,,,,,I 0265,I265 W EXIT19 OFF RAMP TO KY1819,I 0265,I265 W EXIT23 ON RAMP FROM KY155,38.153318184,-85.535455477,20.132,3/18/2022 12:00:00 AM,2223,2,2,0,0,RAINING,WET,False,SIDESWIPE COLLISION - SAME DIRECTION,SIDESWIPE-SAME DIRECTION,STRAIGHT & GRADE,DARK-HWY NOT LIGHTED,,,3/21/2022 8:24:48 AM,False,5341,Accepted,
29840434,0568000,LOUISVILLE METRO POLICE DEPT,Accepted,JEFFERSON,KY1020,,NATIONAL,TPKE,,,,,,,,38.122154532,-85.748357422,3.356,3/18/2022 12:00:00 AM,0905,2,2,0,0,CLEAR,DRY,False,REAR END IN TRAFFIC LANES BOTH VEHICLES MOVING,REAR END,STRAIGHT & LEVEL,DAYLIGHT,,,3/21/2022 8:21:55 AM,False,7202,Accepted,
29831073,0568000,LOUISVILLE METRO POLICE DEPT,Accepted,JEFFERSON,,,CHESTNUT,ST,W,,29TH,,,,,38.253511274,-85.799236907,0.090,3/18/2022 12:00:00 AM,0638,3,3,0,0,CLEAR,DRY,False,COLLISION WITH PARKED VEHICLE,HEAD ON,STRAIGHT & LEVEL,DARK (UNKNOWN ROADWAY LIGHTING),,,3/18/2022 8:24:39 AM,False,5388,Accepted,
29840439,0568000,LOUISVILLE METRO POLICE DEPT,Accepted,JEFFERSON,KY1065,,OUTER,LOOP,,,,,,,,38.127336719,-85.792700951,0.113,3/18/2022 12:00:00 AM,1040,2,2,0,0,CLOUDY,DRY,False,1 VEHICLE ENTERING/LEAVING ENTRANCE,ANGLE,STRAIGHT & LEVEL,DAYLIGHT,,,3/21/2022 8:22:20 AM,False,7234,Accepted,
29840436,0568000,LOUISVILLE METRO POLICE DEPT,Accepted,JEFFERSON,I 0265,,I265 E,,,I 0265,I265 E EXIT15 ON RAMP FROM KY864,,,,,38.127046543,-85.607545497,15.610,3/18/2022 12:00:00 AM,1543,2,2,0,0,CLOUDY,DRY,False,OTHER INTERSECTION COLLISIONS,REAR END,STRAIGHT & LEVEL,DAYLIGHT,,,3/21/2022 8:22:06 AM,False,2017,Accepted,
29840444,0568000,LOUISVILLE METRO POLICE DEPT,Accepted,JEFFERSON,US0060A,1700 BLK,BERRY,BLVD,,,,,,,,38.196436073,-85.787022486,1.244,3/18/2022 12:00:00 AM,1206,2,2,0,0,CLEAR,DRY,False,SIDESWIPE COLLISION - SAME DIRECTION,SIDESWIPE-SAME DIRECTION,STRAIGHT & LEVEL,DAYLIGHT,,,3/21/2022 8:22:40 AM,False,7046,Accepted,
29840445,0568000,LOUISVILLE METRO POLICE DEPT,Accepted,JEFFERSON,KY1934,,CANE RUN,RD,,,TEAKWOOD,,,,,38.187530763,-85.851491830,8.055,3/18/2022 12:00:00 AM,0656,3,3,0,2,CLOUDY,DRY,False,REAR END - ONE VEHICLE TURNING RIGHT,REAR END,STRAIGHT & LEVEL,DAWN,,,3/21/2022 8:22:43 AM,True,5280,Accepted,
29840446,0568000,LOUISVILLE METRO POLICE DEPT,Accepted,JEFFERSON,KY0907,,3RD ST,RD,,,,,,,,38.140485727,-85.781832671,5.796,3/18/2022 12:00:00 AM,1644,2,2,0,0,CLEAR,DRY,False,OTHER ROADWAY OR MID-BLOCK COLLISION,REAR END,STRAIGHT & LEVEL,DAYLIGHT,,,3/21/2022 8:22:47 AM,False,7331,Accepted,
29840453,0568000,LOUISVILLE METRO POLICE DEPT,Accepted,JEFFERSON,KY1747,,FERN VALLEY,RD,,,,,,,,38.156820942,-85.698059954,1.877,3/18/2022 12:00:00 AM,1915,2,2,0,2,CLEAR,DRY,False,SIDESWIPE COLLISION - SAME DIRECTION,SIDESWIPE-SAME DIRECTION,CURVE & LEVEL,DUSK,,,3/21/2022 8:23:13 AM,False,5336,Accepted,
29840455,0568000,LOUISVILLE METRO POLICE DEPT,Accepted,JEFFERSON,KY1865,,TAYLOR,BLVD,,,,,,,,38.176964886,-85.782760338,4.845,3/18/2022 12:00:00 AM,2310,2,2,0,1,RAINING,WET,False,HEAD-ON COLLISION,HEAD ON,STRAIGHT & LEVEL,DARK-HWY LIGHTED/ON,,,3/21/2022 8:23:20 AM,False,7560,Accepted,
29840461,0568000,LOUISVILLE METRO POLICE DEPT,Accepted,JEFFERSON,US0031E,,MARKET,ST,E,KY0061,PRESTON,,,,,38.254043028,-85.746106116,17.374,3/18/2022 12:00:00 AM,1754,2,2,0,0,CLOUDY,DRY,False,ANGLE COLLISION - OTHER,ANGLE,STRAIGHT & LEVEL,DAYLIGHT,,,3/21/2022 8:23:44 AM,False,6360,Accepted,
29840435,0568000,LOUISVILLE METRO POLICE DEPT,Accepted,JEFFERSON,KY2845,,MANSLICK,RD,E,,,KY0864,BEULAH CHURCH,,BRAEBURN RIDGE,38.127256638,-85.618543977,3.540,3/18/2022 12:00:00 AM,0842,2,2,0,0,CLOUDY,DRY,True,SIDESWIPE COLLISION - OPPOSITE DIRECTION,SIDESWIPE-OPPOSITE DIRECTION,STRAIGHT & GRADE,DAYLIGHT,,,3/21/2022 8:21:59 AM,False,2017,Accepted,
29830450,0560400,SHIVELY POLICE DEPARTMENT,Accepted,JEFFERSON,US0031W,,DIXIE,HWY,,KY2051,ROCKFORD,,,,,38.174419233,-85.823380107,13.833,3/18/2022 12:00:00 AM,0002,2,1,0,1,CLEAR,DRY,True,OTHER INTERSECTION COLLISIONS,SINGLE VEHICLE,STRAIGHT & LEVEL,DARK-HWY LIGHTED/ON,,,3/18/2022 5:28:57 AM,False,7129,Accepted,
29831063,0568000,LOUISVILLE METRO POLICE DEPT,Accepted,JEFFERSON,KY2052,,SHEPHERDSVILLE,RD,,,BUECHEL BANK,,,,,38.178423317,-85.659021038,2.748,3/18/2022 12:00:00 AM,0025,2,2,0,0,CLEAR,DRY,False,OTHER INTERSECTION COLLISIONS,REAR END,CURVE & LEVEL,DARK-HWY LIGHTED/ON,,,3/18/2022 8:23:54 AM,False,7948,Accepted,
29831069,0568000,LOUISVILLE METRO POLICE DEPT,Accepted,JEFFERSON,I 0065,,,,,,,,,,,38.191140893,-85.732039913,0.444,3/18/2022 12:00:00 AM,0330,1,1,0,0,CLEAR,DRY,False,OVERTURNED ON RAMP,SINGLE VEHICLE,CURVE & HILLCREST,DARK-HWY LIGHTED/OFF,I 0264,I 0065,3/18/2022 8:24:19 AM,False,5302,Accepted,
29840469,0568000,LOUISVILLE METRO POLICE DEPT,Accepted,JEFFERSON,US0031W,,DIXIE,HWY,,,FLOWERVALE,,,,,38.084877020,-85.880061936,6.904,3/18/2022 12:00:00 AM,1730,3,3,0,0,CLOUDY,DRY,False,OTHER INTERSECTION COLLISIONS,REAR END,STRAIGHT & LEVEL,DAYLIGHT,,,3/21/2022 8:24:12 AM,False,7524,Accepted,
29840498,0568000,LOUISVILLE METRO POLICE DEPT,Accepted,JEFFERSON,KY1447,,WESTPORT,RD,,,JAPONICA,,,,,38.279050633,-85.596063055,3.784,3/18/2022 12:00:00 AM,1615,2,2,0,3,CLOUDY,DRY,False,ANGLE COLLISION - OTHER,ANGLE,STRAIGHT & LEVEL,DAYLIGHT,,,3/21/2022 8:25:38 AM,False,6406,Accepted,