IncidentID,AgencyORI,AgencyName,IncidentStatusDesc,County,RdwyNumber,Street,RoadwayName,StreetSfx,StreetDir,IntersectionRdwy,IntersectionRdwyName,BetweenStRdwy1,BetweenStRdwyName1,BetweenStRdwy2,BetweenStRdwyName2,Latitude,Longitude,Milepoint,CollisionDate,CollisionTime,UnitsInvolved,MotorVehiclesInvolved,NumberKilled,NumberInjured,Weather,RdwyConditionCode,HitandRun,DirAnalysisCode,MannerofCollision,RdwyCharacter,LightCondition,RampFromRdwyId,RampToRdwyId,AcceptedDate,IsSecondaryCollision,OwnerBadge,IncidentStatus,
29846021,0568000,LOUISVILLE METRO POLICE DEPT,Accepted,JEFFERSON,,,MAYLAWN,AVE,,,EMIL,,,,,38.208714283,-85.749670509,0.075,3/18/2022 12:00:00 AM,0129,5,5,0,0,CLEAR,DRY,False,COLLISION WITH PARKED VEHICLE,SIDESWIPE-OPPOSITE DIRECTION,STRAIGHT & LEVEL,DARK (UNKNOWN ROADWAY LIGHTING),,,3/22/2022 8:21:16 AM,False,5399,Accepted,
29855019,0568000,LOUISVILLE METRO POLICE DEPT,Accepted,JEFFERSON,US0031E,727,MARKET,ST,E,,,,,,,38.253293568,-85.738784739,16.978,3/18/2022 12:00:00 AM,1400,2,2,0,0,CLEAR,DRY,True,1 VEHICLE PARKED POSITION (NOT PARKING LOT/DRIVEWAY),BACKING,STRAIGHT & LEVEL,DAYLIGHT,,,3/24/2022 8:35:17 AM,False,7132,Accepted,
29855034,0568000,LOUISVILLE METRO POLICE DEPT,Accepted,JEFFERSON,,,BROOK,ST,S,,CARDINAL,,,,,38.220050449,-85.756664823,1.064,3/18/2022 12:00:00 AM,0840,2,1,0,1,CLOUDY,DRY,True,COLLISION WITH PEDESTRIAN IN INTERSECTION,SINGLE VEHICLE,STRAIGHT & HILLCREST,DAYLIGHT,,,3/24/2022 8:36:03 AM,False,2745,Accepted,
30185494,0568000,LOUISVILLE METRO POLICE DEPT,Accepted,JEFFERSON,US0031E,,BARDSTOWN,RD,,,DEL MARIA,,,,,38.170171080,-85.607004619,7.377,3/18/2022 12:00:00 AM,1437,3,3,0,0,CLOUDY,DRY,False,ANGLE COLLISION - OTHER,ANGLE,STRAIGHT & GRADE,DAYLIGHT,,,6/15/2022 8:19:48 AM,False,7356,Accepted,
29831070,0568000,LOUISVILLE METRO POLICE DEPT,Accepted,JEFFERSON,,,SOUTHERN,PKWY,,,TENNY,,,,,38.177478753,-85.771763914,0.365,3/17/2022 12:00:00 AM,2239,1,1,0,2,CLOUDY,DRY,False,COLLISION WITH FIXED OBJECT IN INTERSECTION - FIRST EVENT COLLISION 09 - 32,SINGLE VEHICLE,STRAIGHT & LEVEL,DARK-HWY LIGHTED/ON,,,3/18/2022 8:24:23 AM,False,5378,Accepted,
29831071,0568000,LOUISVILLE METRO POLICE DEPT,Accepted,JEFFERSON,,4112,SANFORD,AVE,,,,,,,,38.181990465,-85.645082581,0.118,3/17/2022 12:00:00 AM,2138,2,2,0,0,CLEAR,DRY,True,1 VEHICLE PARKED POSITION (NOT PARKING LOT/DRIVEWAY),REAR END,STRAIGHT & LEVEL,DARK (UNKNOWN ROADWAY LIGHTING),,,3/18/2022 8:24:26 AM,False,5375,Accepted,
29831047,0568000,LOUISVILLE METRO POLICE DEPT,Accepted,JEFFERSON,I 0265,,I265 E,,,,,I 0265,I265 E EXIT23 ON RAMP FROM KY155,I 0064,I265 N EXIT25A RAMP TO I64 E,38.208227870,-85.506913466,24.475,3/17/2022 12:00:00 AM,1357,1,1,0,0,CLEAR,DRY,False,COLLISION WITH FIXED OBJECT NON - INTERSECTION - FIRST EVENT COLLISION 09 - 32 EXCLUDING 16,SINGLE VEHICLE,STRAIGHT & GRADE,DAYLIGHT,,,3/18/2022 8:22:41 AM,False,2017,Accepted,
29831072,0568000,LOUISVILLE METRO POLICE DEPT,Accepted,JEFFERSON,,,7TH,ST,S,,INDUSTRY,,,,,38.221140209,-85.775728330,0.115,3/17/2022 12:00:00 AM,1627,2,2,0,0,CLEAR,DRY,False,OTHER INTERSECTION COLLISIONS,REAR END,STRAIGHT & LEVEL,DARK-HWY LIGHTED/ON,,,3/18/2022 8:24:34 AM,False,5131,Accepted,
29831061,0568000,LOUISVILLE METRO POLICE DEPT,Accepted,JEFFERSON,I 0065,I65S,I65 S,,,,,I 0064,I64 S EXIT137 OFF RAMP,,,38.263892985,-85.743407243,136.837,3/17/2022 12:00:00 AM,1602,4,4,0,1,CLEAR,DRY,False,REAR END IN TRAFFIC LANES BOTH VEHICLES MOVING,REAR END,STRAIGHT & HILLCREST,DAYLIGHT,,,3/18/2022 8:23:45 AM,False,7058,Accepted,
29831062,0568000,LOUISVILLE METRO POLICE DEPT,Accepted,JEFFERSON,KY1931,4529,GREENWOOD,RD,,,,,,,,38.143551940,-85.840834118,3.076,3/17/2022 12:00:00 AM,1851,2,2,0,2,CLEAR,DRY,False,1 VEHICLE ENTERING/LEAVING ENTRANCE,ANGLE,STRAIGHT & LEVEL,DAYLIGHT,,,3/18/2022 8:23:49 AM,False,5395,Accepted,
29826490,0568000,LOUISVILLE METRO POLICE DEPT,Accepted,JEFFERSON,,10701,FISCHER PARK,DR,,,,,,,,38.297149173,-85.554381411,0.033,3/17/2022 12:00:00 AM,0002,2,2,0,0,CLEAR,DRY,False,1 VEHICLE ENTERING/LEAVING ENTRANCE,ANGLE,CURVE & LEVEL,DARK (UNKNOWN ROADWAY LIGHTING),,,3/17/2022 8:18:13 AM,False,5228,Accepted,
29831050,0568000,LOUISVILLE METRO POLICE DEPT,Accepted,JEFFERSON,I 0065,,I65 S,,,,,I 0065,I65 S EXIT136 ON RAMP FROM  E JACOB ST,I 0065,I65 S EXIT135 OFF RAMP TO  E SAINT CATHERINE ST,38.239629517,-85.753261441,134.832,3/17/2022 12:00:00 AM,0958,2,2,0,0,CLEAR,DRY,False,REAR END IN TRAFFIC LANES BOTH VEHICLES MOVING,REAR END,STRAIGHT & LEVEL,DAYLIGHT,,,3/18/2022 8:22:59 AM,False,7619,Accepted,
29831056,0568000,LOUISVILLE METRO POLICE DEPT,Accepted,JEFFERSON,,,34TH,ST,S,,VIRGINIA,,,,,38.238984325,-85.810266724,1.634,3/17/2022 12:00:00 AM,0827,2,2,0,0,CLEAR,DRY,False,ANGLE COLLISION - OTHER,ANGLE,STRAIGHT & LEVEL,DAYLIGHT,,,3/18/2022 8:23:24 AM,False,7437,Accepted,
29831058,0568000,LOUISVILLE METRO POLICE DEPT,Accepted,JEFFERSON,KY1931,,ST ANDREWS CHURCH,RD,,,ST ANDREWS CHURCH,,,,,38.143443742,-85.837803463,3.250,3/17/2022 12:00:00 AM,1340,2,2,0,0,CLEAR,DRY,False,VEHICLE BACKING IN INTERSECTION,BACKING,STRAIGHT & LEVEL,DAYLIGHT,,,3/18/2022 8:23:31 AM,False,5392,Accepted,
29831059,0568000,LOUISVILLE METRO POLICE DEPT,Accepted,JEFFERSON,,,BLEVINS GAP,RD,,US0031W,DIXIE,,,,,38.071709984,-85.884708274,0.001,3/17/2022 12:00:00 AM,1125,2,2,0,0,CLEAR,DRY,False,REAR END - ONE VEHICLE TURNING RIGHT,REAR END,STRAIGHT & LEVEL,DAYLIGHT,,,3/18/2022 8:23:36 AM,False,7336,Accepted,
29831044,0568000,LOUISVILLE METRO POLICE DEPT,Accepted,JEFFERSON,KY0841,,GENE SNYDER,FWY,,KY0841,KY841 RAMP FROM KY1020,,,,,38.117739633,-85.742874275,7.894,3/17/2022 12:00:00 AM,1222,2,2,0,0,CLEAR,DRY,False,SIDESWIPE-SAME DIRECTION,SIDESWIPE-SAME DIRECTION,STRAIGHT & LEVEL,DAYLIGHT,,,3/18/2022 8:22:27 AM,False,7989,Accepted,
29831045,0568000,LOUISVILLE METRO POLICE DEPT,Accepted,JEFFERSON,,7315,WESBORO,RD,,,,,,,,38.283247001,-85.618565811,0.409,3/17/2022 12:00:00 AM,1217,2,2,0,0,CLOUDY,DRY,False,1 VEHICLE PARKED POSITION (NOT PARKING LOT/DRIVEWAY),SIDESWIPE-SAME DIRECTION,CURVE & LEVEL,DAYLIGHT,,,3/18/2022 8:22:32 AM,False,7876,Accepted,
29831046,0568000,LOUISVILLE METRO POLICE DEPT,Accepted,JEFFERSON,I 0264,,I264 W,,,,,,,,,38.194753476,-85.709175936,13.273,3/17/2022 12:00:00 AM,1212,2,2,0,1,CLEAR,DRY,False,1 VEHICLE ENTERING/LEAVING ENTRANCE,ANGLE,STRAIGHT & LEVEL,DAYLIGHT,,,3/18/2022 8:22:36 AM,False,4693,Accepted,
29831052,0568000,LOUISVILLE METRO POLICE DEPT,Accepted,JEFFERSON,,2919,MARKET,ST,W,,,,,,,38.260227992,-85.800375412,0.728,3/17/2022 12:00:00 AM,0732,2,2,0,0,CLEAR,DRY,False,REAR END IN TRAFFIC LANES BOTH VEHICLES MOVING,REAR END,STRAIGHT & LEVEL,DAWN,,,3/18/2022 8:23:06 AM,False,5421,Accepted,
29831053,0568000,LOUISVILLE METRO POLICE DEPT,Accepted,JEFFERSON,KY0864,,POPLAR LEVEL,RD,,,TILE FACTORY,,,,,38.184796760,-85.699825551,10.457,3/17/2022 12:00:00 AM,1540,2,2,0,1,CLEAR,DRY,False,ANGLE COLLISION - OTHER,ANGLE,STRAIGHT & LEVEL,DAYLIGHT,,,3/18/2022 8:23:11 AM,False,7371,Accepted,
29831054,0568000,LOUISVILLE METRO POLICE DEPT,Accepted,JEFFERSON,KY1931,,ST ANDREWS CHURCH,RD,,,OLD ST ANDREWS CHURCH,,,,,38.143402974,-85.837779542,3.248,3/17/2022 12:00:00 AM,1506,2,2,0,0,CLEAR,DRY,False,ANGLE COLLISION - OTHER,ANGLE,STRAIGHT & LEVEL,DAYLIGHT,,,3/18/2022 8:23:15 AM,False,7234,Accepted,
29831055,0568000,LOUISVILLE METRO POLICE DEPT,Accepted,JEFFERSON,KY1931,,MANSLICK,RD,,,,,,,,38.160239160,-85.798028520,5.891,3/17/2022 12:00:00 AM,1629,2,2,0,0,CLEAR,DRY,False,REAR END IN TRAFFIC LANES BOTH VEHICLES MOVING,REAR END,STRAIGHT & LEVEL,DAYLIGHT,,,3/18/2022 8:23:18 AM,False,7234,Accepted,
29831060,0568000,LOUISVILLE METRO POLICE DEPT,Accepted,JEFFERSON,,,DIXIE,HWY,,,OSAGE,,,,,38.238999444,-85.786103209,0.699,3/17/2022 12:00:00 AM,1636,2,2,0,1,CLEAR,DRY,False,ANGLE COLLISION - OTHER,ANGLE,STRAIGHT & LEVEL,DAYLIGHT,,,3/18/2022 8:23:40 AM,False,5039,Accepted,
29831067,0568000,LOUISVILLE METRO POLICE DEPT,Accepted,JEFFERSON,I 0064,,I64 W,,,,,,,,,38.251098211,-85.715437948,7.002,3/17/2022 12:00:00 AM,2005,1,1,0,0,CLEAR,DRY,False,OTHER ROADWAY OR MID-BLOCK COLLISION,SINGLE VEHICLE,STRAIGHT & LEVEL,DUSK,,,3/18/2022 8:24:12 AM,False,5029,Accepted,
29831043,0568000,LOUISVILLE METRO POLICE DEPT,Accepted,JEFFERSON,KY2049,,CRUMS,LN,,,SUNFLOWER,,,,,38.196908662,-85.833197235,0.160,3/17/2022 12:00:00 AM,0909,2,2,0,2,CLEAR,DRY,False,ANGLE COLLISION - OTHER,ANGLE,STRAIGHT & LEVEL,DAYLIGHT,,,3/18/2022 8:22:23 AM,False,7058,Accepted,
29831051,0568000,LOUISVILLE METRO POLICE DEPT,Accepted,JEFFERSON,US0150,,BROADWAY,,W,,18TH,,,,,38.248946422,-85.781530593,1.097,3/17/2022 12:00:00 AM,0825,3,3,0,0,CLEAR,DRY,True,ANGLE COLLISION - OTHER,ANGLE,STRAIGHT & LEVEL,DAYLIGHT,,,3/18/2022 8:23:03 AM,False,7805,Accepted,
29831068,0568000,LOUISVILLE METRO POLICE DEPT,Accepted,JEFFERSON,,1840,PAYNE,ST,,,,,,,,38.252427368,-85.713285389,1.089,3/17/2022 12:00:00 AM,2252,2,2,0,1,CLEAR,DRY,False,1 VEHICLE PARKED POSITION (NOT PARKING LOT/DRIVEWAY),REAR END,STRAIGHT & LEVEL,DARK-HWY LIGHTED/ON,,,3/18/2022 8:24:15 AM,False,5029,Accepted,
29840437,0568000,LOUISVILLE METRO POLICE DEPT,Accepted,JEFFERSON,US0031E,,BARDSTOWN,RD,,,,,BARDSTOWN FALLS,US0031E,BARDSTOWN,38.110282396,-85.567831560,2.537,3/17/2022 12:00:00 AM,1710,2,2,0,0,CLEAR,DRY,False,REAR END IN TRAFFIC LANES BOTH VEHICLES MOVING,REAR END,STRAIGHT & LEVEL,DAYLIGHT,,,3/21/2022 8:22:11 AM,False,6878,Accepted,
29826492,0568000,LOUISVILLE METRO POLICE DEPT,Accepted,JEFFERSON,KY0864,4815,POPLAR LEVEL,RD,,,,,,,,38.172942772,-85.685812451,9.273,3/17/2022 12:00:00 AM,0404,3,3,0,0,CLEAR,DRY,False,SIDESWIPE COLLISION - SAME DIRECTION,SIDESWIPE-SAME DIRECTION,STRAIGHT & LEVEL,DARK-HWY LIGHTED/OFF,,,3/17/2022 8:18:23 AM,False,5415,Accepted,
29831042,0568000,LOUISVILLE METRO POLICE DEPT,Accepted,JEFFERSON,,,26TH,ST,S,,,,,,,38.253012517,-85.794512814,0.535,3/17/2022 12:00:00 AM,1117,2,2,0,0,CLEAR,DRY,False,1 VEHICLE ENTERING/LEAVING ENTRANCE,ANGLE,STRAIGHT & LEVEL,DAYLIGHT,,,3/18/2022 8:22:17 AM,False,7305,Accepted,
29831065,0568000,LOUISVILLE METRO POLICE DEPT,Accepted,JEFFERSON,KY1934,3606,CANE RUN,RD,,,,,,,,38.221078140,-85.812604732,11.215,3/17/2022 12:00:00 AM,1948,1,1,0,0,CLEAR,DRY,False,COLLISION IN PARKING LOT,SINGLE VEHICLE,STRAIGHT & LEVEL,DARK-HWY LIGHTED/ON,,,3/18/2022 8:24:05 AM,False,5303,Accepted,
29831066,0568000,LOUISVILLE METRO POLICE DEPT,Accepted,JEFFERSON,,,OLIVE,ST,,,,,,,,38.228513240,-85.800169948,0.563,3/17/2022 12:00:00 AM,2121,1,1,0,3,CLEAR,DRY,False,COLLISION WITH FIXED OBJECT NON - INTERSECTION - FIRST EVENT COLLISION 09 - 32 EXCLUDING 16,SINGLE VEHICLE,STRAIGHT & LEVEL,DARK-HWY LIGHTED/ON,,,3/18/2022 8:24:08 AM,False,5303,Accepted,
29840433,0568000,LOUISVILLE METRO POLICE DEPT,Accepted,JEFFERSON,KY1934,,CANE RUN,RD,,,CRUMS,,,,,38.195376560,-85.842456945,8.786,3/17/2022 12:00:00 AM,0858,3,3,0,3,CLEAR,DRY,False,ANGLE COLLISION - OTHER,ANGLE,STRAIGHT & LEVEL,DAYLIGHT,,,3/21/2022 8:21:50 AM,False,7772,Accepted,
29831033,0568000,LOUISVILLE METRO POLICE DEPT,Accepted,JEFFERSON,KY0155,,TAYLORSVILLE,RD,,,,,,,,38.220928811,-85.644931154,14.368,3/17/2022 12:00:00 AM,0800,2,2,0,0,CLEAR,DRY,False,1 VEHICLE ENTERING/LEAVING ENTRANCE,ANGLE,STRAIGHT & LEVEL,DAYLIGHT,,,3/18/2022 8:21:51 AM,False,4903,Accepted,
29831034,0568000,LOUISVILLE METRO POLICE DEPT,Accepted,JEFFERSON,,8201,GLIMMER,WAY,,,,,,,,38.132354630,-85.778955945,0.184,3/17/2022 12:00:00 AM,0716,1,1,0,0,CLEAR,DRY,False,COLLISION WITH FIXED OBJECT NON - INTERSECTION - FIRST EVENT COLLISION 09 - 32 EXCLUDING 16,SINGLE VEHICLE,CURVE & HILLCREST,DAWN,,,3/18/2022 8:21:56 AM,False,2936,Accepted,
29869073,0568000,LOUISVILLE METRO POLICE DEPT,Accepted,JEFFERSON,KY1747,,HURSTBOURNE,PKWY,S,,FEGENBUSH,,,,,38.161552273,-85.640509896,5.156,3/17/2022 12:00:00 AM,0710,2,2,0,0,CLEAR,DRY,True,OTHER INTERSECTION COLLISIONS,REAR END,STRAIGHT & HILLCREST,DARK-HWY NOT LIGHTED,,,3/28/2022 8:42:07 AM,False,5169,Accepted,
29840440,0568000,LOUISVILLE METRO POLICE DEPT,Accepted,JEFFERSON,,,16TH,ST,S,KY2054,ALGONQUIN,,,,,38.222214751,-85.782786573,1.915,3/17/2022 12:00:00 AM,2018,2,2,0,0,CLEAR,DRY,True,ANGLE COLLISION - OTHER,ANGLE,,DARK (UNKNOWN ROADWAY LIGHTING),,,3/21/2022 8:22:24 AM,False,2308,Accepted,
29845998,0568000,LOUISVILLE METRO POLICE DEPT,Accepted,JEFFERSON,I 0065,,I65 N,,,I 0065,I65 S EXIT131A RAMP TO I264 E,,,,,38.181321010,-85.721022878,129.970,3/17/2022 12:00:00 AM,1410,2,2,0,0,CLEAR,DRY,False,SIDESWIPE-SAME DIRECTION,SIDESWIPE-SAME DIRECTION,STRAIGHT & LEVEL,DAYLIGHT,,,3/22/2022 8:19:51 AM,False,5269,Accepted,
29850418,0568000,LOUISVILLE METRO POLICE DEPT,Accepted,JEFFERSON,I 0265,,I265 E,,,,,,,,,38.164377000,-85.521640094,21.234,3/17/2022 12:00:00 AM,1825,2,2,0,1,CLOUDY,DRY,False,REAR END IN TRAFFIC LANES BOTH VEHICLES MOVING,REAR END,STRAIGHT & LEVEL,DAYLIGHT,,,3/23/2022 7:47:29 AM,False,2583,Accepted,
29850426,0568000,LOUISVILLE METRO POLICE DEPT,Accepted,JEFFERSON,US0031W,,DIXIE,HWY,,,ASHBY,,,,,38.102968327,-85.869658721,8.274,3/17/2022 12:00:00 AM,1737,2,2,0,0,CLEAR,DRY,False,SIDESWIPE-SAME DIRECTION,SIDESWIPE-SAME DIRECTION,STRAIGHT & LEVEL,DAYLIGHT,,,3/23/2022 7:47:57 AM,False,2457,Accepted,
29867457,0568000,LOUISVILLE METRO POLICE DEPT,Accepted,JEFFERSON,,,DIXIE,HWY,,,LEE,,,,,38.226739431,-85.791076609,1.610,3/17/2022 12:00:00 AM,2020,2,1,1,10,CLEAR,DRY,False,ANGLE COLLISION - OTHER,ANGLE,STRAIGHT & LEVEL,DARK-HWY NOT LIGHTED,,,3/27/2022 9:10:42 PM,False,2308,Accepted,
29869122,0568000,LOUISVILLE METRO POLICE DEPT,Accepted,JEFFERSON,,,BRECKINRIDGE,ST,W,KY1020,2ND,,,,,38.241486665,-85.755842202,0.087,3/17/2022 12:00:00 AM,0723,2,2,0,1,CLEAR,DRY,False,ANGLE COLLISION - OTHER,ANGLE,STRAIGHT & LEVEL,DAWN,,,3/28/2022 8:45:07 AM,False,7495,Accepted,
29909608,0568000,LOUISVILLE METRO POLICE DEPT,Accepted,JEFFERSON,KY1865,,NEW CUT,RD,,KY1065,OUTER,,,,,38.126389248,-85.776120430,1.264,3/17/2022 12:00:00 AM,1738,2,2,0,0,CLEAR,DRY,True,SIDESWIPE-SAME DIRECTION,SIDESWIPE-SAME DIRECTION,STRAIGHT & LEVEL,DAYLIGHT,,,4/7/2022 8:20:29 AM,False,7306,Accepted,
29924501,0568000,LOUISVILLE METRO POLICE DEPT,Accepted,JEFFERSON,US0031E,,BARDSTOWN,RD,,KY1747,HURSTBOURNE,,,,,38.168940987,-85.604978620,7.241,3/16/2022 12:00:00 AM,0502,2,1,0,0,CLEAR,DRY,True,OTHER INTERSECTION COLLISIONS,REAR END,STRAIGHT & LEVEL,DARK-HWY NOT LIGHTED,,,4/11/2022 12:29:27 PM,False,6028,Accepted,
29867439,0568000,LOUISVILLE METRO POLICE DEPT,Accepted,JEFFERSON,,,DUMESNIL,ST,,US0031W,22ND,,,,,38.236576884,-85.790404892,1.644,3/16/2022 12:00:00 AM,1633,2,1,0,0,CLEAR,DRY,False,SIDESWIPE-SAME DIRECTION,SIDESWIPE-SAME DIRECTION,STRAIGHT & LEVEL,DAYLIGHT,,,3/27/2022 9:05:07 PM,False,5039,Accepted,
29845989,0568000,LOUISVILLE METRO POLICE DEPT,Accepted,JEFFERSON,KY0155,,TAYLORSVILLE,RD,,,,,GRENDEN FIELDS,,STONE LAKES,38.187585341,-85.517608764,6.534,3/16/2022 12:00:00 AM,1736,2,2,0,2,CLEAR,DRY,False,REAR END IN TRAFFIC LANES BOTH VEHICLES MOVING,REAR END,STRAIGHT & LEVEL,DAYLIGHT,,,3/22/2022 8:19:22 AM,False,2321,Accepted,
29831041,0568000,LOUISVILLE METRO POLICE DEPT,Accepted,JEFFERSON,,,SOUTHLAND,BLVD,W,,,,,,,38.169813622,-85.781228505,1.033,3/16/2022 12:00:00 AM,0625,2,2,0,0,CLEAR,DRY,False,REAR END IN TRAFFIC LANES BOTH VEHICLES MOVING,REAR END,STRAIGHT & LEVEL,DAWN,,,3/18/2022 8:22:11 AM,False,7560,Accepted,
29826462,0568000,LOUISVILLE METRO POLICE DEPT,Accepted,JEFFERSON,I 0265,,,,,,,,,,,38.125906403,-85.614446699,0.275,3/16/2022 12:00:00 AM,0715,2,2,0,0,CLEAR,DRY,False,OTHER RAMP RELATED COLLISIONS NOT LISTED ABOVE,REAR END,CURVE & LEVEL,DARK-HWY NOT LIGHTED,I 0265,KY0864,3/17/2022 8:15:00 AM,False,2017,Accepted,
29826487,0568000,LOUISVILLE METRO POLICE DEPT,Accepted,JEFFERSON,,,DRESDEN,AVE,,US0060A,TAYLOR,,,,,38.196958820,-85.782834417,0.004,3/16/2022 12:00:00 AM,1631,2,2,0,0,CLEAR,DRY,False,ANGLE COLLISION - ONE VEHICLE TURNING RIGHT,ANGLE,STRAIGHT & LEVEL,DAYLIGHT,,,3/17/2022 8:17:51 AM,False,7360,Accepted,
29826477,0568000,LOUISVILLE METRO POLICE DEPT,Accepted,JEFFERSON,I 0064,,I64 W,,,,,,,,,38.249573819,-85.708288704,7.407,3/16/2022 12:00:00 AM,1603,1,1,0,0,CLEAR,DRY,False,OTHER COLLISIONS ON SHOULDER,SINGLE VEHICLE,STRAIGHT & LEVEL,DAYLIGHT,,,3/17/2022 8:16:51 AM,False,7403,Accepted,
29826470,0568000,LOUISVILLE METRO POLICE DEPT,Accepted,JEFFERSON,I 0064,,I64 W,,,,,,,,,38.222213194,-85.485792454,19.998,3/16/2022 12:00:00 AM,1105,2,2,0,1,CLEAR,DRY,False,OTHER ROADWAY OR MID-BLOCK COLLISION,REAR END,STRAIGHT & GRADE,DAYLIGHT,,,3/17/2022 8:16:02 AM,False,2308,Accepted,
29826471,0568000,LOUISVILLE METRO POLICE DEPT,Accepted,JEFFERSON,,,BROOK,ST,S,US0150,BROADWAY,,,,,38.245591238,-85.751714618,2.760,3/16/2022 12:00:00 AM,0851,1,1,0,0,CLEAR,DRY,False,COLLISION WITH FIXED OBJECT IN INTERSECTION - FIRST EVENT COLLISION 09 - 32,SINGLE VEHICLE,STRAIGHT & LEVEL,DAYLIGHT,,,3/17/2022 8:16:11 AM,False,5187,Accepted,
29826472,0568000,LOUISVILLE METRO POLICE DEPT,Accepted,JEFFERSON,US0031W,,22ND,ST,S,,HILL,,,,,38.228958279,-85.792862215,18.155,3/16/2022 12:00:00 AM,1505,3,3,0,3,CLEAR,DRY,False,ANGLE COLLISION - OTHER,ANGLE,STRAIGHT & LEVEL,DAYLIGHT,,,3/17/2022 8:16:18 AM,False,5416,Accepted,
29826479,0568000,LOUISVILLE METRO POLICE DEPT,Accepted,JEFFERSON,,,DUTCHMANS,LN,,,,,,,,38.227913493,-85.647143983,0.229,3/16/2022 12:00:00 AM,1804,2,2,0,1,CLEAR,DRY,False,REAR END IN TRAFFIC LANES BOTH VEHICLES MOVING,REAR END,STRAIGHT & LEVEL,DAYLIGHT,,,3/17/2022 8:17:01 AM,False,6813,Accepted,
29831049,0568000,LOUISVILLE METRO POLICE DEPT,Accepted,JEFFERSON,,12000,ANTLE,DR,,,STANDIFORD PLAZA,,,,,38.087500225,-85.666189594,0.233,3/16/2022 12:00:00 AM,1805,2,2,0,0,CLEAR,DRY,False,ANGLE COLLISION - OTHER,ANGLE,STRAIGHT & LEVEL,DAYLIGHT,,,3/18/2022 8:22:53 AM,False,7799,Accepted,
29826488,0568000,LOUISVILLE METRO POLICE DEPT,Accepted,JEFFERSON,,2228,MADISON,ST,W,,,,,,,38.253440439,-85.788332414,0.864,3/16/2022 12:00:00 AM,2303,3,3,0,0,CLEAR,DRY,False,1 VEHICLE PARKED POSITION (NOT PARKING LOT/DRIVEWAY),SIDESWIPE-SAME DIRECTION,STRAIGHT & LEVEL,DARK-HWY LIGHTED/ON,,,3/17/2022 8:17:59 AM,False,5388,Accepted,
29826476,0568000,LOUISVILLE METRO POLICE DEPT,Accepted,JEFFERSON,,,FLORENCE,AVE,W,KY1020,SOUTHERN,,,,,38.191151419,-85.766708945,0.166,3/16/2022 12:00:00 AM,1748,2,2,0,0,CLEAR,DRY,True,OTHER INTERSECTION COLLISIONS,REAR END,STRAIGHT & GRADE,DAYLIGHT,,,3/17/2022 8:16:46 AM,False,7251,Accepted,
29826482,0568000,LOUISVILLE METRO POLICE DEPT,Accepted,JEFFERSON,,,MUHAMMAD ALI,BLVD,E,,HANCOCK,,,,,38.249525896,-85.742761881,0.502,3/16/2022 12:00:00 AM,1842,2,2,0,3,CLEAR,DRY,False,ANGLE COLLISION - OTHER,ANGLE,STRAIGHT & LEVEL,DAYLIGHT,,,3/17/2022 8:17:16 AM,False,5338,Accepted,
29826483,0568000,LOUISVILLE METRO POLICE DEPT,Accepted,JEFFERSON,,,JOHNSONTOWN,RD,,KY1727,TERRY,,,,,38.121829259,-85.874290322,1.014,3/16/2022 12:00:00 AM,1358,3,3,0,0,CLEAR,DRY,False,OTHER INTERSECTION COLLISIONS,REAR END,STRAIGHT & LEVEL,DAYLIGHT,,,3/17/2022 8:17:20 AM,False,7234,Accepted,
29826466,0568000,LOUISVILLE METRO POLICE DEPT,Accepted,JEFFERSON,,,CHESTNUT,ST,W,,ROY WILKINS,,,,,38.249879887,-85.765768321,1.876,3/16/2022 12:00:00 AM,1409,2,2,0,1,CLEAR,DRY,False,ANGLE COLLISION - OTHER,ANGLE,STRAIGHT & LEVEL,DAYLIGHT,,,3/17/2022 8:15:30 AM,False,5338,Accepted,
29826467,0568000,LOUISVILLE METRO POLICE DEPT,Accepted,JEFFERSON,I 0064,,I64 W,,,,,,,,,38.220528509,-85.448798433,22.000,3/16/2022 12:00:00 AM,0827,2,2,0,0,CLOUDY,DRY,False,SIDESWIPE COLLISION - SAME DIRECTION,SIDESWIPE-SAME DIRECTION,STRAIGHT & GRADE,DAYLIGHT,,,3/17/2022 8:15:39 AM,False,7316,Accepted,
29826468,0568000,LOUISVILLE METRO POLICE DEPT,Accepted,JEFFERSON,KY0841,,GENE SNYDER,FWY,,,,,,,,38.088838958,-85.857425313,1.051,3/16/2022 12:00:00 AM,1539,2,2,0,0,CLEAR,OTHER,False,SIDESWIPE COLLISION - SAME DIRECTION,SIDESWIPE-SAME DIRECTION,STRAIGHT & GRADE,DAYLIGHT,,,3/17/2022 8:15:45 AM,False,8278,Accepted,
29826473,0568000,LOUISVILLE METRO POLICE DEPT,Accepted,JEFFERSON,,,INDIAN,TRL,E,,PETERSBURG,,,,,38.184184108,-85.666211764,2.563,3/16/2022 12:00:00 AM,1611,2,2,0,2,CLEAR,DRY,False,OPPOSING LEFT TURN,OPPOSING LEFT TURN,STRAIGHT & LEVEL,DAYLIGHT,,,3/17/2022 8:16:28 AM,False,5233,Accepted,