IncidentID,AgencyORI,AgencyName,IncidentStatusDesc,County,RdwyNumber,Street,RoadwayName,StreetSfx,StreetDir,IntersectionRdwy,IntersectionRdwyName,BetweenStRdwy1,BetweenStRdwyName1,BetweenStRdwy2,BetweenStRdwyName2,Latitude,Longitude,Milepoint,CollisionDate,CollisionTime,UnitsInvolved,MotorVehiclesInvolved,NumberKilled,NumberInjured,Weather,RdwyConditionCode,HitandRun,DirAnalysisCode,MannerofCollision,RdwyCharacter,LightCondition,RampFromRdwyId,RampToRdwyId,AcceptedDate,IsSecondaryCollision,OwnerBadge,IncidentStatus,
29826474,0568000,LOUISVILLE METRO POLICE DEPT,Accepted,JEFFERSON,,3138,GARLAND,AVE,,,,,,,,38.245517113,-85.805498690,2.148,3/16/2022 12:00:00 AM,1405,4,4,0,1,CLEAR,DRY,False,1 VEHICLE PARKED POSITION (NOT PARKING LOT/DRIVEWAY),REAR END,STRAIGHT & LEVEL,DAYLIGHT,,,3/17/2022 8:16:36 AM,False,5039,Accepted,
29826459,0568000,LOUISVILLE METRO POLICE DEPT,Accepted,JEFFERSON,,,LYTLE,ST,,,24TH,,,,,38.269193627,-85.787599630,0.927,3/16/2022 12:00:00 AM,1837,2,2,0,0,CLEAR,DRY,False,OTHER INTERSECTION COLLISIONS,REAR END,STRAIGHT & LEVEL,DAYLIGHT,,,3/17/2022 8:14:45 AM,False,7769,Accepted,
29826493,0568000,LOUISVILLE METRO POLICE DEPT,Accepted,JEFFERSON,I 0264,,,,,,,,,,,38.236410529,-85.817323047,0.061,3/16/2022 12:00:00 AM,1611,2,2,0,2,CLEAR,DRY,False,OTHER RAMP RELATED COLLISIONS NOT LISTED ABOVE,REAR END,STRAIGHT & HILLCREST,DAYLIGHT,I 0264,DUMESNIL ST,3/17/2022 8:18:30 AM,False,7329,Accepted,
29826491,0568000,LOUISVILLE METRO POLICE DEPT,Accepted,JEFFERSON,I 0065,,,,,,,,,,,38.190989813,-85.728531220,1.160,3/16/2022 12:00:00 AM,2202,1,1,0,0,CLEAR,DRY,False,COLLISION WITH FIXED OBJECT NOT IN GORE ,SINGLE VEHICLE,CURVE & GRADE,DARK-HWY NOT LIGHTED,I 0065,I 0264,3/17/2022 8:18:17 AM,False,5302,Accepted,
29826489,0568000,LOUISVILLE METRO POLICE DEPT,Accepted,JEFFERSON,,,GRADE,LN,,KY1065,OUTER,,,,,38.130156115,-85.737199350,4.070,3/16/2022 12:00:00 AM,2204,2,2,0,0,CLEAR,DRY,False,ANGLE COLLISION - OTHER,ANGLE,STRAIGHT & LEVEL,DARK-HWY NOT LIGHTED,,,3/17/2022 8:18:06 AM,False,5314,Accepted,
29829375,0560300,ST. MATTHEWS POLICE DEPARTMENT,Accepted,JEFFERSON,US0060,,SHELBYVILLE,RD,,I 0264,I264 W EXIT20B OFF RAMP TO US60,,,,,38.250159190,-85.620498459,5.477,3/16/2022 12:00:00 AM,1720,2,2,0,0,CLEAR,DRY,True,OTHER INTERSECTION COLLISIONS,REAR END,STRAIGHT & LEVEL,DAYLIGHT,,,3/17/2022 11:12:43 PM,False,9187,Accepted,
29855046,0568000,LOUISVILLE METRO POLICE DEPT,Accepted,JEFFERSON,KY1747,,HURSTBOURNE,PKWY,S,,STONY BROOK,,,,,38.171161330,-85.604368143,7.634,3/16/2022 12:00:00 AM,1330,2,2,0,1,CLEAR,WET,False,OTHER INTERSECTION COLLISIONS,REAR END,STRAIGHT & LEVEL,DAYLIGHT,,,3/24/2022 8:36:54 AM,False,7040,Accepted,
29840529,0568000,LOUISVILLE METRO POLICE DEPT,Accepted,JEFFERSON,KY1865,,TAYLOR,BLVD,,,,,,,,38.175113416,-85.782548404,4.713,3/15/2022 12:00:00 AM,2138,2,2,0,2,CLEAR,DRY,False,OTHER ROADWAY OR MID-BLOCK COLLISION,OPPOSING LEFT TURN,STRAIGHT & LEVEL,DARK (UNKNOWN ROADWAY LIGHTING),,,3/21/2022 8:27:17 AM,False,7376,Accepted,
29827308,KSP0400,KY STATE POLICE POST 04,Accepted,JEFFERSON,,6804,FEGENBUSH,LN,,,,,,,,38.184801451,-85.638266211,0.169,3/15/2022 12:00:00 AM,1700,2,2,0,0,CLEAR,DRY,False,1 VEHICLE PARKED POSITION (NOT PARKING LOT/DRIVEWAY),BACKING,STRAIGHT & LEVEL,DAYLIGHT,,,3/17/2022 12:11:37 PM,False,782,Accepted,
29826464,0568000,LOUISVILLE METRO POLICE DEPT,Accepted,JEFFERSON,,,ST CATHERINE,ST,E,,,,,,,38.236447817,-85.751055322,1.104,3/15/2022 12:00:00 AM,1120,2,2,0,0,CLEAR,DRY,False,REAR END IN TRAFFIC LANES BOTH VEHICLES MOVING,REAR END,STRAIGHT & LEVEL,DAYLIGHT,,,3/17/2022 8:15:10 AM,False,7826,Accepted,
29840447,0568000,LOUISVILLE METRO POLICE DEPT,Accepted,JEFFERSON,US0060A,,EASTERN,PKWY,,,,,DAHLIA,,BARRET,38.225493145,-85.722973080,5.947,3/15/2022 12:00:00 AM,2039,1,1,0,0,CLEAR,DRY,False,OTHER ROADWAY OR MID-BLOCK COLLISION,SINGLE VEHICLE,CURVE & HILLCREST,DARK-HWY LIGHTED/ON,,,3/21/2022 8:22:51 AM,False,5250,Accepted,
29840463,0568000,LOUISVILLE METRO POLICE DEPT,Accepted,JEFFERSON,KY1020,4634,SOUTHERN,PKWY,,,,,,,,38.183012362,-85.767879538,7.926,3/15/2022 12:00:00 AM,1821,2,2,0,1,CLEAR,DRY,False,HEAD-ON COLLISION,HEAD ON,CURVE & LEVEL,DAYLIGHT,,,3/21/2022 8:23:51 AM,False,5123,Accepted,
29840448,0568000,LOUISVILLE METRO POLICE DEPT,Accepted,JEFFERSON,,,11TH,ST,S,,BRASHEAR,,,,,38.224272566,-85.774529119,1.967,3/15/2022 12:00:00 AM,1634,3,3,0,0,CLEAR,DRY,True,ANGLE COLLISION - OTHER,ANGLE,STRAIGHT & LEVEL,DAYLIGHT,,,3/21/2022 8:22:55 AM,False,5412,Accepted,
29840432,0568000,LOUISVILLE METRO POLICE DEPT,Accepted,JEFFERSON,KY0061,,PRESTON,HWY,,KY1065,OUTER,,,,,38.138455464,-85.686704305,3.942,3/15/2022 12:00:00 AM,1639,3,3,0,2,CLEAR,DRY,False,ANGLE COLLISION - OTHER,ANGLE,STRAIGHT & LEVEL,DAYLIGHT,,,3/21/2022 8:21:46 AM,False,2142,Accepted,
29821631,0568000,LOUISVILLE METRO POLICE DEPT,Accepted,JEFFERSON,I 0064,,I64 W,,,,,,,,,38.232501657,-85.607040309,13.276,3/15/2022 12:00:00 AM,1023,2,2,0,0,CLEAR,DRY,False,REAR END IN TRAFFIC LANES BOTH VEHICLES MOVING,REAR END,STRAIGHT & LEVEL,DAYLIGHT,,,3/16/2022 8:16:19 AM,False,4903,Accepted,
29821632,0568000,LOUISVILLE METRO POLICE DEPT,Accepted,JEFFERSON,I 0064,,I64 W,,,,,,,,,38.233174067,-85.608813482,13.169,3/15/2022 12:00:00 AM,1023,3,3,0,1,CLEAR,DRY,False,REAR END IN TRAFFIC LANES BOTH VEHICLES MOVING,REAR END,STRAIGHT & LEVEL,DAYLIGHT,,,3/16/2022 8:16:24 AM,False,4903,Accepted,
29821642,0568000,LOUISVILLE METRO POLICE DEPT,Accepted,JEFFERSON,KY0864,,BEULAH CHURCH,RD,,,,,COOPER CHAPEL,,TROTTER,38.109785914,-85.616088349,2.339,3/15/2022 12:00:00 AM,1447,2,2,0,0,CLEAR,DRY,True,SIDESWIPE COLLISION - OPPOSITE DIRECTION,SIDESWIPE-OPPOSITE DIRECTION,STRAIGHT & LEVEL,DAYLIGHT,,,3/16/2022 8:17:14 AM,False,2324,Accepted,
29821656,0568000,LOUISVILLE METRO POLICE DEPT,Accepted,JEFFERSON,US0150,,BROADWAY,,W,,,,,,,38.247896968,-85.773348965,1.567,3/15/2022 12:00:00 AM,0230,2,2,0,0,CLEAR,FLOODED,True,SIDESWIPE COLLISION - SAME DIRECTION,SIDESWIPE-SAME DIRECTION,STRAIGHT & LEVEL,DARK-HWY NOT LIGHTED,,,3/16/2022 8:18:22 AM,False,5122,Accepted,
29821657,0568000,LOUISVILLE METRO POLICE DEPT,Accepted,JEFFERSON,KY2053,5312,MT WASHINGTON,RD,,,,,,,,38.092446944,-85.664117168,0.378,3/15/2022 12:00:00 AM,2250,1,1,0,0,CLEAR,DRY,False,COLLISION WITH FIXED OBJECT NON - INTERSECTION - FIRST EVENT COLLISION 09 - 32 EXCLUDING 16,SINGLE VEHICLE,STRAIGHT & LEVEL,DARK-HWY LIGHTED/ON,,,3/16/2022 8:18:28 AM,False,5040,Accepted,
29821658,0568000,LOUISVILLE METRO POLICE DEPT,Accepted,JEFFERSON,,2930,WILSON,AVE,,,,,,,,38.234748327,-85.788862219,0.756,3/15/2022 12:00:00 AM,2042,2,2,0,0,CLEAR,DRY,True,OTHER ROADWAY OR MID-BLOCK COLLISION,OPPOSING LEFT TURN,STRAIGHT & LEVEL,DAWN,,,3/16/2022 8:18:32 AM,False,5360,Accepted,
29826460,0568000,LOUISVILLE METRO POLICE DEPT,Accepted,JEFFERSON,,,MARIGOLD,AVE,,,LOTUS,,,,,38.166729738,-85.717311215,0.508,3/15/2022 12:00:00 AM,2234,3,3,0,1,CLEAR,DRY,False,ANGLE COLLISION - OTHER,ANGLE,STRAIGHT & LEVEL,DARK (UNKNOWN ROADWAY LIGHTING),,,3/17/2022 8:14:52 AM,False,7361,Accepted,
29816560,0568000,LOUISVILLE METRO POLICE DEPT,Accepted,JEFFERSON,,2421,LINDSAY,AVE,,,,,,,,38.260680735,-85.706591663,0.087,3/15/2022 12:00:00 AM,0230,1,1,0,0,CLEAR,DRY,False,COLLISION WITH FIXED OBJECT NON - INTERSECTION - FIRST EVENT COLLISION 09 - 32 EXCLUDING 16,SINGLE VEHICLE,CURVE & GRADE,DARK-HWY LIGHTED/ON,,,3/15/2022 8:22:38 AM,False,5296,Accepted,
29821655,0568000,LOUISVILLE METRO POLICE DEPT,Accepted,JEFFERSON,US0031W,,22ND,ST,S,,STANDARD,,,,,38.231551672,-85.791762791,18.354,3/15/2022 12:00:00 AM,2331,1,1,0,0,CLEAR,DRY,False,OTHER INTERSECTION COLLISIONS,SINGLE VEHICLE,STRAIGHT & HILLCREST,DARK-HWY LIGHTED/ON,,,3/16/2022 8:18:15 AM,False,5256,Accepted,
29831032,0568000,LOUISVILLE METRO POLICE DEPT,Accepted,JEFFERSON,,,OVERHILL,DR,,,,,CHERRY HILL,,VALLEY VIEW,38.116219608,-85.673548750,0.165,3/15/2022 12:00:00 AM,1549,1,1,0,1,CLEAR,DRY,False,COLLISION WITH FIXED OBJECT NON - INTERSECTION - FIRST EVENT COLLISION 09 - 32 EXCLUDING 16,SINGLE VEHICLE,CURVE & GRADE,DAYLIGHT,,,3/18/2022 8:21:44 AM,False,2308,Accepted,
29831040,0568000,LOUISVILLE METRO POLICE DEPT,Accepted,JEFFERSON,,,CHAMBERLAIN,LN,,,OSCAR,,,,,38.300760151,-85.542835848,2.224,3/15/2022 12:00:00 AM,1023,2,2,0,0,CLEAR,DRY,False,ANGLE COLLISION - OTHER,ANGLE,STRAIGHT & HILLCREST,DAYLIGHT,,,3/18/2022 8:22:07 AM,False,7751,Accepted,
29821636,0568000,LOUISVILLE METRO POLICE DEPT,Accepted,JEFFERSON,,,7TH,ST,S,,ZANE,,,,,38.238855079,-85.764550163,1.492,3/15/2022 12:00:00 AM,1033,2,2,0,0,CLEAR,DRY,False,ANGLE COLLISION - OTHER,ANGLE,STRAIGHT & LEVEL,DAYLIGHT,,,3/16/2022 8:16:53 AM,False,5026,Accepted,
29821637,0568000,LOUISVILLE METRO POLICE DEPT,Accepted,JEFFERSON,,,FERNDALE,RD,,,FERN CREEK,,,,,38.155169895,-85.592043443,0.118,3/15/2022 12:00:00 AM,0743,2,2,0,1,CLOUDY,DRY,False,HEAD-ON COLLISION,HEAD ON,STRAIGHT & LEVEL,DAWN,,,3/16/2022 8:16:56 AM,False,2017,Accepted,
29821638,0568000,LOUISVILLE METRO POLICE DEPT,Accepted,JEFFERSON,I 0265,,,,,,,,,,,38.116874714,-85.643825634,0.281,3/15/2022 12:00:00 AM,1222,2,2,0,0,CLEAR,DRY,False,OTHER RAMP RELATED COLLISIONS NOT LISTED ABOVE,REAR END,STRAIGHT & LEVEL,DAYLIGHT,I 0265,SMYRNA PKWY,3/16/2022 8:17:00 AM,False,2017,Accepted,
29821643,0568000,LOUISVILLE METRO POLICE DEPT,Accepted,JEFFERSON,,611,34TH,ST,S,,,,,,,38.253814866,-85.807669693,0.591,3/15/2022 12:00:00 AM,0717,2,2,0,0,CLEAR,DRY,False,1 VEHICLE PARKED POSITION (NOT PARKING LOT/DRIVEWAY),REAR END,STRAIGHT & LEVEL,DARK (UNKNOWN ROADWAY LIGHTING),,,3/16/2022 8:17:18 AM,False,5282,Accepted,
29821644,0568000,LOUISVILLE METRO POLICE DEPT,Accepted,JEFFERSON,KY0148,,KY148,,,,,,CREEK ROCK,,OLD CLARK STATION,38.185107218,-85.440456189,2.049,3/15/2022 12:00:00 AM,1600,1,1,0,0,CLEAR,DRY,False,COLLISION WITH ANIMAL NON INTERSECTION,SINGLE VEHICLE,STRAIGHT & LEVEL,DAYLIGHT,,,3/16/2022 8:17:23 AM,False,7278,Accepted,
29821645,0568000,LOUISVILLE METRO POLICE DEPT,Accepted,JEFFERSON,US0060A,2911,TAYLOR,BLVD,,,,,,,,38.206848295,-85.775597333,2.341,3/15/2022 12:00:00 AM,1514,2,2,0,0,CLEAR,DRY,False,COLLISION IN PARKING LOT,SIDESWIPE-SAME DIRECTION,STRAIGHT & LEVEL,DAYLIGHT,,,3/16/2022 8:17:29 AM,False,7725,Accepted,
29821646,0568000,LOUISVILLE METRO POLICE DEPT,Accepted,JEFFERSON,US0031W,10307,DIXIE,HWY,,,,,,,,38.105194606,-85.868274274,8.445,3/15/2022 12:00:00 AM,1622,1,0,0,0,CLEAR,DRY,False,OTHER ROADWAY OR MID-BLOCK COLLISION,SINGLE VEHICLE,STRAIGHT & LEVEL,DAYLIGHT,,,3/16/2022 8:17:33 AM,False,2311,Accepted,
29816563,0568000,LOUISVILLE METRO POLICE DEPT,Accepted,JEFFERSON,I 0265,,I265 W,,,,,,,,,38.210747122,-85.507061067,24.616,3/15/2022 12:00:00 AM,0024,1,1,0,1,CLEAR,DRY,False,OCCUPANT FELL FROM MOVING VEHICLE,SINGLE VEHICLE,STRAIGHT & LEVEL,DARK-HWY LIGHTED/OFF,,,3/15/2022 8:22:46 AM,False,7440,Accepted,
29821653,0568000,LOUISVILLE METRO POLICE DEPT,Accepted,JEFFERSON,KY1447,,WESTPORT,RD,,KY1747,HURSTBOURNE,,,,,38.286926502,-85.573997080,5.131,3/15/2022 12:00:00 AM,1942,2,2,0,0,CLEAR,DRY,False,ANGLE COLLISION - ONE VEHICLE TURNING LEFT,ANGLE,STRAIGHT & LEVEL,DAYLIGHT,,,3/16/2022 8:18:06 AM,False,5030,Accepted,
29821654,0568000,LOUISVILLE METRO POLICE DEPT,Accepted,JEFFERSON,,,GRAFTON HALL,RD,,,,,,,,38.103435140,-85.855995524,0.137,3/15/2022 12:00:00 AM,1717,3,3,0,2,CLEAR,DRY,False,1 VEHICLE PARKED POSITION (NOT PARKING LOT/DRIVEWAY),HEAD ON,CURVE & LEVEL,DAYLIGHT,,,3/16/2022 8:18:10 AM,False,7234,Accepted,
29821662,0568000,LOUISVILLE METRO POLICE DEPT,Accepted,JEFFERSON,US0042,,STORY,AVE,,,,,,,,38.258659483,-85.721816120,0.652,3/15/2022 12:00:00 AM,2312,2,2,0,0,CLEAR,DRY,False,SIDESWIPE COLLISION - SAME DIRECTION,SIDESWIPE-SAME DIRECTION,STRAIGHT & LEVEL,DARK-HWY LIGHTED/ON,,,3/16/2022 8:18:51 AM,False,5371,Accepted,
29822707,0561500,UNIV. OF LOUISVILLE POLICE,Accepted,JEFFERSON,,,S BROOK CONNECTOR,,,,,,,,,38.210055931,-85.758461126,0.347,3/15/2022 12:00:00 AM,1313,2,2,0,0,CLEAR,DRY,False,REAR END IN TRAFFIC LANES BOTH VEHICLES MOVING,REAR END,STRAIGHT & GRADE,DAYLIGHT,,,3/16/2022 1:15:39 PM,False,5718,Accepted,
29840451,0568000,LOUISVILLE METRO POLICE DEPT,Accepted,JEFFERSON,I 0264,,,,,,,,,,,38.196319970,-85.707753361,0.249,3/15/2022 12:00:00 AM,0450,2,2,0,0,CLEAR,DRY,False,OTHER RAMP RELATED COLLISIONS NOT LISTED ABOVE,REAR END,STRAIGHT & LEVEL,DARK-HWY NOT LIGHTED,I 0264,KY0864,3/21/2022 8:23:05 AM,False,5418,Accepted,
29873741,0568000,LOUISVILLE METRO POLICE DEPT,Accepted,JEFFERSON,,,EXETER,AVE,,,,,,,,38.179205291,-85.667589194,0.024,3/15/2022 12:00:00 AM,2201,1,1,0,0,CLEAR,DRY,False,COLLISION WITH FIXED OBJECT NON - INTERSECTION - FIRST EVENT COLLISION 09 - 32 EXCLUDING 16,SINGLE VEHICLE,STRAIGHT & LEVEL,DARK (UNKNOWN ROADWAY LIGHTING),,,3/29/2022 8:28:26 AM,False,5418,Accepted,
29840442,0568000,LOUISVILLE METRO POLICE DEPT,Accepted,JEFFERSON,,,CENTRAL,AVE,,,4TH,,,,,38.205147240,-85.765562549,0.442,3/14/2022 12:00:00 AM,1519,3,3,0,1,CLEAR,DRY,False,ANGLE COLLISION - OTHER,ANGLE,STRAIGHT & LEVEL,DAYLIGHT,,,3/21/2022 8:22:31 AM,False,7398,Accepted,
29840450,0568000,LOUISVILLE METRO POLICE DEPT,Accepted,JEFFERSON,,,NIGHTINGALE,RD,,KY0864,POPLAR LEVEL,,,,,38.210284127,-85.716853797,0.473,3/14/2022 12:00:00 AM,1917,3,3,0,0,CLEAR,DRY,False,OPPOSING LEFT TURN,OPPOSING LEFT TURN,STRAIGHT & LEVEL,DUSK,,,3/21/2022 8:23:01 AM,False,5418,Accepted,
29886705,0568000,LOUISVILLE METRO POLICE DEPT,Accepted,JEFFERSON,I 0064,,,,,,,,,,,38.233002636,-85.627424772,0.008,3/14/2022 12:00:00 AM,0557,3,2,1,0,CLEAR,DRY,False,OTHER RAMP RELATED COLLISIONS NOT LISTED ABOVE,SIDESWIPE-SAME DIRECTION,STRAIGHT & LEVEL,DARK-HWY LIGHTED/ON,I 0064,I 0064,4/1/2022 8:05:35 AM,False,6886,Accepted,
29821652,0568000,LOUISVILLE METRO POLICE DEPT,Accepted,JEFFERSON,,2615,WHITEHALL,TER,,,,,,,,38.214709880,-85.632229940,0.275,3/14/2022 12:00:00 AM,1700,2,2,0,0,CLEAR,DRY,True,COLLISION IN PARKING LOT,REAR END,STRAIGHT & LEVEL,DAYLIGHT,,,3/16/2022 8:18:02 AM,False,7294,Accepted,
29826465,0568000,LOUISVILLE METRO POLICE DEPT,Accepted,JEFFERSON,US0042,,STORY,AVE,,,ADAMS,,,,,38.257255089,-85.724967394,0.451,3/14/2022 12:00:00 AM,2000,2,2,0,0,CLEAR,DRY,False,ANGLE COLLISION - OTHER,ANGLE,STRAIGHT & LEVEL,DARK-HWY LIGHTED/ON,,,3/17/2022 8:15:20 AM,False,5338,Accepted,
29816554,0568000,LOUISVILLE METRO POLICE DEPT,Accepted,JEFFERSON,US0031W,,DIXIE,HWY,,,,,,,,38.132432440,-85.846541567,10.699,3/14/2022 12:00:00 AM,1639,2,2,0,0,CLEAR,DRY,False,REAR END IN TRAFFIC LANES BOTH VEHICLES MOVING,REAR END,STRAIGHT & LEVEL,DAYLIGHT,,,3/15/2022 8:22:01 AM,False,7234,Accepted,
29816555,0568000,LOUISVILLE METRO POLICE DEPT,Accepted,JEFFERSON,KY0155,,TAYLORSVILLE,RD,,,POPE LICK,,,,,38.190822401,-85.486888746,4.873,3/14/2022 12:00:00 AM,1837,2,2,0,1,CLEAR,DRY,False,OTHER INTERSECTION COLLISIONS,REAR END,STRAIGHT & LEVEL,DAYLIGHT,,,3/15/2022 8:22:09 AM,False,7278,Accepted,
29821627,0568000,LOUISVILLE METRO POLICE DEPT,Accepted,JEFFERSON,KY0061,8302,PRESTON,HWY,,,,,,,,38.132940030,-85.683668905,3.554,3/14/2022 12:00:00 AM,0941,2,2,0,0,CLEAR,DRY,False,1 VEHICLE ENTERING/LEAVING ENTRANCE,ANGLE,STRAIGHT & LEVEL,DAYLIGHT,,,3/16/2022 8:16:10 AM,False,7040,Accepted,
29816556,0568000,LOUISVILLE METRO POLICE DEPT,Accepted,JEFFERSON,KY0864,,FEGENBUSH,LN,,KY1747,FERN VALLEY,,,,,38.161117958,-85.640762553,6.595,3/14/2022 12:00:00 AM,2034,2,2,0,0,CLEAR,DRY,False,SIDESWIPE-SAME DIRECTION,SIDESWIPE-SAME DIRECTION,STRAIGHT & LEVEL,DARK-HWY LIGHTED/ON,,,3/15/2022 8:22:15 AM,False,5341,Accepted,
29816557,0568000,LOUISVILLE METRO POLICE DEPT,Accepted,JEFFERSON,KY1065,,OUTER,LOOP,,,GRADE,,,,,38.130084864,-85.737185844,3.179,3/14/2022 12:00:00 AM,2024,2,2,0,2,CLEAR,DRY,False,OPPOSING LEFT TURN,OPPOSING LEFT TURN,STRAIGHT & GRADE,DARK-HWY NOT LIGHTED,,,3/15/2022 8:22:20 AM,False,7100,Accepted,
29826485,0568000,LOUISVILLE METRO POLICE DEPT,Accepted,JEFFERSON,I 0064,,I64 W,,,,,,,,,38.276885744,-85.809767137,0.932,3/14/2022 12:00:00 AM,1800,2,2,0,0,CLEAR,DRY,False,SIDESWIPE COLLISION - SAME DIRECTION,SIDESWIPE-SAME DIRECTION,CURVE & GRADE,DAYLIGHT,,,3/17/2022 8:17:33 AM,False,5124,Accepted,
29816561,0568000,LOUISVILLE METRO POLICE DEPT,Accepted,JEFFERSON,I 0265,,I265 W,,,,,,,,,38.119864552,-85.634074466,14.069,3/14/2022 12:00:00 AM,2213,1,1,0,0,CLEAR,DRY,False,COLLISION WITH FIXED OBJECT NON - INTERSECTION - FIRST EVENT COLLISION 09 - 32 EXCLUDING 16,SINGLE VEHICLE,STRAIGHT & LEVEL,DARK-HWY NOT LIGHTED,,,3/15/2022 8:22:42 AM,False,7827,Accepted,
29821623,0568000,LOUISVILLE METRO POLICE DEPT,Accepted,JEFFERSON,KY1747,,HURSTBOURNE,PKWY,S,,BUNSEN,,,,,38.218815148,-85.584050986,11.460,3/14/2022 12:00:00 AM,1307,2,2,0,1,CLEAR,DRY,False,ANGLE COLLISION - ONE VEHICLE TURNING LEFT,ANGLE,STRAIGHT & LEVEL,DAYLIGHT,,,3/16/2022 8:16:01 AM,False,4693,Accepted,
29812028,0568000,LOUISVILLE METRO POLICE DEPT,Accepted,JEFFERSON,KY1865,,NEW CUT,RD,,,BAKERS,,,,,38.140940387,-85.774221951,2.329,3/14/2022 12:00:00 AM,0500,2,2,0,0,CLEAR,DRY,True,ANGLE COLLISION - OTHER,ANGLE,STRAIGHT & LEVEL,DARK-HWY LIGHTED/ON,,,3/14/2022 9:31:15 AM,False,5321,Accepted,
29816546,0568000,LOUISVILLE METRO POLICE DEPT,Accepted,JEFFERSON,,2324,GRIFFITHS,AVE,,,,,,,,38.265372847,-85.788049213,0.505,3/14/2022 12:00:00 AM,1340,2,2,0,0,CLEAR,DRY,False,1 VEHICLE PARKED POSITION (NOT PARKING LOT/DRIVEWAY),REAR END,STRAIGHT & LEVEL,DAYLIGHT,,,3/15/2022 8:19:57 AM,False,5407,Accepted,
29816522,0568000,LOUISVILLE METRO POLICE DEPT,Accepted,JEFFERSON,KY1447,,WESTPORT,RD,,,SPRINGHURST,,,,,38.293737512,-85.559856708,6.054,3/14/2022 12:00:00 AM,1030,1,1,0,0,CLEAR,DRY,False,COLLISION IN PARKING LOT,SINGLE VEHICLE,STRAIGHT & LEVEL,DAYLIGHT,,,3/15/2022 8:18:14 AM,False,6406,Accepted,
29816529,0568000,LOUISVILLE METRO POLICE DEPT,Accepted,JEFFERSON,,,1ST,ST,S,,LIBERTY,,,,,38.252524185,-85.752187537,0.247,3/14/2022 12:00:00 AM,1311,2,2,0,0,CLEAR,DRY,False,SIDESWIPE-SAME DIRECTION,SIDESWIPE-SAME DIRECTION,STRAIGHT & LEVEL,DAYLIGHT,,,3/15/2022 8:18:58 AM,False,7132,Accepted,
29816548,0568000,LOUISVILLE METRO POLICE DEPT,Accepted,JEFFERSON,KY1747,,HURSTBOURNE,PKWY,N,KY1447,WESTPORT,,,,,38.287634690,-85.572220953,17.040,3/14/2022 12:00:00 AM,1551,2,2,0,0,CLEAR,DRY,False,ANGLE COLLISION - OTHER,ANGLE,STRAIGHT & GRADE,DAYLIGHT,,,3/15/2022 8:20:08 AM,False,6456,Accepted,
29816541,0568000,LOUISVILLE METRO POLICE DEPT,Accepted,JEFFERSON,KY1447,12205,WESTPORT,RD,,,,,,,,38.304256332,-85.524184351,8.034,3/14/2022 12:00:00 AM,1621,2,2,0,1,CLEAR,DRY,False,OTHER ROADWAY OR MID-BLOCK COLLISION,OPPOSING LEFT TURN,STRAIGHT & LEVEL,DAYLIGHT,,,3/15/2022 8:19:34 AM,False,2489,Accepted,
29816543,0568000,LOUISVILLE METRO POLICE DEPT,Accepted,JEFFERSON,KY0864,,FEGENBUSH,LN,,,VAUGHN MILL,,,,,38.145055007,-85.627738790,5.184,3/14/2022 12:00:00 AM,1740,2,2,0,0,CLEAR,DRY,False,ANGLE COLLISION - OTHER,ANGLE,STRAIGHT & LEVEL,DAYLIGHT,,,3/15/2022 8:19:37 AM,False,7698,Accepted,
29816544,0568000,LOUISVILLE METRO POLICE DEPT,Accepted,JEFFERSON,,,OAK,ST,W,,12TH,,,,,38.236259584,-85.773646071,0.998,3/14/2022 12:00:00 AM,1356,2,2,0,0,CLEAR,DRY,True,OTHER INTERSECTION COLLISIONS,REAR END,STRAIGHT & LEVEL,DAYLIGHT,,,3/15/2022 8:19:41 AM,False,5412,Accepted,
29816550,0568000,LOUISVILLE METRO POLICE DEPT,Accepted,JEFFERSON,,,3RD,ST,S,,SOUTHLAND,,,,,38.171480468,-85.767996409,1.890,3/14/2022 12:00:00 AM,0835,2,1,0,1,CLEAR,DRY,True,COLLISION WITH PEDESTRIAN IN INTERSECTION,SINGLE VEHICLE,STRAIGHT & LEVEL,DAYLIGHT,,,3/15/2022 8:20:48 AM,False,7963,Accepted,
29816551,0568000,LOUISVILLE METRO POLICE DEPT,Accepted,JEFFERSON,KY0841,,GENE SNYDER,FWY,,KY1865,NEW CUT,,,,,38.120216676,-85.777270685,6.048,3/14/2022 12:00:00 AM,1019,1,1,0,1,CLEAR,DRY,False,COLLISION WITH FIXED OBJECT IN INTERSECTION - FIRST EVENT COLLISION 09 - 32,SINGLE VEHICLE,STRAIGHT & LEVEL,DAYLIGHT,,,3/15/2022 8:20:57 AM,False,7483,Accepted,