IncidentID,AgencyORI,AgencyName,IncidentStatusDesc,County,RdwyNumber,Street,RoadwayName,StreetSfx,StreetDir,IntersectionRdwy,IntersectionRdwyName,BetweenStRdwy1,BetweenStRdwyName1,BetweenStRdwy2,BetweenStRdwyName2,Latitude,Longitude,Milepoint,CollisionDate,CollisionTime,UnitsInvolved,MotorVehiclesInvolved,NumberKilled,NumberInjured,Weather,RdwyConditionCode,HitandRun,DirAnalysisCode,MannerofCollision,RdwyCharacter,LightCondition,RampFromRdwyId,RampToRdwyId,AcceptedDate,IsSecondaryCollision,OwnerBadge,IncidentStatus,
29816533,0568000,LOUISVILLE METRO POLICE DEPT,Accepted,JEFFERSON,,,MANSFIELD,LN,,,GARDEN GREEN,,,,,38.177408550,-85.663271347,0.288,3/14/2022 12:00:00 AM,1542,2,2,0,0,CLEAR,DRY,False,ANGLE COLLISION - OTHER,ANGLE,STRAIGHT & LEVEL,DAYLIGHT,,,3/15/2022 8:19:06 AM,False,5146,Accepted,
29816534,0568000,LOUISVILLE METRO POLICE DEPT,Accepted,JEFFERSON,KY0061,,PRESTON,HWY,,KY1065,OUTER,,,,,38.138921577,-85.687129549,3.994,3/14/2022 12:00:00 AM,1424,2,2,0,0,CLEAR,DRY,False,ANGLE COLLISION - OTHER,ANGLE,STRAIGHT & LEVEL,DAYLIGHT,,,3/15/2022 8:19:13 AM,False,2017,Accepted,
29816545,0568000,LOUISVILLE METRO POLICE DEPT,Accepted,JEFFERSON,US0042,,MAIN,ST,E,,JOHNSON,,,,,38.253857933,-85.731295460,0.057,3/14/2022 12:00:00 AM,1648,2,2,0,0,CLEAR,DRY,False,ANGLE COLLISION - OTHER,ANGLE,STRAIGHT & LEVEL,DAYLIGHT,,,3/15/2022 8:19:47 AM,False,2764,Accepted,
29816552,0568000,LOUISVILLE METRO POLICE DEPT,Accepted,JEFFERSON,US0042,,MAIN,ST,E,,JOHNSON,,,,,38.253873239,-85.731270770,0.057,3/14/2022 12:00:00 AM,1823,2,2,0,0,CLEAR,DRY,False,ANGLE COLLISION - OTHER,ANGLE,STRAIGHT & LEVEL,DAYLIGHT,,,3/15/2022 8:21:08 AM,False,7216,Accepted,
29816553,0568000,LOUISVILLE METRO POLICE DEPT,Accepted,JEFFERSON,,,CYPRESS,ST,,,HILL,,,,,38.230362835,-85.798613355,0.520,3/14/2022 12:00:00 AM,0930,2,2,0,0,CLEAR,DRY,False,OPPOSITE DIRECTION - BOTH VEHICLES GOING STRAIGHT AHEAD,SIDESWIPE-OPPOSITE DIRECTION,STRAIGHT & LEVEL,DAYLIGHT,,,3/15/2022 8:21:16 AM,False,5343,Accepted,
29816523,0568000,LOUISVILLE METRO POLICE DEPT,Accepted,JEFFERSON,US0060A,,WINKLER,AVE,,,,,,,,38.210141305,-85.763066657,3.153,3/14/2022 12:00:00 AM,1125,2,2,0,0,CLEAR,DRY,False,REAR END IN TRAFFIC LANES BOTH VEHICLES MOVING,REAR END,STRAIGHT & LEVEL,DAYLIGHT,,,3/15/2022 8:18:18 AM,False,7872,Accepted,
29840431,0568000,LOUISVILLE METRO POLICE DEPT,Accepted,JEFFERSON,KY1747,,FERN VALLEY,RD,,,HOLIDAY TOWERS,,,,,38.157303540,-85.714425371,0.974,3/14/2022 12:00:00 AM,1800,3,3,0,0,CLEAR,DRY,False,OTHER INTERSECTION COLLISIONS,REAR END,STRAIGHT & LEVEL,DAYLIGHT,,,3/21/2022 8:21:41 AM,False,7269,Accepted,
29855026,0568000,LOUISVILLE METRO POLICE DEPT,Accepted,JEFFERSON,,,WILSON,AVE,,,,,,,,38.234927297,-85.794753943,1.080,3/14/2022 12:00:00 AM,1830,3,3,0,2,CLEAR,DRY,False,SIDESWIPE COLLISION - OPPOSITE DIRECTION,SIDESWIPE-OPPOSITE DIRECTION,STRAIGHT & LEVEL,DAYLIGHT,,,3/24/2022 8:35:35 AM,False,5114,Accepted,
30063560,0568000,LOUISVILLE METRO POLICE DEPT,Accepted,JEFFERSON,,,13TH,ST,S,,HILL,,,,,38.227596571,-85.776753037,1.716,3/14/2022 12:00:00 AM,0344,2,2,0,2,CLEAR,DRY,True,ANGLE COLLISION - OTHER,ANGLE,,DARK-HWY LIGHTED/ON,,,5/16/2022 8:28:11 AM,False,5344,Accepted,
29950762,0568000,LOUISVILLE METRO POLICE DEPT,Accepted,JEFFERSON,,,1ST,ST,S,,ST CATHERINE,,,,,38.236900120,-85.754954736,1.335,3/14/2022 12:00:00 AM,1921,2,2,0,2,CLEAR,DRY,False,ANGLE COLLISION - OTHER,ANGLE,STRAIGHT & LEVEL,DAYLIGHT,,,4/18/2022 8:27:55 AM,False,5373,Accepted,
30054067,0568000,LOUISVILLE METRO POLICE DEPT,Accepted,JEFFERSON,I 0065,,I65 N,,,I 0065,I65 N EXIT128 ON RAMP FROM KY1631,,,,,38.155458193,-85.716871969,128.119,3/13/2022 12:00:00 AM,0143,1,1,0,1,CLEAR,DRY,False,OTHER INTERSECTION COLLISIONS,SINGLE VEHICLE,STRAIGHT & LEVEL,DARK-HWY LIGHTED/ON,,,5/13/2022 8:28:47 AM,False,5314,Accepted,
29845988,0568000,LOUISVILLE METRO POLICE DEPT,Accepted,JEFFERSON,,,HIGHLAND,AVE,,,EDWARD,,,,,38.238624591,-85.727602951,0.527,3/13/2022 12:00:00 AM,1630,2,2,0,0,CLEAR,DRY,False,OPPOSING LEFT TURN,OPPOSING LEFT TURN,STRAIGHT & LEVEL,DAYLIGHT,,,3/22/2022 8:19:18 AM,False,2673,Accepted,
29846002,0568000,LOUISVILLE METRO POLICE DEPT,Accepted,JEFFERSON,,,PARK,RD,S,,,,FAIRDALE,,STINNETT,38.117609154,-85.732220005,3.222,3/13/2022 12:00:00 AM,1655,3,3,0,4,CLOUDY,DRY,False,SIDESWIPE COLLISION - OPPOSITE DIRECTION,SIDESWIPE-OPPOSITE DIRECTION,CURVE & LEVEL,DAYLIGHT,,,3/22/2022 8:20:08 AM,False,2583,Accepted,
29812024,0568000,LOUISVILLE METRO POLICE DEPT,Accepted,JEFFERSON,KY0864,,POPLAR LEVEL,RD,,,REDWOOD,,,,,38.197679064,-85.707858358,11.468,3/13/2022 12:00:00 AM,2118,2,2,0,1,CLEAR,DRY,False,VEHICLE BACKING IN INTERSECTION,BACKING,STRAIGHT & LEVEL,DARK-HWY LIGHTED/ON,,,3/14/2022 9:30:10 AM,False,5328,Accepted,
29812000,0568000,LOUISVILLE METRO POLICE DEPT,Accepted,JEFFERSON,,,GLORIA,LN,,,,,,,,38.162427887,-85.705781453,0.104,3/13/2022 12:00:00 AM,0830,3,3,0,0,CLOUDY,DRY,True,HEAD-ON COLLISION,HEAD ON,STRAIGHT & LEVEL,DAYLIGHT,,,3/14/2022 9:26:22 AM,False,7371,Accepted,
29812008,0568000,LOUISVILLE METRO POLICE DEPT,Accepted,JEFFERSON,I 0071,,I71 S,,,,,,,,,38.309411411,-85.593150517,8.370,3/13/2022 12:00:00 AM,1801,1,1,0,1,CLEAR,DRY,False,COLLISION WITH FIXED OBJECT NON - INTERSECTION - FIRST EVENT COLLISION 09 - 32 EXCLUDING 16,SINGLE VEHICLE,STRAIGHT & LEVEL,DAYLIGHT,,,3/14/2022 9:27:52 AM,False,2346,Accepted,
29812010,0568000,LOUISVILLE METRO POLICE DEPT,Accepted,JEFFERSON,,,GREENWOOD,AVE,,,29TH,,,,,38.242421356,-85.801220668,0.869,3/13/2022 12:00:00 AM,1738,2,2,0,1,CLEAR,DRY,True,ANGLE COLLISION - OTHER,ANGLE,STRAIGHT & LEVEL,DAYLIGHT,,,3/14/2022 9:28:13 AM,False,5164,Accepted,
29811976,0568000,LOUISVILLE METRO POLICE DEPT,Accepted,JEFFERSON,,,INDIAN,TRL,E,,PINE TREE,,,,,38.169423928,-85.695102896,0.638,3/13/2022 12:00:00 AM,0008,2,2,0,1,CLEAR,DRY,False,OPPOSING LEFT TURN,OPPOSING LEFT TURN,STRAIGHT & LEVEL,DARK (UNKNOWN ROADWAY LIGHTING),,,3/14/2022 9:22:39 AM,False,5399,Accepted,
29811984,0568000,LOUISVILLE METRO POLICE DEPT,Accepted,JEFFERSON,KY1865,,NEW CUT,RD,,KY0907,3RD ST,,,,,38.145922727,-85.775260321,2.675,3/13/2022 12:00:00 AM,0453,2,2,0,0,CLEAR,DRY,True,HEAD-ON COLLISION,HEAD ON,STRAIGHT & LEVEL,DAWN,,,3/14/2022 9:23:26 AM,False,5266,Accepted,
29811986,0568000,LOUISVILLE METRO POLICE DEPT,Accepted,JEFFERSON,KY1065,,OUTER,LOOP,,KY0061,PRESTON,,,,,38.138313096,-85.686939505,6.048,3/13/2022 12:00:00 AM,0429,2,2,0,0,CLEAR,DRY,False,OTHER INTERSECTION COLLISIONS,REAR END,STRAIGHT & LEVEL,DARK-HWY LIGHTED/ON,,,3/14/2022 9:23:37 AM,False,5264,Accepted,
29811992,0568000,LOUISVILLE METRO POLICE DEPT,Accepted,JEFFERSON,KY0061,,PRESTON,HWY,,,TRIO,,,,,38.129897611,-85.682038257,3.323,3/13/2022 12:00:00 AM,0033,2,2,0,0,CLEAR,DRY,False,ANGLE COLLISION - OTHER,ANGLE,STRAIGHT & LEVEL,DARK-HWY LIGHTED/ON,,,3/14/2022 9:24:37 AM,False,5314,Accepted,
29811980,0568000,LOUISVILLE METRO POLICE DEPT,Accepted,JEFFERSON,KY0061,,JACKSON,ST,S,,OAK,,,,,38.234223179,-85.747503763,11.522,3/13/2022 12:00:00 AM,0149,2,2,0,0,CLEAR,DRY,False,ANGLE COLLISION - OTHER,ANGLE,STRAIGHT & LEVEL,DARK-HWY LIGHTED/ON,,,3/14/2022 9:23:06 AM,False,5349,Accepted,
29812003,0568000,LOUISVILLE METRO POLICE DEPT,Accepted,JEFFERSON,KY0155,,TAYLORSVILLE,RD,,,,KY2265,HATMAKER,KY0155,KY155,38.191419717,-85.482070762,4.596,3/13/2022 12:00:00 AM,0655,2,2,0,1,CLEAR,DRY,True,SIDESWIPE COLLISION - OPPOSITE DIRECTION,SIDESWIPE-OPPOSITE DIRECTION,CURVE & LEVEL,DARK-HWY LIGHTED/OFF,,,3/14/2022 9:27:22 AM,False,2775,Accepted,
29812017,0568000,LOUISVILLE METRO POLICE DEPT,Accepted,JEFFERSON,KY1747,,FERN VALLEY,RD,,,JEFFERSON,,,,,38.156883780,-85.671525373,3.323,3/13/2022 12:00:00 AM,2034,2,2,0,0,CLEAR,DRY,True,ANGLE COLLISION - ONE VEHICLE TURNING LEFT,ANGLE,STRAIGHT & LEVEL,DARK-HWY NOT LIGHTED,,,3/14/2022 9:29:14 AM,False,7106,Accepted,
29811996,0568000,LOUISVILLE METRO POLICE DEPT,Accepted,JEFFERSON,US0031E,,BARDSTOWN,RD,,,SPEED,,,,,38.228514143,-85.701160083,14.118,3/13/2022 12:00:00 AM,0405,3,3,0,0,CLEAR,DRY,False,OTHER INTERSECTION COLLISIONS,REAR END,STRAIGHT & LEVEL,DARK-HWY LIGHTED/ON,,,3/14/2022 9:25:47 AM,False,5402,Accepted,
29812005,0568000,LOUISVILLE METRO POLICE DEPT,Accepted,JEFFERSON,US0031W,,22ND,ST,S,,STANDARD,,,,,38.231559240,-85.791786799,18.352,3/13/2022 12:00:00 AM,1021,2,2,0,0,CLEAR,DRY,False,OTHER INTERSECTION COLLISIONS,REAR END,STRAIGHT & LEVEL,DAYLIGHT,,,3/14/2022 9:27:37 AM,False,5411,Accepted,
29812013,0568000,LOUISVILLE METRO POLICE DEPT,Accepted,JEFFERSON,US0060A,1715,BERRY,BLVD,,,,,,,,38.196556070,-85.793071761,0.885,3/13/2022 12:00:00 AM,1444,1,1,0,1,CLEAR,DRY,False,COLLISION WITH FIXED OBJECT NON - INTERSECTION - FIRST EVENT COLLISION 09 - 32 EXCLUDING 16,SINGLE VEHICLE,STRAIGHT & LEVEL,DAYLIGHT,,,3/14/2022 9:28:41 AM,False,7360,Accepted,
29812015,0568000,LOUISVILLE METRO POLICE DEPT,Accepted,JEFFERSON,,,OAK,ST,W,,DIXIE,,,,,38.237442916,-85.786805888,1.719,3/13/2022 12:00:00 AM,0716,1,1,0,0,CLEAR,DRY,False,COLLISION WITH FIXED OBJECT IN INTERSECTION - FIRST EVENT COLLISION 09 - 32,SINGLE VEHICLE,CURVE & LEVEL,DAYLIGHT,,,3/14/2022 9:28:57 AM,False,5039,Accepted,
29812001,0568000,LOUISVILLE METRO POLICE DEPT,Accepted,JEFFERSON,,3503,BLANTON,LN,,,,,,,,38.154604718,-85.825641613,0.562,3/13/2022 12:00:00 AM,1516,2,2,0,0,CLEAR,DRY,False,REAR END IN TRAFFIC LANES BOTH VEHICLES MOVING,REAR END,STRAIGHT & LEVEL,DAYLIGHT,,,3/14/2022 9:26:44 AM,False,5100,Accepted,
29812026,0568000,LOUISVILLE METRO POLICE DEPT,Accepted,JEFFERSON,,,2ND,ST,S,,,,,,,38.181334348,-85.764580145,0.885,3/13/2022 12:00:00 AM,2023,2,1,0,1,CLEAR,DRY,False,COLLISION WITH PEDESTRIAN NON - INTERSECTION,SINGLE VEHICLE,STRAIGHT & GRADE,DARK (UNKNOWN ROADWAY LIGHTING),,,3/14/2022 9:30:58 AM,False,5400,Accepted,
29826469,0568000,LOUISVILLE METRO POLICE DEPT,Accepted,JEFFERSON,KY2048,,CANNONS,LN,,I 0064,I64 E EXIT10 OFF RAMP TO KY2048,,,,,38.234803486,-85.657799524,1.202,3/13/2022 12:00:00 AM,1703,2,2,0,4,CLEAR,DRY,False,ANGLE COLLISION - ONE VEHICLE TURNING LEFT,ANGLE,STRAIGHT & LEVEL,DAYLIGHT,,,3/17/2022 8:15:56 AM,False,7632,Accepted,
29811971,0568000,LOUISVILLE METRO POLICE DEPT,Accepted,JEFFERSON,,,MUHAMMAD ALI,BLVD,W,,18TH,,,,,38.253660339,-85.780668891,1.543,3/12/2022 12:00:00 AM,2148,2,2,0,1,CLEAR,DRY,False,OPPOSING LEFT TURN,OPPOSING LEFT TURN,STRAIGHT & LEVEL,DARK-HWY LIGHTED/ON,,,3/14/2022 9:22:13 AM,False,5374,Accepted,
29812335,0568000,LOUISVILLE METRO POLICE DEPT,Accepted,JEFFERSON,KY0061,4800,PRESTON,HWY,,,,,,,,38.177916542,-85.716191729,7.168,3/12/2022 12:00:00 AM,2004,2,1,0,2,CLEAR,DRY,False,1 VEHICLE ENTERING/LEAVING ENTRANCE,ANGLE,STRAIGHT & LEVEL,DARK-HWY NOT LIGHTED,,,3/14/2022 9:25:15 AM,False,5326,Accepted,
29821625,0568000,LOUISVILLE METRO POLICE DEPT,Accepted,JEFFERSON,US0031E,,MARKET,ST,E,,,,FLOYD,KY0061,PRESTON,38.254111313,-85.746631351,17.404,3/12/2022 12:00:00 AM,1215,2,2,0,0,CLEAR,DRY,False,REAR END IN TRAFFIC LANES BOTH VEHICLES MOVING,REAR END,STRAIGHT & LEVEL,DAYLIGHT,,,3/16/2022 8:16:06 AM,False,7058,Accepted,
29812002,0568000,LOUISVILLE METRO POLICE DEPT,Accepted,JEFFERSON,,,KENTUCKY,ST,E,KY0061,JACKSON,,,,,38.237554984,-85.746916899,0.425,3/12/2022 12:00:00 AM,1745,2,2,0,3,CLOUDY,DRY,False,ANGLE COLLISION - OTHER,ANGLE,STRAIGHT & LEVEL,DAYLIGHT,,,3/14/2022 9:27:00 AM,False,5052,Accepted,
29811988,0568000,LOUISVILLE METRO POLICE DEPT,Accepted,JEFFERSON,,5117,STONY BROOK,DR,,,,,,,,38.172457162,-85.602556619,0.137,3/12/2022 12:00:00 AM,2127,1,1,0,0,CLEAR,DRY,False,COLLISION WITH FIXED OBJECT NON - INTERSECTION - FIRST EVENT COLLISION 09 - 32 EXCLUDING 16,SINGLE VEHICLE,STRAIGHT & HILLCREST,DARK-HWY NOT LIGHTED,,,3/14/2022 9:23:53 AM,False,7441,Accepted,
29811990,0568000,LOUISVILLE METRO POLICE DEPT,Accepted,JEFFERSON,US0031E,,BARDSTOWN,RD,,,BEECHWOOD,,,,,38.236466536,-85.717486592,15.190,3/12/2022 12:00:00 AM,2229,2,2,0,1,CLEAR,DRY,False,HEAD-ON COLLISION,HEAD ON,STRAIGHT & LEVEL,DARK-HWY LIGHTED/ON,,,3/14/2022 9:24:03 AM,False,7488,Accepted,
29811919,0568000,LOUISVILLE METRO POLICE DEPT,Accepted,JEFFERSON,KY0864,,POPLAR LEVEL,RD,,,PATTERSON,,,,,38.160321422,-85.675694735,8.289,3/12/2022 12:00:00 AM,0133,1,1,0,1,CLOUDY,WET,False,COLLISION WITH FIXED OBJECT IN INTERSECTION - FIRST EVENT COLLISION 09 - 32,SINGLE VEHICLE,CURVE & LEVEL,DARK-HWY NOT LIGHTED,,,3/14/2022 9:14:57 AM,False,5415,Accepted,
29811953,0568000,LOUISVILLE METRO POLICE DEPT,Accepted,JEFFERSON,,2813,MAIN,ST,W,,,,,,,38.261214460,-85.797922068,0.638,3/12/2022 12:00:00 AM,0700,4,4,0,0,CLEAR,DRY,True,1 VEHICLE PARKED POSITION (NOT PARKING LOT/DRIVEWAY),SIDESWIPE-SAME DIRECTION,STRAIGHT & LEVEL,DAYLIGHT,,,3/14/2022 9:18:27 AM,False,5403,Accepted,
29811966,0568000,LOUISVILLE METRO POLICE DEPT,Accepted,JEFFERSON,US0031E,,BARDSTOWN,RD,,I 0264,I264 E EXIT16 ON RAMP FROM US31E S,,,,,38.211316450,-85.671171332,12.051,3/12/2022 12:00:00 AM,2238,3,3,0,0,CLEAR,DRY,False,ANGLE COLLISION - ONE VEHICLE TURNING LEFT,ANGLE,STRAIGHT & LEVEL,DARK-HWY NOT LIGHTED,,,3/14/2022 9:21:21 AM,False,2816,Accepted,
29811933,0568000,LOUISVILLE METRO POLICE DEPT,Accepted,JEFFERSON,,,SIX MILE,LN,,,BROOKHOLLOW,,,,,38.199200002,-85.609574999,2.497,3/12/2022 12:00:00 AM,0539,1,1,0,0,CLEAR,SNOW/SLUSH,True,COLLISION WITH FIXED OBJECT IN INTERSECTION - FIRST EVENT COLLISION 09 - 32,SINGLE VEHICLE,STRAIGHT & LEVEL,DARK-HWY NOT LIGHTED,,,3/14/2022 9:16:27 AM,False,5375,Accepted,
29811943,0568000,LOUISVILLE METRO POLICE DEPT,Accepted,JEFFERSON,KY0864,4835,POPLAR LEVEL,RD,,,,,INDIAN,,VALLA,38.172151370,-85.685249489,9.259,3/12/2022 12:00:00 AM,1012,2,2,0,0,CLEAR,DRY,True,REAR END IN TRAFFIC LANES BOTH VEHICLES MOVING,REAR END,STRAIGHT & LEVEL,DAYLIGHT,,,3/14/2022 9:17:36 AM,False,7400,Accepted,
29811950,0568000,LOUISVILLE METRO POLICE DEPT,Accepted,JEFFERSON,KY0061,,PRESTON,HWY,,,HIGH SCHOOL,,,,,38.125722835,-85.679869717,2.965,3/12/2022 12:00:00 AM,1420,2,2,0,0,CLEAR,DRY,False,ANGLE COLLISION - OTHER,ANGLE,STRAIGHT & LEVEL,DAYLIGHT,,,3/14/2022 9:18:15 AM,False,5101,Accepted,
29811958,0568000,LOUISVILLE METRO POLICE DEPT,Accepted,JEFFERSON,KY1934,4445,CANE RUN,RD,,,,,,,,38.195564046,-85.842205948,8.805,3/12/2022 12:00:00 AM,1515,2,2,0,0,CLEAR,DRY,False,1 VEHICLE ENTERING/LEAVING ENTRANCE,ANGLE,STRAIGHT & LEVEL,DAYLIGHT,,,3/14/2022 9:19:33 AM,False,7437,Accepted,
29811960,0568000,LOUISVILLE METRO POLICE DEPT,Accepted,JEFFERSON,,,SALE,AVE,,,WARREN,,,,,38.197751243,-85.776996794,0.001,3/12/2022 12:00:00 AM,1221,3,3,0,0,CLEAR,DRY,True,OTHER INTERSECTION COLLISIONS,REAR END,STRAIGHT & LEVEL,DAYLIGHT,,,3/14/2022 9:20:07 AM,False,5230,Accepted,
29811961,0568000,LOUISVILLE METRO POLICE DEPT,Accepted,JEFFERSON,,,LEXINGTON,RD,,,ETLEY,,,,,38.245462227,-85.704577318,1.759,3/12/2022 12:00:00 AM,1403,3,3,0,0,CLEAR,DRY,False,ANGLE COLLISION - OTHER,ANGLE,STRAIGHT & LEVEL,DAYLIGHT,,,3/14/2022 9:20:17 AM,False,5020,Accepted,
29811963,0568000,LOUISVILLE METRO POLICE DEPT,Accepted,JEFFERSON,US0031E,,BARDSTOWN,RD,,,SPEED,,,,,38.228431755,-85.701039736,14.122,3/12/2022 12:00:00 AM,1848,2,2,0,0,CLOUDY,DRY,True,SIDESWIPE-SAME DIRECTION,SIDESWIPE-SAME DIRECTION,STRAIGHT & LEVEL,DUSK,,,3/14/2022 9:20:36 AM,False,5020,Accepted,
29811991,0568000,LOUISVILLE METRO POLICE DEPT,Accepted,JEFFERSON,KY0061,,PRESTON,HWY,,,BOERSTE,,,,,38.113942125,-85.676130042,2.126,3/12/2022 12:00:00 AM,2315,2,2,0,0,CLEAR,DRY,False,SIDESWIPE-SAME DIRECTION,SIDESWIPE-SAME DIRECTION,STRAIGHT & LEVEL,DARK-HWY LIGHTED/OFF,,,3/14/2022 9:24:23 AM,False,5314,Accepted,
29811937,0568000,LOUISVILLE METRO POLICE DEPT,Accepted,JEFFERSON,,3617,POWELL,AVE,,,,,CAMDEN,,CARLISLE,38.193606859,-85.791025620,0.555,3/12/2022 12:00:00 AM,0506,5,5,0,0,CLEAR,DRY,True,1 VEHICLE PARKED POSITION (NOT PARKING LOT/DRIVEWAY),REAR END,STRAIGHT & LEVEL,DARK-HWY LIGHTED/ON,,,3/14/2022 9:16:51 AM,False,5131,Accepted,
29811948,0568000,LOUISVILLE METRO POLICE DEPT,Accepted,JEFFERSON,I 0065,,I65 S,,,I 0065,I65 S EXIT127 OFF RAMP TO KY1065,,,,,38.157214873,-85.718307064,128.252,3/12/2022 12:00:00 AM,1340,2,2,0,0,CLEAR,DRY,False,SIDESWIPE-SAME DIRECTION,SIDESWIPE-SAME DIRECTION,STRAIGHT & LEVEL,DAYLIGHT,,,3/14/2022 9:18:02 AM,False,5101,Accepted,
29811955,0568000,LOUISVILLE METRO POLICE DEPT,Accepted,JEFFERSON,,,16TH,ST,S,US0150,BROADWAY,,,,,38.248467786,-85.778209745,0.726,3/12/2022 12:00:00 AM,1115,2,2,0,2,CLEAR,DRY,False,ANGLE COLLISION - OTHER,ANGLE,STRAIGHT & HILLCREST,DAYLIGHT,,,3/14/2022 9:18:46 AM,False,5403,Accepted,
29831824,0568000,LOUISVILLE METRO POLICE DEPT,Accepted,JEFFERSON,KY1450,8406,BLUE LICK,RD,,,,,,,,38.127450911,-85.689490305,2.949,3/12/2022 12:00:00 AM,0200,2,2,0,0,CLEAR,SNOW/SLUSH,True,1 VEHICLE PARKED POSITION (NOT PARKING LOT/DRIVEWAY),HEAD ON,STRAIGHT & LEVEL,DARK-HWY NOT LIGHTED,,,3/18/2022 11:50:48 AM,False,5314,Accepted,
29826484,0568000,LOUISVILLE METRO POLICE DEPT,Accepted,JEFFERSON,KY1819,6501,BILLTOWN,RD,,,,,,,,38.150227549,-85.548818498,5.485,3/12/2022 12:00:00 AM,2349,1,1,0,1,CLEAR,DRY,False,COLLISION WITH FIXED OBJECT NON - INTERSECTION - FIRST EVENT COLLISION 09 - 32 EXCLUDING 16,SINGLE VEHICLE,CURVE & LEVEL,DARK-HWY NOT LIGHTED,,,3/17/2022 8:17:26 AM,False,7106,Accepted,
29826481,0568000,LOUISVILLE METRO POLICE DEPT,Accepted,JEFFERSON,KY1931,8127,ST ANDREWS CHURCH,RD,,,WOODY,,,,,38.145554542,-85.832343094,3.587,3/11/2022 12:00:00 AM,1000,1,1,0,1,CLEAR,DRY,False,OTHER INTERSECTION COLLISIONS,SINGLE VEHICLE,STRAIGHT & LEVEL,DAYLIGHT,,,3/17/2022 8:17:11 AM,False,5100,Accepted,
29831038,0568000,LOUISVILLE METRO POLICE DEPT,Accepted,JEFFERSON,KY0061,,PRESTON,ST,S,,,,,,,38.214800054,-85.742665053,10.106,3/11/2022 12:00:00 AM,1800,2,2,0,0,SNOWING,SNOW/SLUSH,False,SIDESWIPE COLLISION - SAME DIRECTION,SIDESWIPE-SAME DIRECTION,STRAIGHT & LEVEL,DAYLIGHT,,,3/18/2022 8:22:00 AM,False,7462,Accepted,
29850398,0568000,LOUISVILLE METRO POLICE DEPT,Accepted,JEFFERSON,I 0065,,I65 S,,,,,I 0065,I65 S EXIT127 OFF RAMP TO KY1065,I 0065,I65 S EXIT127 ON RAMP FROM KY1065,38.137388004,-85.707331823,126.758,3/11/2022 12:00:00 AM,1750,2,2,0,0,SLEET HAIL FREEZING RAIN,WET,False,REAR END IN TRAFFIC LANES BOTH VEHICLES MOVING,REAR END,STRAIGHT & LEVEL,DAYLIGHT,,,3/23/2022 7:46:30 AM,False,2506,Accepted,
29811901,0568000,LOUISVILLE METRO POLICE DEPT,Accepted,JEFFERSON,,3329,LINWOOD,AVE,,,,,,,,38.222752007,-85.812134361,0.118,3/11/2022 12:00:00 AM,1515,2,2,0,0,CLEAR,DRY,False,1 VEHICLE PARKED POSITION (NOT PARKING LOT/DRIVEWAY),SIDESWIPE-OPPOSITE DIRECTION,STRAIGHT & LEVEL,DAYLIGHT,,,3/14/2022 9:10:50 AM,False,7467,Accepted,
29811902,0568000,LOUISVILLE METRO POLICE DEPT,Accepted,JEFFERSON,,2730,M,ST,,,,,,,,38.209088776,-85.765070849,0.414,3/11/2022 12:00:00 AM,0728,2,2,0,0,CLEAR,DRY,True,SIDESWIPE COLLISION - OPPOSITE DIRECTION,SIDESWIPE-OPPOSITE DIRECTION,STRAIGHT & LEVEL,DAYLIGHT,,,3/14/2022 9:11:01 AM,False,7402,Accepted,
29811903,0568000,LOUISVILLE METRO POLICE DEPT,Accepted,JEFFERSON,I 0265,,I265 W,,,,,,,,,38.140456821,-85.588651752,16.987,3/11/2022 12:00:00 AM,1800,2,2,0,0,SNOWING,WET,True,SIDESWIPE COLLISION - SAME DIRECTION,SIDESWIPE-SAME DIRECTION,STRAIGHT & GRADE,DAYLIGHT,,,3/14/2022 9:11:15 AM,False,2321,Accepted,
29811909,0568000,LOUISVILLE METRO POLICE DEPT,Accepted,JEFFERSON,I 0264,,,,,,,,,,,38.187196174,-85.788553124,0.349,3/11/2022 12:00:00 AM,1616,2,2,0,0,CLOUDY,DRY,False,OTHER RAMP RELATED COLLISIONS NOT LISTED ABOVE,REAR END,CURVE & GRADE,DAYLIGHT,KY1865,I 0264,3/14/2022 9:12:19 AM,False,7257,Accepted,
29811911,0568000,LOUISVILLE METRO POLICE DEPT,Accepted,JEFFERSON,US0031E,,BUECHEL,BYP,,KY2251,KY2251 CROSSOVER,,,,,38.190396289,-85.644503417,9.887,3/11/2022 12:00:00 AM,1622,2,2,0,0,CLEAR,DRY,False,SIDESWIPE-SAME DIRECTION,SIDESWIPE-SAME DIRECTION,STRAIGHT & LEVEL,DAYLIGHT,,,3/14/2022 9:12:44 AM,False,7864,Accepted,
29804335,0560400,SHIVELY POLICE DEPARTMENT,Accepted,JEFFERSON,US0031W,4700,DIXIE,HWY,,KY2051,ROCKFORD,,,,,38.174357630,-85.823350662,13.834,3/11/2022 12:00:00 AM,0852,2,2,0,0,CLEAR,DRY,False,ANGLE COLLISION - OTHER,ANGLE,STRAIGHT & LEVEL,DAYLIGHT,,,3/11/2022 4:36:02 PM,False,7082,Accepted,