IncidentID,AgencyORI,AgencyName,IncidentStatusDesc,County,RdwyNumber,Street,RoadwayName,StreetSfx,StreetDir,IntersectionRdwy,IntersectionRdwyName,BetweenStRdwy1,BetweenStRdwyName1,BetweenStRdwy2,BetweenStRdwyName2,Latitude,Longitude,Milepoint,CollisionDate,CollisionTime,UnitsInvolved,MotorVehiclesInvolved,NumberKilled,NumberInjured,Weather,RdwyConditionCode,HitandRun,DirAnalysisCode,MannerofCollision,RdwyCharacter,LightCondition,RampFromRdwyId,RampToRdwyId,AcceptedDate,IsSecondaryCollision,OwnerBadge,IncidentStatus,
29811882,0568000,LOUISVILLE METRO POLICE DEPT,Accepted,JEFFERSON,,,VIRGINIA,AVE,,,38TH,,,,,38.240702858,-85.816248768,1.138,3/11/2022 12:00:00 AM,1030,1,1,0,0,CLEAR,DRY,False,COLLISION WITH FIXED OBJECT IN INTERSECTION - FIRST EVENT COLLISION 09 - 32,SINGLE VEHICLE,STRAIGHT & LEVEL,DAYLIGHT,,,3/14/2022 9:08:26 AM,False,5308,Accepted,
29811889,0568000,LOUISVILLE METRO POLICE DEPT,Accepted,JEFFERSON,KY2052,,SHEPHERDSVILLE,RD,,,RANGELAND,,,,,38.164413019,-85.659864795,1.777,3/11/2022 12:00:00 AM,0738,2,2,0,0,CLEAR,DRY,False,ANGLE COLLISION - OTHER,ANGLE,STRAIGHT & LEVEL,DAYLIGHT,,,3/14/2022 9:09:25 AM,False,4693,Accepted,
29809069,0560600,WEST BUECHEL POLICE DEPT.,Accepted,JEFFERSON,US0031E,,BUECHEL,BYP,,,,,,,,38.199107836,-85.661905911,11.051,3/11/2022 12:00:00 AM,1600,2,2,0,0,CLOUDY,DRY,False,1 VEHICLE ENTERING/LEAVING ENTRANCE,ANGLE,STRAIGHT & LEVEL,DAYLIGHT,,,3/13/2022 3:56:40 PM,False,1286,Accepted,
29811879,0568000,LOUISVILLE METRO POLICE DEPT,Accepted,JEFFERSON,I 0071,,I71 S,,,,,,,,,38.317947280,-85.574043443,9.575,3/11/2022 12:00:00 AM,0855,1,1,0,1,CLEAR,DRY,False,COLLISION WITH FIXED OBJECT NON - INTERSECTION - FIRST EVENT COLLISION 09 - 32 EXCLUDING 16,SINGLE VEHICLE,STRAIGHT & LEVEL,DAYLIGHT,,,3/14/2022 9:08:04 AM,False,2346,Accepted,
29811887,0568000,LOUISVILLE METRO POLICE DEPT,Accepted,JEFFERSON,KY1450,,BLUE LICK,RD,,,KURTZ,,,,,38.107949145,-85.691749792,1.579,3/11/2022 12:00:00 AM,0846,4,4,0,4,CLEAR,DRY,False,SIDESWIPE-SAME DIRECTION,SIDESWIPE-SAME DIRECTION,STRAIGHT & LEVEL,DAYLIGHT,,,3/14/2022 9:09:17 AM,False,7040,Accepted,
29811923,0568000,LOUISVILLE METRO POLICE DEPT,Accepted,JEFFERSON,,342,HILLCREST,AVE,,,,,,,,38.259749560,-85.685345625,0.364,3/11/2022 12:00:00 AM,1120,1,1,0,0,SLEET HAIL FREEZING RAIN,WET,False,COLLISION WITH FIXED OBJECT NON - INTERSECTION - FIRST EVENT COLLISION 09 - 32 EXCLUDING 16,SINGLE VEHICLE,STRAIGHT & LEVEL,DARK-HWY LIGHTED/ON,,,3/14/2022 9:15:07 AM,False,5330,Accepted,
29811892,0568000,LOUISVILLE METRO POLICE DEPT,Accepted,JEFFERSON,,,27TH,ST,N,KY3082,BANK,,,,,38.270131665,-85.793057128,0.193,3/11/2022 12:00:00 AM,1408,2,2,0,0,CLOUDY,DRY,False,ANGLE COLLISION - OTHER,ANGLE,STRAIGHT & LEVEL,DAYLIGHT,,,3/14/2022 9:09:53 AM,False,7805,Accepted,
29811898,0568000,LOUISVILLE METRO POLICE DEPT,Accepted,JEFFERSON,KY1065,191,OUTER,LOOP,,,,,,,,38.126767569,-85.780181216,0.804,3/11/2022 12:00:00 AM,1230,2,2,0,0,CLEAR,DRY,False,1 VEHICLE ENTERING/LEAVING ENTRANCE,ANGLE,STRAIGHT & LEVEL,DAYLIGHT,,,3/14/2022 9:10:28 AM,False,7263,Accepted,
29811906,0568000,LOUISVILLE METRO POLICE DEPT,Accepted,JEFFERSON,I 0264,,I264 E,,,,,,,,,38.226770350,-85.639090589,17.729,3/11/2022 12:00:00 AM,1451,3,3,0,0,CLEAR,DRY,False,REAR END IN TRAFFIC LANES BOTH VEHICLES MOVING,REAR END,STRAIGHT & LEVEL,DAYLIGHT,,,3/14/2022 9:11:44 AM,False,6813,Accepted,
29811907,0568000,LOUISVILLE METRO POLICE DEPT,Accepted,JEFFERSON,US0060,,SHELBYVILLE,RD,,,LA FONTENAY,,,,,38.245054471,-85.559199242,8.826,3/11/2022 12:00:00 AM,1807,2,2,0,0,SNOWING,WET,False,OTHER INTERSECTION COLLISIONS,REAR END,STRAIGHT & LEVEL,DAYLIGHT,,,3/14/2022 9:12:03 AM,False,7483,Accepted,
29811914,0568000,LOUISVILLE METRO POLICE DEPT,Accepted,JEFFERSON,I 0064,,,,,,,,,,,38.258434471,-85.764322155,0.083,3/11/2022 12:00:00 AM,1212,2,2,0,0,CLEAR,DRY,False,OTHER RAMP RELATED COLLISIONS NOT LISTED ABOVE,SIDESWIPE-SAME DIRECTION,CURVE & GRADE,DAYLIGHT,US31W,I 0064,3/14/2022 9:13:27 AM,False,2764,Accepted,
29811915,0568000,LOUISVILLE METRO POLICE DEPT,Accepted,JEFFERSON,,,VALLEY STATION,RD,,,,,,,,38.106312717,-85.840548856,0.074,3/11/2022 12:00:00 AM,1631,2,2,0,1,CLEAR,DRY,False,REAR END IN TRAFFIC LANES BOTH VEHICLES MOVING,REAR END,STRAIGHT & LEVEL,DAYLIGHT,,,3/14/2022 9:13:45 AM,False,5100,Accepted,
29812326,0568000,LOUISVILLE METRO POLICE DEPT,Accepted,JEFFERSON,,2126,GREENWOOD,AVE,,,,,,,,38.240982976,-85.786985913,2.448,3/11/2022 12:00:00 AM,1836,2,1,0,0,SLEET HAIL FREEZING RAIN,WET,True,OTHER ROADWAY OR MID-BLOCK COLLISION,OPPOSING LEFT TURN,STRAIGHT & LEVEL,DUSK,,,3/14/2022 9:17:47 AM,False,5416,Accepted,
29812322,0568000,LOUISVILLE METRO POLICE DEPT,Accepted,JEFFERSON,,,ST LOUIS,AVE,,US0031W,22ND,,,,,38.233694742,-85.790892714,0.238,3/11/2022 12:00:00 AM,1734,3,1,0,0,SNOWING,WET,True,ANGLE COLLISION - OTHER,ANGLE,STRAIGHT & LEVEL,DUSK,,,3/14/2022 9:13:01 AM,False,5416,Accepted,
29816518,0568000,LOUISVILLE METRO POLICE DEPT,Accepted,JEFFERSON,I 0264,,,,,,,,,,,38.270635377,-85.808610798,0.028,3/11/2022 12:00:00 AM,1645,1,1,0,0,SNOWING,WET,False,COLLISION WITH FIXED OBJECT NON - INTERSECTION - FIRST EVENT COLLISION 09 - 32 EXCLUDING 16,SINGLE VEHICLE,CURVE & GRADE,DAYLIGHT,,,3/15/2022 8:17:51 AM,False,8278,Accepted,
29811959,0568000,LOUISVILLE METRO POLICE DEPT,Accepted,JEFFERSON,KY0864,,FEGENBUSH,LN,,KY1065,OUTER,,,,,38.138563986,-85.615661168,4.391,3/11/2022 12:00:00 AM,1449,3,3,0,1,CLEAR,DRY,False,OTHER INTERSECTION COLLISIONS,REAR END,STRAIGHT & LEVEL,DAYLIGHT,,,3/14/2022 9:19:52 AM,False,7812,Accepted,
29811900,0568000,LOUISVILLE METRO POLICE DEPT,Accepted,JEFFERSON,US0031W,,DIXIE,HWY,,,,,,,,38.018055652,-85.921407706,1.622,3/11/2022 12:00:00 AM,1710,1,1,0,0,SNOWING,WET,False,COLLISION WITH FIXED OBJECT NON - INTERSECTION - FIRST EVENT COLLISION 09 - 32 EXCLUDING 16,SINGLE VEHICLE,STRAIGHT & LEVEL,DAWN,,,3/14/2022 9:10:37 AM,False,2936,Accepted,
29811916,0568000,LOUISVILLE METRO POLICE DEPT,Accepted,JEFFERSON,,,UPPER HUNTERS,TRCE,,,FIELDING,,,,,38.168583933,-85.830145508,0.091,3/11/2022 12:00:00 AM,1811,2,2,0,1,SNOWING,SNOW/SLUSH,False,ANGLE COLLISION - OTHER,ANGLE,STRAIGHT & LEVEL,DUSK,,,3/14/2022 9:14:07 AM,False,5100,Accepted,
29811917,0568000,LOUISVILLE METRO POLICE DEPT,Accepted,JEFFERSON,US0150,,BROADWAY,,E,,BARRET,,,,,38.244212814,-85.734078786,3.727,3/11/2022 12:00:00 AM,1540,2,2,0,2,CLOUDY,DRY,False,ANGLE COLLISION - OTHER,ANGLE,STRAIGHT & GRADE,DAYLIGHT,,,3/14/2022 9:14:28 AM,False,5020,Accepted,
29811918,0568000,LOUISVILLE METRO POLICE DEPT,Accepted,JEFFERSON,I 0264,,I264 W,,,,,,,,,38.187050118,-85.789935171,8.844,3/11/2022 12:00:00 AM,0547,2,2,0,0,SNOWING,SNOW/SLUSH,True,1 VEHICLE ENTERING/LEAVING ENTRANCE,ANGLE,STRAIGHT & LEVEL,DUSK,,,3/14/2022 9:14:44 AM,False,5420,Accepted,
29811998,0568000,LOUISVILLE METRO POLICE DEPT,Accepted,JEFFERSON,,3705,STONE LAKES,DR,,,,,,,,38.191643115,-85.516375667,0.117,3/11/2022 12:00:00 AM,0750,2,2,0,0,CLOUDY,DRY,False,COLLISION IN PARKING LOT,REAR END,STRAIGHT & HILLCREST,DAYLIGHT,,,3/14/2022 9:26:05 AM,False,2583,Accepted,
29811993,0568000,LOUISVILLE METRO POLICE DEPT,Accepted,JEFFERSON,KY0841,,GENE SNYDER,FWY,,KY1020,NATIONAL,,,,,38.117841553,-85.743721690,7.886,3/11/2022 12:00:00 AM,2009,2,2,0,1,SLEET HAIL FREEZING RAIN,SNOW/SLUSH,False,OTHER INTERSECTION COLLISIONS,REAR END,STRAIGHT & LEVEL,DARK-HWY LIGHTED/ON,,,3/14/2022 9:24:57 AM,False,7115,Accepted,
29811956,0568000,LOUISVILLE METRO POLICE DEPT,Accepted,JEFFERSON,,,ST LOUIS,AVE,,US0031W,22ND,,,,,38.233744504,-85.791071133,0.246,3/11/2022 12:00:00 AM,2324,2,2,0,0,SNOWING,SNOW/SLUSH,True,ANGLE COLLISION - OTHER,ANGLE,STRAIGHT & LEVEL,DARK-HWY LIGHTED/ON,,,3/14/2022 9:18:59 AM,False,5384,Accepted,
29811957,0568000,LOUISVILLE METRO POLICE DEPT,Accepted,JEFFERSON,KY1934,,CANE RUN,RD,,CS1660F,TRAPPERS,,,,,38.203427297,-85.832019215,9.658,3/11/2022 12:00:00 AM,0630,2,2,0,0,CLEAR,DRY,False,REAR END IN TRAFFIC LANES BOTH VEHICLES MOVING,REAR END,STRAIGHT & LEVEL,DAYLIGHT,,,3/14/2022 9:19:17 AM,False,5387,Accepted,
29811924,0568000,LOUISVILLE METRO POLICE DEPT,Accepted,JEFFERSON,KY1865,,TAYLOR,BLVD,,,LEHIGH,,,,,38.180576918,-85.783325097,5.092,3/11/2022 12:00:00 AM,0800,2,2,0,0,SNOWING,WET,True,OTHER INTERSECTION COLLISIONS,REAR END,STRAIGHT & LEVEL,DARK-HWY NOT LIGHTED,,,3/14/2022 9:15:22 AM,False,5405,Accepted,
29826480,0568000,LOUISVILLE METRO POLICE DEPT,Accepted,JEFFERSON,,,RANGELAND,RD,,,BRENDA,,,,,38.166568913,-85.673034506,0.473,3/11/2022 12:00:00 AM,1821,2,2,0,1,SLEET HAIL FREEZING RAIN,WET,True,HEAD-ON COLLISION,HEAD ON,STRAIGHT & LEVEL,DAYLIGHT,,,3/17/2022 8:17:06 AM,False,5269,Accepted,
29826442,0566900,LOUISVILLE AIRPORT POLICE,Accepted,JEFFERSON,,4500,TOLL PLAZA,RD,,,,,,,,38.187859228,-85.740768810,0.080,3/11/2022 12:00:00 AM,1126,2,2,0,0,SNOWING,SNOW/SLUSH,True,COLLISION IN PARKING LOT,SIDESWIPE-SAME DIRECTION,STRAIGHT & LEVEL,OTHER,,,3/17/2022 8:08:20 AM,False,5881,Accepted,
29826456,0568000,LOUISVILLE METRO POLICE DEPT,Accepted,JEFFERSON,US0031E,,BARDSTOWN,RD,,,,,,,,38.163258227,-85.596393432,6.623,3/11/2022 12:00:00 AM,1255,2,2,0,1,CLEAR,DRY,False,1 VEHICLE ENTERING/LEAVING ENTRANCE,ANGLE,STRAIGHT & LEVEL,DAYLIGHT,,,3/17/2022 8:14:21 AM,False,7755,Accepted,
29821661,0568000,LOUISVILLE METRO POLICE DEPT,Accepted,JEFFERSON,US0031E,,BARDSTOWN,RD,,,WATTERSON,,,,,38.178852108,-85.622530870,8.416,3/11/2022 12:00:00 AM,1435,2,2,0,1,CLEAR,DRY,False,ANGLE COLLISION - OTHER,ANGLE,STRAIGHT & LEVEL,DAYLIGHT,,,3/16/2022 8:18:45 AM,False,7200,Accepted,
29816704,0561500,UNIV. OF LOUISVILLE POLICE,Accepted,JEFFERSON,,,4TH,ST,S,,BRANDEIS,,,,,38.219690922,-85.763027938,2.572,3/11/2022 12:00:00 AM,1250,2,2,0,1,CLEAR,DRY,False,OTHER INTERSECTION COLLISIONS,REAR END,STRAIGHT & LEVEL,DAYLIGHT,,,3/15/2022 9:07:01 AM,False,5650,Accepted,
29821651,0568000,LOUISVILLE METRO POLICE DEPT,Accepted,JEFFERSON,,,CARDINAL,BLVD,W,KY1020,3RD,,,,,38.220663020,-85.761178350,0.171,3/11/2022 12:00:00 AM,0116,2,2,0,1,CLEAR,DRY,False,ANGLE COLLISION - OTHER,ANGLE,STRAIGHT & LEVEL,DARK (UNKNOWN ROADWAY LIGHTING),,,3/16/2022 8:17:58 AM,False,5050,Accepted,
30063699,0560000,JEFFERSON COUNTY SHERIFF DEPT.,Accepted,JEFFERSON,I 0064,,,,,,,,,,,38.259054353,-85.754033925,0.196,3/11/2022 12:00:00 AM,0750,2,2,0,0,CLEAR,DRY,False,OTHER RAMP RELATED COLLISIONS NOT LISTED ABOVE,REAR END,STRAIGHT & GRADE,DAYLIGHT,I 0064,N  3RD ST,5/16/2022 8:40:33 AM,False,3949,Accepted,
29816709,0561500,UNIV. OF LOUISVILLE POLICE,Accepted,JEFFERSON,US0060A,,3RD,ST,S,,,,,,,38.212245672,-85.762580835,3.304,3/10/2022 12:00:00 AM,1607,2,2,0,0,CLEAR,DRY,False,1 VEHICLE ENTERING/LEAVING ENTRANCE,ANGLE,STRAIGHT & HILLCREST,DAYLIGHT,,,3/15/2022 9:07:08 AM,False,5700,Accepted,
29812020,0568000,LOUISVILLE METRO POLICE DEPT,Accepted,JEFFERSON,,,GRINSTEAD,DR,,US0031E,BARDSTOWN,,,,,38.238263092,-85.720636230,0.114,3/10/2022 12:00:00 AM,2144,2,2,0,0,CLEAR,DRY,False,COLLISION WITH PARKED VEHICLE,BACKING,STRAIGHT & LEVEL,DARK-HWY LIGHTED/ON,,,3/14/2022 9:29:56 AM,False,5250,Accepted,
29816559,0568000,LOUISVILLE METRO POLICE DEPT,Accepted,JEFFERSON,,2922,HIKES,LN,,,,,,,,38.210608690,-85.641103628,2.147,3/10/2022 12:00:00 AM,2327,2,2,0,0,CLEAR,DRY,True,COLLISION IN PARKING LOT,,STRAIGHT & LEVEL,DARK-HWY LIGHTED/ON,,,3/15/2022 8:22:28 AM,False,5332,Accepted,
29816515,0568000,LOUISVILLE METRO POLICE DEPT,Accepted,JEFFERSON,,,STRADER,AVE,,,KAHLERT,,,,,38.191310703,-85.787297288,0.216,3/10/2022 12:00:00 AM,1618,2,2,0,0,CLEAR,DRY,False,ANGLE COLLISION - OTHER,ANGLE,STRAIGHT & LEVEL,DAYLIGHT,,,3/15/2022 8:17:24 AM,False,5252,Accepted,
29816532,0568000,LOUISVILLE METRO POLICE DEPT,Accepted,JEFFERSON,,,PRESTON CROSSING,BLVD,,,COOPER CHAPEL,,,,,38.103977923,-85.670270895,0.012,3/10/2022 12:00:00 AM,0754,2,2,0,0,CLEAR,DRY,False,OTHER INTERSECTION COLLISIONS,REAR END,STRAIGHT & LEVEL,DAYLIGHT,,,3/15/2022 8:19:02 AM,False,2017,Accepted,
29802292,0568000,LOUISVILLE METRO POLICE DEPT,Accepted,JEFFERSON,,,JESSAMINE,LN,,,CANNA,,,,,38.139637043,-85.867092541,,3/10/2022 12:00:00 AM,0725,1,1,0,2,CLEAR,DRY,False,OTHER INTERSECTION COLLISIONS,SINGLE VEHICLE,STRAIGHT & LEVEL,DAYLIGHT,,,3/11/2022 7:17:05 AM,False,2311,Accepted,
29802309,0568000,LOUISVILLE METRO POLICE DEPT,Accepted,JEFFERSON,,2225,BROADWAY,,W,US0031W,22ND,,,,,38.249353235,-85.788521642,0.019,3/10/2022 12:00:00 AM,1408,2,2,0,0,CLEAR,DRY,False,COLLISION WITH PARKED VEHICLE,SIDESWIPE-SAME DIRECTION,STRAIGHT & LEVEL,DAYLIGHT,,,3/11/2022 7:17:38 AM,False,5408,Accepted,
29802310,0568000,LOUISVILLE METRO POLICE DEPT,Accepted,JEFFERSON,,,HILL,ST,W,,MCCLOSKEY,,,,,38.228195794,-85.787403887,1.668,3/10/2022 12:00:00 AM,1747,2,2,0,0,CLEAR,DRY,False,ANGLE COLLISION - OTHER,ANGLE,STRAIGHT & LEVEL,DAYLIGHT,,,3/11/2022 7:17:42 AM,False,5412,Accepted,
29802317,0568000,LOUISVILLE METRO POLICE DEPT,Accepted,JEFFERSON,,,FEGENBUSH,LN,,,BURNT PINE,,,,,38.171843845,-85.639901083,1.066,3/10/2022 12:00:00 AM,1202,2,2,0,1,CLEAR,DRY,False,ANGLE COLLISION - ONE VEHICLE TURNING LEFT,ANGLE,STRAIGHT & LEVEL,DAYLIGHT,,,3/11/2022 7:18:03 AM,False,7294,Accepted,
29802318,0568000,LOUISVILLE METRO POLICE DEPT,Accepted,JEFFERSON,US0031W,,DIXIE,HWY,,,KURZ,,,,,38.161220429,-85.832032219,12.817,3/10/2022 12:00:00 AM,1940,2,2,0,0,CLEAR,DRY,False,OTHER INTERSECTION COLLISIONS,REAR END,STRAIGHT & LEVEL,DARK-HWY NOT LIGHTED,,,3/11/2022 7:18:06 AM,False,5033,Accepted,
29797768,0568000,LOUISVILLE METRO POLICE DEPT,Accepted,JEFFERSON,I 0071,,I71 N,,,,,I 0071,I71 N EXIT2 OFF RAMP TO  ZORN AVE,I 0064,I64 N TRANSIT,38.271841464,-85.701799301,1.442,3/10/2022 12:00:00 AM,0340,1,1,0,0,CLEAR,DRY,False,OTHER ROADWAY OR MID-BLOCK COLLISION,SINGLE VEHICLE,STRAIGHT & LEVEL,DARK-HWY LIGHTED/ON,,,3/10/2022 8:10:04 AM,False,5274,Accepted,
29802311,0568000,LOUISVILLE METRO POLICE DEPT,Accepted,JEFFERSON,KY1747,,HURSTBOURNE,PKWY,S,,,KY0864,FEGENBUSH,KY1747,KY1747 CROSSOVER,38.161238762,-85.640631176,5.139,3/10/2022 12:00:00 AM,1750,2,2,0,0,CLEAR,DRY,False,REAR END IN TRAFFIC LANES BOTH VEHICLES MOVING,REAR END,STRAIGHT & HILLCREST,DAYLIGHT,,,3/11/2022 7:17:45 AM,False,7914,Accepted,
29802312,0568000,LOUISVILLE METRO POLICE DEPT,Accepted,JEFFERSON,,,MCMAHAN,BLVD,,KY0155,TAYLORSVILLE,,,,,38.219409838,-85.619571491,0.012,3/10/2022 12:00:00 AM,0746,2,2,0,0,CLEAR,DRY,True,OTHER INTERSECTION COLLISIONS,REAR END,STRAIGHT & LEVEL,DAYLIGHT,,,3/11/2022 7:17:48 AM,False,5006,Accepted,
29797773,0568000,LOUISVILLE METRO POLICE DEPT,Accepted,JEFFERSON,,2601,BROADWAY,,W,,,,,,,38.249520581,-85.794992711,0.356,3/10/2022 12:00:00 AM,0244,1,1,0,0,CLEAR,DRY,False,OTHER ROADWAY OR MID-BLOCK COLLISION,SINGLE VEHICLE,STRAIGHT & LEVEL,DARK-HWY LIGHTED/ON,,,3/10/2022 8:10:37 AM,False,5261,Accepted,
29802304,0568000,LOUISVILLE METRO POLICE DEPT,Accepted,JEFFERSON,,301,LIBRARY,PL,,,,,,,,38.244333348,-85.758154640,0.064,3/10/2022 12:00:00 AM,1309,1,1,0,0,CLEAR,DRY,False,COLLISION IN PARKING LOT,SINGLE VEHICLE,STRAIGHT & LEVEL,DAYLIGHT,,,3/11/2022 7:17:24 AM,False,5258,Accepted,
29802306,0568000,LOUISVILLE METRO POLICE DEPT,Accepted,JEFFERSON,KY1931,,GREENWOOD,RD,,US0031W,DIXIE,,,,,38.143659334,-85.840008710,3.117,3/10/2022 12:00:00 AM,1629,2,2,0,0,CLEAR,DRY,False,ANGLE COLLISION - OTHER,ANGLE,STRAIGHT & LEVEL,DAYLIGHT,,,3/11/2022 7:17:28 AM,False,7340,Accepted,
29802313,0568000,LOUISVILLE METRO POLICE DEPT,Accepted,JEFFERSON,KY1747,,FERN VALLEY,RD,,,GRADE,,,,,38.157161584,-85.731850362,0.003,3/10/2022 12:00:00 AM,1824,1,1,0,0,CLEAR,DRY,False,OTHER INTERSECTION COLLISIONS,SINGLE VEHICLE,STRAIGHT & LEVEL,DAYLIGHT,,,3/11/2022 7:17:52 AM,False,7669,Accepted,
29802321,0568000,LOUISVILLE METRO POLICE DEPT,Accepted,JEFFERSON,KY0907,,3RD ST,RD,,KY1865,NEW CUT,,,,,38.145809432,-85.775269831,6.309,3/10/2022 12:00:00 AM,2145,2,1,0,1,CLEAR,DRY,False,COLLISION WITH PEDESTRIAN IN INTERSECTION,SINGLE VEHICLE,STRAIGHT & LEVEL,DARK-HWY LIGHTED/ON,,,3/11/2022 7:18:16 AM,False,5048,Accepted,
29802322,0568000,LOUISVILLE METRO POLICE DEPT,Accepted,JEFFERSON,I 0065,,I65 S,,,,,,,,,38.206331044,-85.745687498,132.223,3/10/2022 12:00:00 AM,2029,2,2,0,0,CLEAR,DRY,False,REAR END IN TRAFFIC LANES BOTH VEHICLES MOVING,REAR END,CURVE & LEVEL,DARK-HWY LIGHTED/ON,,,3/11/2022 7:18:19 AM,False,5342,Accepted,
29799477,0560400,SHIVELY POLICE DEPARTMENT,Accepted,JEFFERSON,I 0264,7/6,I264 E,,,,,,,,,38.185412727,-85.809274811,7.687,3/10/2022 12:00:00 AM,0843,2,2,0,1,CLEAR,DRY,False,REAR END IN TRAFFIC LANES BOTH VEHICLES MOVING,REAR END,STRAIGHT & HILLCREST,DAYLIGHT,,,3/10/2022 2:54:34 PM,False,7132,Accepted,
29802307,0568000,LOUISVILLE METRO POLICE DEPT,Accepted,JEFFERSON,,6600,RIVER,RD,,,,,,,,38.317112656,-85.646652969,3.820,3/10/2022 12:00:00 AM,1515,2,2,0,2,CLEAR,DRY,False,HEAD-ON COLLISION,HEAD ON,STRAIGHT & LEVEL,DAYLIGHT,,,3/11/2022 7:17:31 AM,False,2489,Accepted,
29802308,0568000,LOUISVILLE METRO POLICE DEPT,Accepted,JEFFERSON,KY1934,,CANE RUN,RD,,KY2049,CRUMS,,,,,38.199430382,-85.837118416,9.199,3/10/2022 12:00:00 AM,1408,2,2,0,0,CLEAR,DRY,False,COLLISION WITH FIXED OBJECT IN INTERSECTION - FIRST EVENT COLLISION 09 - 32,ANGLE,STRAIGHT & LEVEL,DAYLIGHT,,,3/11/2022 7:17:35 AM,False,5280,Accepted,
29802323,0568000,LOUISVILLE METRO POLICE DEPT,Accepted,JEFFERSON,KY0061,,PRESTON,HWY,,,,,DURRETT,,STANDIFORD,38.184585663,-85.722837787,7.749,3/10/2022 12:00:00 AM,1821,2,2,0,0,CLEAR,DRY,False,COLLISION IN PARKING LOT,SIDESWIPE-SAME DIRECTION,STRAIGHT & LEVEL,DARK (UNKNOWN ROADWAY LIGHTING),,,3/11/2022 7:18:23 AM,False,5418,Accepted,
29811875,0568000,LOUISVILLE METRO POLICE DEPT,Accepted,JEFFERSON,KY0864,,POPLAR LEVEL,RD,,,NAOMI,,,,,38.165301737,-85.680367937,8.717,3/10/2022 12:00:00 AM,1643,2,2,0,1,CLEAR,DRY,False,ANGLE COLLISION - OTHER,ANGLE,STRAIGHT & LEVEL,DAYLIGHT,,,3/14/2022 9:07:51 AM,False,7431,Accepted,
29811884,0568000,LOUISVILLE METRO POLICE DEPT,Accepted,JEFFERSON,,,HANCOCK,ST,S,,MUHAMMAD ALI,,,,,38.249589907,-85.742841122,0.376,3/10/2022 12:00:00 AM,1128,2,2,0,0,CLEAR,DRY,False,ANGLE COLLISION - OTHER,ANGLE,STRAIGHT & LEVEL,DAYLIGHT,,,3/14/2022 9:08:48 AM,False,5354,Accepted,
29811890,0568000,LOUISVILLE METRO POLICE DEPT,Accepted,JEFFERSON,,,MURPHY,LN,,,OAKBROOK,,,,,38.308342346,-85.537112122,0.501,3/10/2022 12:00:00 AM,1153,2,2,0,1,CLEAR,DRY,False,ANGLE COLLISION - OTHER,ANGLE,STRAIGHT & HILLCREST,DAYLIGHT,,,3/14/2022 9:09:39 AM,False,7876,Accepted,
29802325,0568000,LOUISVILLE METRO POLICE DEPT,Accepted,JEFFERSON,KY1865,,TAYLOR,BLVD,,,CARLISLE,,,,,38.194158675,-85.783117243,6.049,3/10/2022 12:00:00 AM,1832,2,2,0,2,CLEAR,DRY,False,ANGLE COLLISION - OTHER,ANGLE,STRAIGHT & LEVEL,DUSK,,,3/11/2022 7:18:30 AM,False,7291,Accepted,
29855044,0568000,LOUISVILLE METRO POLICE DEPT,Accepted,JEFFERSON,I 0065,,I65 S,,,,,I 0065,I65 S EXIT133 ON RAMP FROM  E WARNOCK ST,I 0065,I65 S EXIT133 OFF RAMP TO  ARTHUR ST,38.212900209,-85.752791596,132.953,3/10/2022 12:00:00 AM,2313,2,2,0,2,CLEAR,DRY,False,REAR END IN TRAFFIC LANES BOTH VEHICLES MOVING,REAR END,STRAIGHT & LEVEL,DARK-HWY LIGHTED/ON,,,3/24/2022 8:36:44 AM,False,7527,Accepted,
29840443,0568000,LOUISVILLE METRO POLICE DEPT,Accepted,JEFFERSON,,1400,CENTRAL,AVE,,,,,,,,38.206870964,-85.776676225,1.073,3/10/2022 12:00:00 AM,0735,2,2,0,0,CLEAR,DRY,False,SIDESWIPE COLLISION - OPPOSITE DIRECTION,SIDESWIPE-OPPOSITE DIRECTION,STRAIGHT & LEVEL,DAYLIGHT,,,3/21/2022 8:22:36 AM,False,7046,Accepted,
29965322,0568000,LOUISVILLE METRO POLICE DEPT,Accepted,JEFFERSON,,960,4TH,ST,S,,,,,,,38.240970994,-85.759244644,1.090,3/10/2022 12:00:00 AM,1517,3,3,0,1,CLEAR,DRY,False,1 VEHICLE PARKED POSITION (NOT PARKING LOT/DRIVEWAY),REAR END,STRAIGHT & LEVEL,DAYLIGHT,,,4/21/2022 8:17:48 AM,False,5152,Accepted,
29882342,0568000,LOUISVILLE METRO POLICE DEPT,Accepted,JEFFERSON,KY1065,,OUTER,LOOP,,KY0061,PRESTON,,,,,38.138416966,-85.686219901,6.078,3/10/2022 12:00:00 AM,2105,2,2,0,0,CLEAR,DRY,False,OTHER INTERSECTION COLLISIONS,REAR END,STRAIGHT & LEVEL,DARK-HWY LIGHTED/ON,,,3/31/2022 8:21:04 AM,False,7772,Accepted,